,dlog_SOLVPN,dlog_COPPER,dlog_GOLD,dlog_SILVER,dlog_DXY,dlog_OIL,dlog_GAS,d_UST10Y,d_VIX
dlog_SOLVPN,0.40678005171423015,0.06169081738085232,0.0667003087010394,0.0691682020301157,0.0781242580282939,0.04668330995512645,0.04215126047243864,0.07303494612729587,0.15566684559060814
dlog_COPPER,0.06887578318139657,0.42954603509207734,0.07996443608548202,0.11259831582850224,0.08713977813811993,0.06935077239606169,0.03931673036737717,0.04613978374149897,0.0670683651694841
dlog_GOLD,0.06678835417439988,0.06762928427500557,0.3673338588604556,0.20435557557842782,0.08892427087904925,0.041824776052308416,0.04289469161515331,0.07122776004488615,0.04902142852031439
dlog_SILVER,0.0666802778613404,0.097485393676056,0.20025730783274634,0.37229499891073436,0.0794235531099125,0.04213170749103781,0.035196174986879755,0.05199278365609906,0.05453780247519387
dlog_DXY,0.08851550925498036,0.08036237499209505,0.09284470427420131,0.08274577956437155,0.39684707541440345,0.053529817861818936,0.0465048137520595,0.0836625270418481,0.0749873978442219
dlog_OIL,0.06837008105224565,0.07888542008569775,0.057791599162224164,0.061885752197945294,0.058945663656006224,0.49299071450561166,0.043913203464085594,0.0689619040234059,0.06825566185277748
dlog_GAS,0.06703728959351928,0.049553507772040546,0.046433044158443466,0.04633766783669732,0.05858864554157774,0.042322439400730334,0.5773641599509147,0.050869181912709345,0.061494063833367585
d_UST10Y,0.09269084227936653,0.052635433916869256,0.08397260763212988,0.06276454360662725,0.09167967423269555,0.05953723840652016,0.042479498579278394,0.4441545389399958,0.07008562240651711
d_VIX,0.17277749601276993,0.05828739141893372,0.053525433640041156,0.05720817216150029,0.06418829992913887,0.04930110499191693,0.03196917801470909,0.06243166333142593,0.45031126049956394
