,dlog_SOLVPN,dlog_COPPER,dlog_GOLD,dlog_SILVER,dlog_DXY,dlog_OIL,dlog_GAS,d_UST10Y,d_VIX
dlog_SOLVPN,0.4971292525654657,0.06735128272980513,0.07490326389106103,0.028616891506648322,0.006910064563493597,0.0985213582599218,0.022412473135104395,0.007264782482149935,0.19689063086635009
dlog_COPPER,0.04020867850048301,0.4304426801741229,0.16086719295466953,0.09958968111346991,0.004036647861424545,0.030742136045693064,0.17879795255381037,0.04829823638425882,0.007016794412067731
dlog_GOLD,0.09870428809776186,0.20499527790085617,0.3484865003091965,0.055163014666522556,0.011194698941669856,0.03704040901235544,0.14281276533455733,0.06439014450978647,0.03721290122729376
dlog_SILVER,0.023227426849395605,0.13668148191442794,0.13799843849980153,0.4994513357751811,0.0250314227520687,0.058711609489287414,0.09773166506417362,0.006842319063742603,0.014324300591921569
dlog_DXY,0.03677914597456566,0.026246904505495532,0.07144344984704014,0.0848478705341395,0.5516547350696184,0.029435360672673022,0.03047178741464424,0.08296589234237067,0.08615485363945267
dlog_OIL,0.022270125782414583,0.07518176117695607,0.040514968543845314,0.11704179111339522,0.014534998228914185,0.5923951589257505,0.05616604940767541,0.07575296080075532,0.006142186020293447
dlog_GAS,0.042109454924564964,0.22078573081665348,0.18258855306048802,0.1518811056303366,0.02897390855721136,0.05034600847825809,0.2955515294587192,0.014174785657183286,0.013588923416584884
d_UST10Y,0.04359297848290504,0.05578078962007403,0.017340012640244484,0.0631730740254174,0.08376603775622758,0.06124843379599164,0.03778266232602003,0.6177230247538563,0.019592986599263517
d_VIX,0.1914937242423701,0.03276589585273201,0.051156135263714625,0.023512841934043616,0.026665913713433447,0.05497625244140364,0.021948540062467523,0.05055457684030497,0.5469261196495301
