,dlog_SOLVPN,dlog_COPPER,dlog_GOLD,dlog_SILVER,dlog_DXY,d_UST10Y,d_VIX
dlog_SOLVPN,0.46146691930089934,0.06341213995942871,0.07322468099293826,0.07678238510081618,0.08015817638906424,0.07631586429678637,0.16863983396006724
dlog_COPPER,0.07329384814103887,0.49516164842550836,0.08883388380918886,0.12517978432790947,0.09719567999189581,0.04947368337206222,0.07086147193239692
dlog_GOLD,0.06860322774035747,0.07029004371836609,0.40929225708594846,0.2329927320642112,0.09674160379975319,0.0725774856190988,0.04950264997226454
dlog_SILVER,0.07045805068425928,0.10169043872450567,0.22692445957556442,0.40824828237009303,0.085840715341399,0.05202132164878224,0.054816731655395516
dlog_DXY,0.09091938295080892,0.08687902554788192,0.1056165655644599,0.09360363138917104,0.44926310944836434,0.09319877656181602,0.08051950853749716
d_UST10Y,0.10073929251244224,0.057723959783573454,0.08802015719404768,0.06617286472414746,0.10049790283267712,0.5095762736285386,0.07726954932457379
d_VIX,0.18605283931843022,0.060299972608615346,0.056298991043222245,0.059940204120943016,0.06726648258157182,0.06454777823102884,0.5055937320961891
