,dlog_SOLVPN,dlog_COPPER,dlog_GOLD,dlog_SILVER,dlog_DXY,d_UST10Y,d_VIX
dlog_SOLVPN,0.6427232428535591,0.09623295209653797,0.010701461604692604,0.019170976436910625,0.004094349516226349,0.01226362359565741,0.21481339389641577
dlog_COPPER,0.07299414871058654,0.5997834475307781,0.1720090759237694,0.06070449105825971,0.011104322394420139,0.05838009181642207,0.025024422565764044
dlog_GOLD,0.07890876874763127,0.21943231325046603,0.5303076430749487,0.014581635451908118,0.06279926470823458,0.06123980210356299,0.03273057266324844
dlog_SILVER,0.049237781028003656,0.09296266023834766,0.15420953426645811,0.6079084880465234,0.05841822404351221,0.011823733327677236,0.025439579049477783
dlog_DXY,0.0087264674492063,0.03287219492731614,0.07733522316767334,0.07629683680812305,0.6618699940628158,0.08167745764521339,0.06122182593965203
d_UST10Y,0.07612857429327301,0.05823034085594611,0.02601304684509815,0.06129959009445108,0.0817870387894259,0.6784422612470938,0.018099147874711837
d_VIX,0.21731996024633482,0.021077131228571418,0.032731524824705566,0.017446389104867868,0.03320796242053667,0.05519932429120369,0.6230177078837801
