,dlog_SOLVPN,dlog_COPPER,dlog_DXY,d_UST10Y,dlog_VIX
dlog_SOLVPN,1.0,0.22914266969750213,-0.3143298537370675,-0.22584040057536992,-0.5176110199406541
dlog_COPPER,0.22914266969750213,1.0,-0.3336235759595199,-0.004982398383583209,-0.22680192271018348
dlog_DXY,-0.3143298537370675,-0.3336235759595199,1.0,0.3206850698971164,0.1403307901016474
d_UST10Y,-0.22584040057536992,-0.004982398383583209,0.3206850698971164,1.0,-0.0076308126680567755
dlog_VIX,-0.5176110199406541,-0.22680192271018348,0.1403307901016474,-0.0076308126680567755,1.0
