Date,Pair,Source,Target,SOLVPN_to_X,X_to_SOLVPN,PairwiseNet_SOLVPN_to_X,SegmentID,SegmentStart,SegmentEnd,SegmentLength
2022-12-05,dlog_SOLVPN__dlog_COPPER,dlog_SOLVPN,dlog_COPPER,0.04047886787399031,0.04016997994325395,0.0003088879307363637,0,2022-12-01,2023-10-30,180.0
2022-12-06,dlog_SOLVPN__dlog_COPPER,dlog_SOLVPN,dlog_COPPER,0.038904957808646744,0.03030902846129026,0.008595929347356483,0,2022-12-01,2023-10-30,180.0
2022-12-07,dlog_SOLVPN__dlog_COPPER,dlog_SOLVPN,dlog_COPPER,0.054447737506470785,0.01046607445145788,0.0439816630550129,0,2022-12-01,2023-10-30,180.0
2022-12-08,dlog_SOLVPN__dlog_COPPER,dlog_SOLVPN,dlog_COPPER,0.06876387424580697,0.021950655306948695,0.04681321893885828,0,2022-12-01,2023-10-30,180.0
2022-12-12,dlog_SOLVPN__dlog_COPPER,dlog_SOLVPN,dlog_COPPER,0.09895362567387911,0.02295127200895429,0.07600235366492482,0,2022-12-01,2023-10-30,180.0
2022-12-13,dlog_SOLVPN__dlog_COPPER,dlog_SOLVPN,dlog_COPPER,0.09607295867917102,0.030932615441629206,0.06514034323754182,0,2022-12-01,2023-10-30,180.0
2022-12-14,dlog_SOLVPN__dlog_COPPER,dlog_SOLVPN,dlog_COPPER,0.0556633968617418,0.1139890690966621,-0.058325672234920294,0,2022-12-01,2023-10-30,180.0
2022-12-15,dlog_SOLVPN__dlog_COPPER,dlog_SOLVPN,dlog_COPPER,0.11278004111212218,0.12777965091084265,-0.014999609798720462,0,2022-12-01,2023-10-30,180.0
2022-12-19,dlog_SOLVPN__dlog_COPPER,dlog_SOLVPN,dlog_COPPER,0.07729386993052301,0.15523343342786597,-0.07793956349734296,0,2022-12-01,2023-10-30,180.0
2022-12-20,dlog_SOLVPN__dlog_COPPER,dlog_SOLVPN,dlog_COPPER,0.0977256520220772,0.1019292589597185,-0.0042036069376412966,0,2022-12-01,2023-10-30,180.0
2022-12-21,dlog_SOLVPN__dlog_COPPER,dlog_SOLVPN,dlog_COPPER,0.08915840375766788,0.04247883833740157,0.046679565420266314,0,2022-12-01,2023-10-30,180.0
2022-12-22,dlog_SOLVPN__dlog_COPPER,dlog_SOLVPN,dlog_COPPER,0.08149617564400848,0.06924482337056742,0.012251352273441055,0,2022-12-01,2023-10-30,180.0
2022-12-27,dlog_SOLVPN__dlog_COPPER,dlog_SOLVPN,dlog_COPPER,0.05659911657446714,0.09044979408903348,-0.03385067751456634,0,2022-12-01,2023-10-30,180.0
2022-12-28,dlog_SOLVPN__dlog_COPPER,dlog_SOLVPN,dlog_COPPER,0.06875394723438064,0.08152360808552657,-0.012769660851145934,0,2022-12-01,2023-10-30,180.0
2022-12-29,dlog_SOLVPN__dlog_COPPER,dlog_SOLVPN,dlog_COPPER,0.1613210269786363,0.08159094803420801,0.07973007894442828,0,2022-12-01,2023-10-30,180.0
2023-01-03,dlog_SOLVPN__dlog_COPPER,dlog_SOLVPN,dlog_COPPER,0.0722972406919822,0.07957968523159496,-0.007282444539612756,0,2022-12-01,2023-10-30,180.0
2023-01-04,dlog_SOLVPN__dlog_COPPER,dlog_SOLVPN,dlog_COPPER,0.07155522873883335,0.03349124509105737,0.03806398364777598,0,2022-12-01,2023-10-30,180.0
2023-01-05,dlog_SOLVPN__dlog_COPPER,dlog_SOLVPN,dlog_COPPER,0.09051006761129425,0.04972248436225233,0.04078758324904192,0,2022-12-01,2023-10-30,180.0
2023-01-09,dlog_SOLVPN__dlog_COPPER,dlog_SOLVPN,dlog_COPPER,0.06572257658453437,0.045735954897440326,0.019986621687094044,0,2022-12-01,2023-10-30,180.0
2023-01-10,dlog_SOLVPN__dlog_COPPER,dlog_SOLVPN,dlog_COPPER,0.05950840072646106,0.04568936110757486,0.013819039618886197,0,2022-12-01,2023-10-30,180.0
2023-01-11,dlog_SOLVPN__dlog_COPPER,dlog_SOLVPN,dlog_COPPER,0.0846814123590383,0.04830887484206618,0.036372537516972114,0,2022-12-01,2023-10-30,180.0
2023-01-12,dlog_SOLVPN__dlog_COPPER,dlog_SOLVPN,dlog_COPPER,0.030244894505191286,0.04650731573886269,-0.0162624212336714,0,2022-12-01,2023-10-30,180.0
2023-01-17,dlog_SOLVPN__dlog_COPPER,dlog_SOLVPN,dlog_COPPER,0.060914473563566496,0.05213404211994879,0.008780431443617703,0,2022-12-01,2023-10-30,180.0
2023-01-18,dlog_SOLVPN__dlog_COPPER,dlog_SOLVPN,dlog_COPPER,0.06492401563939038,0.057083363234013605,0.00784065240537677,0,2022-12-01,2023-10-30,180.0
2023-01-19,dlog_SOLVPN__dlog_COPPER,dlog_SOLVPN,dlog_COPPER,0.06561602180500946,0.045380816425142224,0.020235205379867234,0,2022-12-01,2023-10-30,180.0
2023-01-23,dlog_SOLVPN__dlog_COPPER,dlog_SOLVPN,dlog_COPPER,0.06456886566932274,0.04015298300544963,0.02441588266387311,0,2022-12-01,2023-10-30,180.0
2023-01-24,dlog_SOLVPN__dlog_COPPER,dlog_SOLVPN,dlog_COPPER,0.0603343422636602,0.039269085024452574,0.021065257239207623,0,2022-12-01,2023-10-30,180.0
2023-01-25,dlog_SOLVPN__dlog_COPPER,dlog_SOLVPN,dlog_COPPER,0.05864672102841876,0.03611554368066366,0.022531177347755102,0,2022-12-01,2023-10-30,180.0
2023-01-26,dlog_SOLVPN__dlog_COPPER,dlog_SOLVPN,dlog_COPPER,0.061771684912741535,0.03596594458342019,0.02580574032932135,0,2022-12-01,2023-10-30,180.0
2023-01-30,dlog_SOLVPN__dlog_COPPER,dlog_SOLVPN,dlog_COPPER,0.0538020877465141,0.03131711907314587,0.02248496867336823,0,2022-12-01,2023-10-30,180.0
2023-01-31,dlog_SOLVPN__dlog_COPPER,dlog_SOLVPN,dlog_COPPER,0.04943960202406773,0.034452706842879245,0.014986895181188488,0,2022-12-01,2023-10-30,180.0
2023-02-01,dlog_SOLVPN__dlog_COPPER,dlog_SOLVPN,dlog_COPPER,0.031424691899978735,0.023785427206773246,0.007639264693205489,0,2022-12-01,2023-10-30,180.0
2023-02-02,dlog_SOLVPN__dlog_COPPER,dlog_SOLVPN,dlog_COPPER,0.07195759355258806,0.013541303150096827,0.05841629040249123,0,2022-12-01,2023-10-30,180.0
2023-02-06,dlog_SOLVPN__dlog_COPPER,dlog_SOLVPN,dlog_COPPER,0.036345236905697666,0.018723505035110145,0.01762173187058752,0,2022-12-01,2023-10-30,180.0
2023-02-07,dlog_SOLVPN__dlog_COPPER,dlog_SOLVPN,dlog_COPPER,0.03208082681875507,0.009055575497974245,0.023025251320780826,0,2022-12-01,2023-10-30,180.0
2023-02-08,dlog_SOLVPN__dlog_COPPER,dlog_SOLVPN,dlog_COPPER,0.04516408605378441,0.011896887029426812,0.0332671990243576,0,2022-12-01,2023-10-30,180.0
2023-02-09,dlog_SOLVPN__dlog_COPPER,dlog_SOLVPN,dlog_COPPER,0.08997363183635054,0.0036368005265424628,0.08633683130980808,0,2022-12-01,2023-10-30,180.0
2023-02-13,dlog_SOLVPN__dlog_COPPER,dlog_SOLVPN,dlog_COPPER,0.09475135940977872,0.003574172367124233,0.09117718704265448,0,2022-12-01,2023-10-30,180.0
2023-02-14,dlog_SOLVPN__dlog_COPPER,dlog_SOLVPN,dlog_COPPER,0.0926165160112995,0.003166817716670786,0.08944969829462872,0,2022-12-01,2023-10-30,180.0
2023-02-15,dlog_SOLVPN__dlog_COPPER,dlog_SOLVPN,dlog_COPPER,0.0586210001871973,0.002336813483838857,0.05628418670335844,0,2022-12-01,2023-10-30,180.0
2023-02-16,dlog_SOLVPN__dlog_COPPER,dlog_SOLVPN,dlog_COPPER,0.06500342581717063,0.0025377497982688436,0.06246567601890178,0,2022-12-01,2023-10-30,180.0
2023-02-21,dlog_SOLVPN__dlog_COPPER,dlog_SOLVPN,dlog_COPPER,0.06746347642111232,0.010390516459584633,0.05707295996152768,0,2022-12-01,2023-10-30,180.0
2023-02-22,dlog_SOLVPN__dlog_COPPER,dlog_SOLVPN,dlog_COPPER,0.0319117900791741,0.010885829981474733,0.021025960097699366,0,2022-12-01,2023-10-30,180.0
2023-02-23,dlog_SOLVPN__dlog_COPPER,dlog_SOLVPN,dlog_COPPER,0.022995438991789102,0.02565977004256308,-0.0026643310507739777,0,2022-12-01,2023-10-30,180.0
2023-02-27,dlog_SOLVPN__dlog_COPPER,dlog_SOLVPN,dlog_COPPER,0.0215047735989434,0.016637527386097032,0.004867246212846368,0,2022-12-01,2023-10-30,180.0
2023-02-28,dlog_SOLVPN__dlog_COPPER,dlog_SOLVPN,dlog_COPPER,0.030386097772693153,0.025816931012235998,0.004569166760457155,0,2022-12-01,2023-10-30,180.0
2023-03-01,dlog_SOLVPN__dlog_COPPER,dlog_SOLVPN,dlog_COPPER,0.028039458092072356,0.02727086218607447,0.0007685959059978847,0,2022-12-01,2023-10-30,180.0
2023-03-02,dlog_SOLVPN__dlog_COPPER,dlog_SOLVPN,dlog_COPPER,0.05413201885382406,0.015100278450551133,0.039031740403272924,0,2022-12-01,2023-10-30,180.0
2023-03-06,dlog_SOLVPN__dlog_COPPER,dlog_SOLVPN,dlog_COPPER,0.049292439072377216,0.010057336144488083,0.039235102927889134,0,2022-12-01,2023-10-30,180.0
2023-03-07,dlog_SOLVPN__dlog_COPPER,dlog_SOLVPN,dlog_COPPER,0.026063218679437204,0.019281568370034214,0.0067816503094029895,0,2022-12-01,2023-10-30,180.0
2023-03-08,dlog_SOLVPN__dlog_COPPER,dlog_SOLVPN,dlog_COPPER,0.02560337765190828,0.02904288452970357,-0.0034395068777952897,0,2022-12-01,2023-10-30,180.0
2023-03-09,dlog_SOLVPN__dlog_COPPER,dlog_SOLVPN,dlog_COPPER,0.03020976726424107,0.05046533533643486,-0.02025556807219379,0,2022-12-01,2023-10-30,180.0
2023-03-13,dlog_SOLVPN__dlog_COPPER,dlog_SOLVPN,dlog_COPPER,0.012204853656054554,0.04457441579524106,-0.03236956213918651,0,2022-12-01,2023-10-30,180.0
2023-03-14,dlog_SOLVPN__dlog_COPPER,dlog_SOLVPN,dlog_COPPER,0.019044689203008027,0.04662499435819434,-0.02758030515518631,0,2022-12-01,2023-10-30,180.0
2023-03-15,dlog_SOLVPN__dlog_COPPER,dlog_SOLVPN,dlog_COPPER,0.028004715789081324,0.05963857933958296,-0.03163386355050164,0,2022-12-01,2023-10-30,180.0
2023-03-16,dlog_SOLVPN__dlog_COPPER,dlog_SOLVPN,dlog_COPPER,0.0163301383597716,0.04534717901849398,-0.02901704065872238,0,2022-12-01,2023-10-30,180.0
2023-03-20,dlog_SOLVPN__dlog_COPPER,dlog_SOLVPN,dlog_COPPER,0.01050608848866939,0.04912995562041196,-0.03862386713174257,0,2022-12-01,2023-10-30,180.0
2023-03-21,dlog_SOLVPN__dlog_COPPER,dlog_SOLVPN,dlog_COPPER,0.016044260871298108,0.06180361074078768,-0.045759349869489575,0,2022-12-01,2023-10-30,180.0
2023-03-22,dlog_SOLVPN__dlog_COPPER,dlog_SOLVPN,dlog_COPPER,0.009074226342135856,0.06246777828924579,-0.05339355194710993,0,2022-12-01,2023-10-30,180.0
2023-03-23,dlog_SOLVPN__dlog_COPPER,dlog_SOLVPN,dlog_COPPER,0.005259035119975077,0.07659357692865372,-0.07133454180867864,0,2022-12-01,2023-10-30,180.0
2023-03-27,dlog_SOLVPN__dlog_COPPER,dlog_SOLVPN,dlog_COPPER,0.0023670909255186934,0.08658941222496533,-0.08422232129944664,0,2022-12-01,2023-10-30,180.0
2023-03-28,dlog_SOLVPN__dlog_COPPER,dlog_SOLVPN,dlog_COPPER,0.0030065094667905854,0.08678349516680543,-0.08377698570001485,0,2022-12-01,2023-10-30,180.0
2023-03-29,dlog_SOLVPN__dlog_COPPER,dlog_SOLVPN,dlog_COPPER,0.0031817742358864263,0.07447166687090719,-0.07128989263502077,0,2022-12-01,2023-10-30,180.0
2023-03-30,dlog_SOLVPN__dlog_COPPER,dlog_SOLVPN,dlog_COPPER,0.002456837310795777,0.06880376763737567,-0.06634693032657989,0,2022-12-01,2023-10-30,180.0
2023-04-03,dlog_SOLVPN__dlog_COPPER,dlog_SOLVPN,dlog_COPPER,0.06560807589248735,0.09634191239494612,-0.03073383650245877,0,2022-12-01,2023-10-30,180.0
2023-04-04,dlog_SOLVPN__dlog_COPPER,dlog_SOLVPN,dlog_COPPER,0.03472739072381491,0.11011933087636645,-0.07539194015255155,0,2022-12-01,2023-10-30,180.0
2023-04-05,dlog_SOLVPN__dlog_COPPER,dlog_SOLVPN,dlog_COPPER,0.030854792077092002,0.053971795066814945,-0.023117002989722944,0,2022-12-01,2023-10-30,180.0
2023-04-10,dlog_SOLVPN__dlog_COPPER,dlog_SOLVPN,dlog_COPPER,0.01742758336371686,0.05163627677516201,-0.034208693411445154,0,2022-12-01,2023-10-30,180.0
2023-04-11,dlog_SOLVPN__dlog_COPPER,dlog_SOLVPN,dlog_COPPER,0.02753653720187929,0.0772000099178065,-0.04966347271592721,0,2022-12-01,2023-10-30,180.0
2023-04-12,dlog_SOLVPN__dlog_COPPER,dlog_SOLVPN,dlog_COPPER,0.01984669338275666,0.0743308642850231,-0.05448417090226644,0,2022-12-01,2023-10-30,180.0
2023-04-13,dlog_SOLVPN__dlog_COPPER,dlog_SOLVPN,dlog_COPPER,0.018020729355025467,0.046482636494479784,-0.028461907139454318,0,2022-12-01,2023-10-30,180.0
2023-04-17,dlog_SOLVPN__dlog_COPPER,dlog_SOLVPN,dlog_COPPER,0.016953129067813315,0.01023642994295787,0.006716699124855445,0,2022-12-01,2023-10-30,180.0
2023-04-18,dlog_SOLVPN__dlog_COPPER,dlog_SOLVPN,dlog_COPPER,0.016095857504138937,0.009270519636314903,0.006825337867824034,0,2022-12-01,2023-10-30,180.0
2023-04-19,dlog_SOLVPN__dlog_COPPER,dlog_SOLVPN,dlog_COPPER,0.01590571225360263,0.010930123845608758,0.004975588407993873,0,2022-12-01,2023-10-30,180.0
2023-04-20,dlog_SOLVPN__dlog_COPPER,dlog_SOLVPN,dlog_COPPER,0.006317749997239094,0.011641084636004188,-0.005323334638765094,0,2022-12-01,2023-10-30,180.0
2023-04-24,dlog_SOLVPN__dlog_COPPER,dlog_SOLVPN,dlog_COPPER,0.005044798063600669,0.00826092023252574,-0.003216122168925071,0,2022-12-01,2023-10-30,180.0
2023-04-25,dlog_SOLVPN__dlog_COPPER,dlog_SOLVPN,dlog_COPPER,0.014060084251942554,0.022077514071981302,-0.008017429820038748,0,2022-12-01,2023-10-30,180.0
2023-04-26,dlog_SOLVPN__dlog_COPPER,dlog_SOLVPN,dlog_COPPER,0.016929268992096597,0.016068989578439687,0.0008602794136569093,0,2022-12-01,2023-10-30,180.0
2023-04-27,dlog_SOLVPN__dlog_COPPER,dlog_SOLVPN,dlog_COPPER,0.016800770652202607,0.028254439693069497,-0.01145366904086689,0,2022-12-01,2023-10-30,180.0
2023-05-01,dlog_SOLVPN__dlog_COPPER,dlog_SOLVPN,dlog_COPPER,0.01891255087631677,0.025420307075949135,-0.006507756199632366,0,2022-12-01,2023-10-30,180.0
2023-05-02,dlog_SOLVPN__dlog_COPPER,dlog_SOLVPN,dlog_COPPER,0.06697193693263913,0.047060045123101045,0.019911891809538083,0,2022-12-01,2023-10-30,180.0
2023-05-03,dlog_SOLVPN__dlog_COPPER,dlog_SOLVPN,dlog_COPPER,0.05198157701252196,0.04739202293012975,0.004589554082392207,0,2022-12-01,2023-10-30,180.0
2023-05-04,dlog_SOLVPN__dlog_COPPER,dlog_SOLVPN,dlog_COPPER,0.05722447940314937,0.05379543506049575,0.00342904434265362,0,2022-12-01,2023-10-30,180.0
2023-05-08,dlog_SOLVPN__dlog_COPPER,dlog_SOLVPN,dlog_COPPER,0.059177310303566225,0.055552467168443836,0.003624843135122388,0,2022-12-01,2023-10-30,180.0
2023-05-09,dlog_SOLVPN__dlog_COPPER,dlog_SOLVPN,dlog_COPPER,0.058053036508050056,0.058552774742550266,-0.0004997382345002105,0,2022-12-01,2023-10-30,180.0
2023-05-10,dlog_SOLVPN__dlog_COPPER,dlog_SOLVPN,dlog_COPPER,0.08810837842507341,0.04990328593786836,0.03820509248720505,0,2022-12-01,2023-10-30,180.0
2023-05-11,dlog_SOLVPN__dlog_COPPER,dlog_SOLVPN,dlog_COPPER,0.05088186296947106,0.06887727193436065,-0.01799540896488959,0,2022-12-01,2023-10-30,180.0
2023-05-15,dlog_SOLVPN__dlog_COPPER,dlog_SOLVPN,dlog_COPPER,0.04810731292444806,0.07491240687038132,-0.026805093945933264,0,2022-12-01,2023-10-30,180.0
2023-05-16,dlog_SOLVPN__dlog_COPPER,dlog_SOLVPN,dlog_COPPER,0.05918629754235797,0.07323119042112967,-0.014044892878771705,0,2022-12-01,2023-10-30,180.0
2023-05-17,dlog_SOLVPN__dlog_COPPER,dlog_SOLVPN,dlog_COPPER,0.0777845270719968,0.0950633218920853,-0.017278794820088497,0,2022-12-01,2023-10-30,180.0
2023-05-18,dlog_SOLVPN__dlog_COPPER,dlog_SOLVPN,dlog_COPPER,0.09343924670857041,0.071701709906578,0.02173753680199242,0,2022-12-01,2023-10-30,180.0
2023-05-22,dlog_SOLVPN__dlog_COPPER,dlog_SOLVPN,dlog_COPPER,0.0915436059808451,0.07055864530269759,0.020984960678147507,0,2022-12-01,2023-10-30,180.0
2023-05-23,dlog_SOLVPN__dlog_COPPER,dlog_SOLVPN,dlog_COPPER,0.10525342282488599,0.07023046291228313,0.03502295991260286,0,2022-12-01,2023-10-30,180.0
2023-05-24,dlog_SOLVPN__dlog_COPPER,dlog_SOLVPN,dlog_COPPER,0.08763778200901665,0.08773948364627342,-0.00010170163725677084,0,2022-12-01,2023-10-30,180.0
2023-05-25,dlog_SOLVPN__dlog_COPPER,dlog_SOLVPN,dlog_COPPER,0.09971942664950134,0.08832790128409157,0.011391525365409771,0,2022-12-01,2023-10-30,180.0
2023-05-30,dlog_SOLVPN__dlog_COPPER,dlog_SOLVPN,dlog_COPPER,0.10423641849123085,0.102096601240691,0.002139817250539841,0,2022-12-01,2023-10-30,180.0
2023-05-31,dlog_SOLVPN__dlog_COPPER,dlog_SOLVPN,dlog_COPPER,0.10235541687027418,0.10767112920732855,-0.005315712337054371,0,2022-12-01,2023-10-30,180.0
2023-06-01,dlog_SOLVPN__dlog_COPPER,dlog_SOLVPN,dlog_COPPER,0.10233102605003329,0.13715188061454522,-0.034820854564511936,0,2022-12-01,2023-10-30,180.0
2023-06-05,dlog_SOLVPN__dlog_COPPER,dlog_SOLVPN,dlog_COPPER,0.10308842788110115,0.1330235141784149,-0.029935086297313757,0,2022-12-01,2023-10-30,180.0
2023-06-06,dlog_SOLVPN__dlog_COPPER,dlog_SOLVPN,dlog_COPPER,0.10835190092532819,0.13358552551748148,-0.025233624592153295,0,2022-12-01,2023-10-30,180.0
2023-06-07,dlog_SOLVPN__dlog_COPPER,dlog_SOLVPN,dlog_COPPER,0.10938770520414458,0.1301264106006158,-0.020738705396471227,0,2022-12-01,2023-10-30,180.0
2023-06-08,dlog_SOLVPN__dlog_COPPER,dlog_SOLVPN,dlog_COPPER,0.09788848111818521,0.13511802592391375,-0.03722954480572854,0,2022-12-01,2023-10-30,180.0
2023-06-12,dlog_SOLVPN__dlog_COPPER,dlog_SOLVPN,dlog_COPPER,0.07170258136335429,0.10924767814910097,-0.037545096785746676,0,2022-12-01,2023-10-30,180.0
2023-06-13,dlog_SOLVPN__dlog_COPPER,dlog_SOLVPN,dlog_COPPER,0.06763743922435467,0.1322342974706588,-0.06459685824630412,0,2022-12-01,2023-10-30,180.0
2023-06-14,dlog_SOLVPN__dlog_COPPER,dlog_SOLVPN,dlog_COPPER,0.07144853189440051,0.09487032490534505,-0.023421793010944547,0,2022-12-01,2023-10-30,180.0
2023-06-15,dlog_SOLVPN__dlog_COPPER,dlog_SOLVPN,dlog_COPPER,0.07295727479910677,0.09729733580781727,-0.0243400610087105,0,2022-12-01,2023-10-30,180.0
2023-06-20,dlog_SOLVPN__dlog_COPPER,dlog_SOLVPN,dlog_COPPER,0.06854759319515975,0.08696261529380679,-0.018415022098647038,0,2022-12-01,2023-10-30,180.0
2023-06-21,dlog_SOLVPN__dlog_COPPER,dlog_SOLVPN,dlog_COPPER,0.06091997396510198,0.07354895037565291,-0.012628976410550934,0,2022-12-01,2023-10-30,180.0
2023-06-22,dlog_SOLVPN__dlog_COPPER,dlog_SOLVPN,dlog_COPPER,0.06847037900920054,0.0784355197838344,-0.009965140774633854,0,2022-12-01,2023-10-30,180.0
2023-06-26,dlog_SOLVPN__dlog_COPPER,dlog_SOLVPN,dlog_COPPER,0.07077683888316219,0.08402818132857885,-0.013251342445416661,0,2022-12-01,2023-10-30,180.0
2023-06-27,dlog_SOLVPN__dlog_COPPER,dlog_SOLVPN,dlog_COPPER,0.06994692777045378,0.07832359928479443,-0.008376671514340656,0,2022-12-01,2023-10-30,180.0
2023-06-28,dlog_SOLVPN__dlog_COPPER,dlog_SOLVPN,dlog_COPPER,0.06750250935922808,0.08406532062157598,-0.016562811262347904,0,2022-12-01,2023-10-30,180.0
2023-06-29,dlog_SOLVPN__dlog_COPPER,dlog_SOLVPN,dlog_COPPER,0.05579439309654022,0.07171214213756151,-0.015917749041021292,0,2022-12-01,2023-10-30,180.0
2023-07-03,dlog_SOLVPN__dlog_COPPER,dlog_SOLVPN,dlog_COPPER,0.060842057607719074,0.07421785898284271,-0.013375801375123633,0,2022-12-01,2023-10-30,180.0
2023-07-05,dlog_SOLVPN__dlog_COPPER,dlog_SOLVPN,dlog_COPPER,0.06247969610136451,0.06608113546873175,-0.0036014393673672387,0,2022-12-01,2023-10-30,180.0
2023-07-06,dlog_SOLVPN__dlog_COPPER,dlog_SOLVPN,dlog_COPPER,0.0562509875838668,0.06599429139733916,-0.00974330381347236,0,2022-12-01,2023-10-30,180.0
2023-07-10,dlog_SOLVPN__dlog_COPPER,dlog_SOLVPN,dlog_COPPER,0.05522204915648433,0.06292851163816868,-0.007706462481684349,0,2022-12-01,2023-10-30,180.0
2023-07-11,dlog_SOLVPN__dlog_COPPER,dlog_SOLVPN,dlog_COPPER,0.05263894075308667,0.05885998484200684,-0.006221044088920172,0,2022-12-01,2023-10-30,180.0
2023-07-12,dlog_SOLVPN__dlog_COPPER,dlog_SOLVPN,dlog_COPPER,0.07364101372165932,0.06295907557938742,0.010681938142271905,0,2022-12-01,2023-10-30,180.0
2023-07-13,dlog_SOLVPN__dlog_COPPER,dlog_SOLVPN,dlog_COPPER,0.0801490946091967,0.061199307546518054,0.018949787062678643,0,2022-12-01,2023-10-30,180.0
2023-07-17,dlog_SOLVPN__dlog_COPPER,dlog_SOLVPN,dlog_COPPER,0.08949538109339343,0.11628889892806603,-0.026793517834672598,0,2022-12-01,2023-10-30,180.0
2023-07-18,dlog_SOLVPN__dlog_COPPER,dlog_SOLVPN,dlog_COPPER,0.08728809214580399,0.1133834963358342,-0.026095404190030203,0,2022-12-01,2023-10-30,180.0
2023-07-19,dlog_SOLVPN__dlog_COPPER,dlog_SOLVPN,dlog_COPPER,0.08165802287139078,0.1070708298576952,-0.025412806986304423,0,2022-12-01,2023-10-30,180.0
2023-07-20,dlog_SOLVPN__dlog_COPPER,dlog_SOLVPN,dlog_COPPER,0.07640772943341245,0.06379288074740096,0.012614848686011496,0,2022-12-01,2023-10-30,180.0
2023-07-24,dlog_SOLVPN__dlog_COPPER,dlog_SOLVPN,dlog_COPPER,0.07067672056872305,0.09506489418303771,-0.024388173614314654,0,2022-12-01,2023-10-30,180.0
2023-07-25,dlog_SOLVPN__dlog_COPPER,dlog_SOLVPN,dlog_COPPER,0.08036438575801887,0.10713820579384636,-0.026773820035827497,0,2022-12-01,2023-10-30,180.0
2023-07-26,dlog_SOLVPN__dlog_COPPER,dlog_SOLVPN,dlog_COPPER,0.08124049287200548,0.093703962714578,-0.012463469842572517,0,2022-12-01,2023-10-30,180.0
2023-07-27,dlog_SOLVPN__dlog_COPPER,dlog_SOLVPN,dlog_COPPER,0.08286986533009505,0.07360986932170802,0.009259996008387034,0,2022-12-01,2023-10-30,180.0
2023-07-31,dlog_SOLVPN__dlog_COPPER,dlog_SOLVPN,dlog_COPPER,0.10161954471198163,0.11641250532438853,-0.014792960612406897,0,2022-12-01,2023-10-30,180.0
2023-08-01,dlog_SOLVPN__dlog_COPPER,dlog_SOLVPN,dlog_COPPER,0.09451944348910879,0.11754300516683022,-0.023023561677721432,0,2022-12-01,2023-10-30,180.0
2023-08-02,dlog_SOLVPN__dlog_COPPER,dlog_SOLVPN,dlog_COPPER,0.12184718664723977,0.12924838961025487,-0.007401202963015094,0,2022-12-01,2023-10-30,180.0
2023-08-03,dlog_SOLVPN__dlog_COPPER,dlog_SOLVPN,dlog_COPPER,0.11128039642542828,0.12057518014528806,-0.009294783719859784,0,2022-12-01,2023-10-30,180.0
2023-08-07,dlog_SOLVPN__dlog_COPPER,dlog_SOLVPN,dlog_COPPER,0.10352001026166632,0.11579699993216032,-0.012276989670493996,0,2022-12-01,2023-10-30,180.0
2023-08-08,dlog_SOLVPN__dlog_COPPER,dlog_SOLVPN,dlog_COPPER,0.12417973210157855,0.12768491066102602,-0.003505178559447472,0,2022-12-01,2023-10-30,180.0
2023-08-09,dlog_SOLVPN__dlog_COPPER,dlog_SOLVPN,dlog_COPPER,0.1242390003196305,0.12627268476755651,-0.0020336844479260097,0,2022-12-01,2023-10-30,180.0
2023-08-10,dlog_SOLVPN__dlog_COPPER,dlog_SOLVPN,dlog_COPPER,0.1212918636128444,0.1262794814115563,-0.004987617798711888,0,2022-12-01,2023-10-30,180.0
2023-08-14,dlog_SOLVPN__dlog_COPPER,dlog_SOLVPN,dlog_COPPER,0.12354007064180322,0.12606386775212047,-0.0025237971103172496,0,2022-12-01,2023-10-30,180.0
2023-08-15,dlog_SOLVPN__dlog_COPPER,dlog_SOLVPN,dlog_COPPER,0.1271724530173866,0.12542194194034553,0.0017505110770410781,0,2022-12-01,2023-10-30,180.0
2023-08-16,dlog_SOLVPN__dlog_COPPER,dlog_SOLVPN,dlog_COPPER,0.12224705236755093,0.14526881782274373,-0.0230217654551928,0,2022-12-01,2023-10-30,180.0
2023-08-17,dlog_SOLVPN__dlog_COPPER,dlog_SOLVPN,dlog_COPPER,0.13534101206144128,0.14389198626087735,-0.008550974199436068,0,2022-12-01,2023-10-30,180.0
2023-08-21,dlog_SOLVPN__dlog_COPPER,dlog_SOLVPN,dlog_COPPER,0.13256584607315175,0.14803426446121537,-0.01546841838806362,0,2022-12-01,2023-10-30,180.0
2023-08-22,dlog_SOLVPN__dlog_COPPER,dlog_SOLVPN,dlog_COPPER,0.12112196352518141,0.13529016398547414,-0.014168200460292726,0,2022-12-01,2023-10-30,180.0
2023-08-23,dlog_SOLVPN__dlog_COPPER,dlog_SOLVPN,dlog_COPPER,0.11814340431255636,0.15675983006319819,-0.03861642575064182,0,2022-12-01,2023-10-30,180.0
2023-08-24,dlog_SOLVPN__dlog_COPPER,dlog_SOLVPN,dlog_COPPER,0.13113224475260016,0.14045729314095695,-0.009325048388356794,0,2022-12-01,2023-10-30,180.0
2023-08-28,dlog_SOLVPN__dlog_COPPER,dlog_SOLVPN,dlog_COPPER,0.1258722057115033,0.1255818375251299,0.00029036818637337425,0,2022-12-01,2023-10-30,180.0
2023-08-29,dlog_SOLVPN__dlog_COPPER,dlog_SOLVPN,dlog_COPPER,0.12619420406971738,0.12576538896245693,0.0004288151072604496,0,2022-12-01,2023-10-30,180.0
2023-08-30,dlog_SOLVPN__dlog_COPPER,dlog_SOLVPN,dlog_COPPER,0.12297103967008712,0.13247536119302766,-0.009504321522940548,0,2022-12-01,2023-10-30,180.0
2023-08-31,dlog_SOLVPN__dlog_COPPER,dlog_SOLVPN,dlog_COPPER,0.12442950777314368,0.13037008485346271,-0.005940577080319032,0,2022-12-01,2023-10-30,180.0
2023-09-05,dlog_SOLVPN__dlog_COPPER,dlog_SOLVPN,dlog_COPPER,0.12090780285542412,0.123583387968561,-0.002675585113136883,0,2022-12-01,2023-10-30,180.0
2023-09-06,dlog_SOLVPN__dlog_COPPER,dlog_SOLVPN,dlog_COPPER,0.11298197247360518,0.12231589442701292,-0.009333921953407737,0,2022-12-01,2023-10-30,180.0
2023-09-07,dlog_SOLVPN__dlog_COPPER,dlog_SOLVPN,dlog_COPPER,0.11095005231322394,0.12364036162787602,-0.012690309314652079,0,2022-12-01,2023-10-30,180.0
2023-09-11,dlog_SOLVPN__dlog_COPPER,dlog_SOLVPN,dlog_COPPER,0.10476262023951563,0.11437192162962555,-0.009609301390109917,0,2022-12-01,2023-10-30,180.0
2023-09-12,dlog_SOLVPN__dlog_COPPER,dlog_SOLVPN,dlog_COPPER,0.10649379576276714,0.10116997020976161,0.0053238255530055345,0,2022-12-01,2023-10-30,180.0
2023-09-13,dlog_SOLVPN__dlog_COPPER,dlog_SOLVPN,dlog_COPPER,0.106279905430462,0.10130241485940762,0.0049774905710543715,0,2022-12-01,2023-10-30,180.0
2023-09-14,dlog_SOLVPN__dlog_COPPER,dlog_SOLVPN,dlog_COPPER,0.10670870033465985,0.10533915178593255,0.001369548548727298,0,2022-12-01,2023-10-30,180.0
2023-09-18,dlog_SOLVPN__dlog_COPPER,dlog_SOLVPN,dlog_COPPER,0.10641014313928658,0.10355831329623584,0.0028518298430507405,0,2022-12-01,2023-10-30,180.0
2023-09-19,dlog_SOLVPN__dlog_COPPER,dlog_SOLVPN,dlog_COPPER,0.11397696192256049,0.11716400725682508,-0.0031870453342645877,0,2022-12-01,2023-10-30,180.0
2023-09-20,dlog_SOLVPN__dlog_COPPER,dlog_SOLVPN,dlog_COPPER,0.11337922529089912,0.1169316101503269,-0.0035523848594277707,0,2022-12-01,2023-10-30,180.0
2023-09-21,dlog_SOLVPN__dlog_COPPER,dlog_SOLVPN,dlog_COPPER,0.13598952121507002,0.11503738053849123,0.020952140676578787,0,2022-12-01,2023-10-30,180.0
2023-09-25,dlog_SOLVPN__dlog_COPPER,dlog_SOLVPN,dlog_COPPER,0.11455788314770923,0.10303294337541728,0.01152493977229195,0,2022-12-01,2023-10-30,180.0
2023-09-26,dlog_SOLVPN__dlog_COPPER,dlog_SOLVPN,dlog_COPPER,0.10337555622590963,0.08048287285036626,0.02289268337554337,0,2022-12-01,2023-10-30,180.0
2023-09-27,dlog_SOLVPN__dlog_COPPER,dlog_SOLVPN,dlog_COPPER,0.10285056725708974,0.08058221705849122,0.02226835019859852,0,2022-12-01,2023-10-30,180.0
2023-09-28,dlog_SOLVPN__dlog_COPPER,dlog_SOLVPN,dlog_COPPER,0.09590081583515507,0.08953427096442955,0.006366544870725521,0,2022-12-01,2023-10-30,180.0
2023-10-02,dlog_SOLVPN__dlog_COPPER,dlog_SOLVPN,dlog_COPPER,0.10752378360949723,0.10392535414368866,0.0035984294658085725,0,2022-12-01,2023-10-30,180.0
2023-10-03,dlog_SOLVPN__dlog_COPPER,dlog_SOLVPN,dlog_COPPER,0.11707467302848476,0.1082074549334778,0.008867218095006957,0,2022-12-01,2023-10-30,180.0
2023-10-04,dlog_SOLVPN__dlog_COPPER,dlog_SOLVPN,dlog_COPPER,0.11242644925730881,0.0945156221650869,0.017910827092221915,0,2022-12-01,2023-10-30,180.0
2023-10-05,dlog_SOLVPN__dlog_COPPER,dlog_SOLVPN,dlog_COPPER,0.09854195338021166,0.07134920836193961,0.02719274501827204,0,2022-12-01,2023-10-30,180.0
2023-10-10,dlog_SOLVPN__dlog_COPPER,dlog_SOLVPN,dlog_COPPER,0.09818729420132408,0.06273946217372267,0.035447832027601406,0,2022-12-01,2023-10-30,180.0
2023-10-11,dlog_SOLVPN__dlog_COPPER,dlog_SOLVPN,dlog_COPPER,0.07203890326019245,0.04374116428552714,0.02829773897466531,0,2022-12-01,2023-10-30,180.0
2023-10-12,dlog_SOLVPN__dlog_COPPER,dlog_SOLVPN,dlog_COPPER,0.07346903627183565,0.04916625740105415,0.0243027788707815,0,2022-12-01,2023-10-30,180.0
2023-10-16,dlog_SOLVPN__dlog_COPPER,dlog_SOLVPN,dlog_COPPER,0.08868738244582901,0.057537113231640624,0.031150269214188384,0,2022-12-01,2023-10-30,180.0
2023-10-17,dlog_SOLVPN__dlog_COPPER,dlog_SOLVPN,dlog_COPPER,0.07385265814227326,0.0391102761910931,0.034742381951180165,0,2022-12-01,2023-10-30,180.0
2023-10-18,dlog_SOLVPN__dlog_COPPER,dlog_SOLVPN,dlog_COPPER,0.07937652657066631,0.031302226062483486,0.04807430050818282,0,2022-12-01,2023-10-30,180.0
2023-10-19,dlog_SOLVPN__dlog_COPPER,dlog_SOLVPN,dlog_COPPER,0.06765069996721124,0.03691420291803882,0.030736497049172418,0,2022-12-01,2023-10-30,180.0
2023-10-23,dlog_SOLVPN__dlog_COPPER,dlog_SOLVPN,dlog_COPPER,0.07917245115808937,0.03814708539650986,0.04102536576157951,0,2022-12-01,2023-10-30,180.0
2023-10-24,dlog_SOLVPN__dlog_COPPER,dlog_SOLVPN,dlog_COPPER,0.07750010384608332,0.03858925217854201,0.0389108516675413,0,2022-12-01,2023-10-30,180.0
2023-10-25,dlog_SOLVPN__dlog_COPPER,dlog_SOLVPN,dlog_COPPER,0.09748597021155182,0.04420531177964193,0.05328065843190989,0,2022-12-01,2023-10-30,180.0
2023-10-26,dlog_SOLVPN__dlog_COPPER,dlog_SOLVPN,dlog_COPPER,0.075441184768351,0.06111457432791285,0.014326610440438155,0,2022-12-01,2023-10-30,180.0
2023-10-30,dlog_SOLVPN__dlog_COPPER,dlog_SOLVPN,dlog_COPPER,0.07353122556541829,0.07024931662576663,0.003281908939651662,0,2022-12-01,2023-10-30,180.0
2023-10-31,dlog_SOLVPN__dlog_COPPER,dlog_SOLVPN,dlog_COPPER,0.07382477298203233,0.053216221672220315,0.020608551309812012,1,2023-10-31,2024-07-16,140.0
2023-11-01,dlog_SOLVPN__dlog_COPPER,dlog_SOLVPN,dlog_COPPER,0.06452420407536337,0.06002193493992528,0.0045022691354380875,1,2023-10-31,2024-07-16,140.0
2023-11-02,dlog_SOLVPN__dlog_COPPER,dlog_SOLVPN,dlog_COPPER,0.046563374785266474,0.0375697316795931,0.008993643105673375,1,2023-10-31,2024-07-16,140.0
2023-11-06,dlog_SOLVPN__dlog_COPPER,dlog_SOLVPN,dlog_COPPER,0.0495041120443463,0.03920482093313745,0.01029929111120885,1,2023-10-31,2024-07-16,140.0
2023-11-07,dlog_SOLVPN__dlog_COPPER,dlog_SOLVPN,dlog_COPPER,0.06110150406241789,0.046971299925026654,0.014130204137391238,1,2023-10-31,2024-07-16,140.0
2023-11-08,dlog_SOLVPN__dlog_COPPER,dlog_SOLVPN,dlog_COPPER,0.07513019529347889,0.07132390015024323,0.0038062951432356606,1,2023-10-31,2024-07-16,140.0
2023-11-09,dlog_SOLVPN__dlog_COPPER,dlog_SOLVPN,dlog_COPPER,0.07926410204039658,0.04927702506758029,0.029987076972816287,1,2023-10-31,2024-07-16,140.0
2023-11-13,dlog_SOLVPN__dlog_COPPER,dlog_SOLVPN,dlog_COPPER,0.07413377039025847,0.04112132731931855,0.033012443070939916,1,2023-10-31,2024-07-16,140.0
2023-11-14,dlog_SOLVPN__dlog_COPPER,dlog_SOLVPN,dlog_COPPER,0.08544578481163367,0.026371632844027465,0.05907415196760621,1,2023-10-31,2024-07-16,140.0
2023-11-15,dlog_SOLVPN__dlog_COPPER,dlog_SOLVPN,dlog_COPPER,0.08914964309034794,0.04790316825390994,0.041246474836438,1,2023-10-31,2024-07-16,140.0
2023-11-16,dlog_SOLVPN__dlog_COPPER,dlog_SOLVPN,dlog_COPPER,0.08459603606551544,0.052513332375065544,0.032082703690449896,1,2023-10-31,2024-07-16,140.0
2023-11-20,dlog_SOLVPN__dlog_COPPER,dlog_SOLVPN,dlog_COPPER,0.08593922746419815,0.07936751171873399,0.0065717157454641545,1,2023-10-31,2024-07-16,140.0
2023-11-21,dlog_SOLVPN__dlog_COPPER,dlog_SOLVPN,dlog_COPPER,0.07362933047583735,0.05543006367391404,0.01819926680192331,1,2023-10-31,2024-07-16,140.0
2023-11-22,dlog_SOLVPN__dlog_COPPER,dlog_SOLVPN,dlog_COPPER,0.08492986561421095,0.04910982209492159,0.035820043519289364,1,2023-10-31,2024-07-16,140.0
2023-11-27,dlog_SOLVPN__dlog_COPPER,dlog_SOLVPN,dlog_COPPER,0.07784510265921717,0.03822304521576247,0.0396220574434547,1,2023-10-31,2024-07-16,140.0
2023-11-28,dlog_SOLVPN__dlog_COPPER,dlog_SOLVPN,dlog_COPPER,0.07963045480352232,0.04183979565737526,0.037790659146147064,1,2023-10-31,2024-07-16,140.0
2023-11-29,dlog_SOLVPN__dlog_COPPER,dlog_SOLVPN,dlog_COPPER,0.06546801445349248,0.03974928814219674,0.025718726311295743,1,2023-10-31,2024-07-16,140.0
2023-11-30,dlog_SOLVPN__dlog_COPPER,dlog_SOLVPN,dlog_COPPER,0.08597729034069389,0.037502965481158036,0.04847432485953585,1,2023-10-31,2024-07-16,140.0
2023-12-04,dlog_SOLVPN__dlog_COPPER,dlog_SOLVPN,dlog_COPPER,0.08091277951028375,0.03206727945078872,0.04884550005949503,1,2023-10-31,2024-07-16,140.0
2023-12-05,dlog_SOLVPN__dlog_COPPER,dlog_SOLVPN,dlog_COPPER,0.09257051626828262,0.032677697625968956,0.05989281864231367,1,2023-10-31,2024-07-16,140.0
2023-12-06,dlog_SOLVPN__dlog_COPPER,dlog_SOLVPN,dlog_COPPER,0.07498550956289855,0.05741676226019853,0.01756874730270002,1,2023-10-31,2024-07-16,140.0
2023-12-07,dlog_SOLVPN__dlog_COPPER,dlog_SOLVPN,dlog_COPPER,0.07140374193763095,0.05392695554789897,0.017476786389731984,1,2023-10-31,2024-07-16,140.0
2023-12-11,dlog_SOLVPN__dlog_COPPER,dlog_SOLVPN,dlog_COPPER,0.056450992020779564,0.05174349315200054,0.004707498868779025,1,2023-10-31,2024-07-16,140.0
2023-12-12,dlog_SOLVPN__dlog_COPPER,dlog_SOLVPN,dlog_COPPER,0.06808455503863999,0.04775934254579999,0.020325212492839993,1,2023-10-31,2024-07-16,140.0
2023-12-13,dlog_SOLVPN__dlog_COPPER,dlog_SOLVPN,dlog_COPPER,0.05607949382905731,0.039676164771017035,0.016403329058040275,1,2023-10-31,2024-07-16,140.0
2023-12-14,dlog_SOLVPN__dlog_COPPER,dlog_SOLVPN,dlog_COPPER,0.08999644364108027,0.03871262118966513,0.051283822451415134,1,2023-10-31,2024-07-16,140.0
2023-12-18,dlog_SOLVPN__dlog_COPPER,dlog_SOLVPN,dlog_COPPER,0.06241500155099101,0.046281396669555754,0.016133604881435254,1,2023-10-31,2024-07-16,140.0
2023-12-19,dlog_SOLVPN__dlog_COPPER,dlog_SOLVPN,dlog_COPPER,0.062416051389792754,0.05126335912425765,0.011152692265535107,1,2023-10-31,2024-07-16,140.0
2023-12-20,dlog_SOLVPN__dlog_COPPER,dlog_SOLVPN,dlog_COPPER,0.07022470251509878,0.06005244588600014,0.010172256629098646,1,2023-10-31,2024-07-16,140.0
2023-12-21,dlog_SOLVPN__dlog_COPPER,dlog_SOLVPN,dlog_COPPER,0.06745871656189015,0.06585332020513504,0.0016053963567551066,1,2023-10-31,2024-07-16,140.0
2023-12-26,dlog_SOLVPN__dlog_COPPER,dlog_SOLVPN,dlog_COPPER,0.0415361866442958,0.04534642109200926,-0.003810234447713459,1,2023-10-31,2024-07-16,140.0
2023-12-27,dlog_SOLVPN__dlog_COPPER,dlog_SOLVPN,dlog_COPPER,0.05313057000488705,0.04939558552839111,0.0037349844764959436,1,2023-10-31,2024-07-16,140.0
2023-12-28,dlog_SOLVPN__dlog_COPPER,dlog_SOLVPN,dlog_COPPER,0.049429476611831696,0.04344080598788414,0.005988670623947555,1,2023-10-31,2024-07-16,140.0
2024-01-02,dlog_SOLVPN__dlog_COPPER,dlog_SOLVPN,dlog_COPPER,0.05096133004339906,0.04500631756599665,0.005955012477402412,1,2023-10-31,2024-07-16,140.0
2024-01-03,dlog_SOLVPN__dlog_COPPER,dlog_SOLVPN,dlog_COPPER,0.06101815421326249,0.034780711957375095,0.026237442255887394,1,2023-10-31,2024-07-16,140.0
2024-01-04,dlog_SOLVPN__dlog_COPPER,dlog_SOLVPN,dlog_COPPER,0.058985052815998834,0.04576062008317553,0.013224432732823303,1,2023-10-31,2024-07-16,140.0
2024-01-08,dlog_SOLVPN__dlog_COPPER,dlog_SOLVPN,dlog_COPPER,0.05194863189539634,0.04111536019539809,0.010833271699998252,1,2023-10-31,2024-07-16,140.0
2024-01-09,dlog_SOLVPN__dlog_COPPER,dlog_SOLVPN,dlog_COPPER,0.05225634360214961,0.04404362707738072,0.00821271652476889,1,2023-10-31,2024-07-16,140.0
2024-01-10,dlog_SOLVPN__dlog_COPPER,dlog_SOLVPN,dlog_COPPER,0.05081584823589492,0.047926610662159974,0.0028892375737349443,1,2023-10-31,2024-07-16,140.0
2024-01-11,dlog_SOLVPN__dlog_COPPER,dlog_SOLVPN,dlog_COPPER,0.048120618129501795,0.045819364575181,0.0023012535543207938,1,2023-10-31,2024-07-16,140.0
2024-01-16,dlog_SOLVPN__dlog_COPPER,dlog_SOLVPN,dlog_COPPER,0.03980731623451427,0.020964398852829077,0.018842917381685195,1,2023-10-31,2024-07-16,140.0
2024-01-17,dlog_SOLVPN__dlog_COPPER,dlog_SOLVPN,dlog_COPPER,0.06982356056553012,0.03691287490951993,0.032910685656010186,1,2023-10-31,2024-07-16,140.0
2024-01-18,dlog_SOLVPN__dlog_COPPER,dlog_SOLVPN,dlog_COPPER,0.0628599576816269,0.03985024524999686,0.02300971243163004,1,2023-10-31,2024-07-16,140.0
2024-01-22,dlog_SOLVPN__dlog_COPPER,dlog_SOLVPN,dlog_COPPER,0.068113612138268,0.03691663382158123,0.031196978316686767,1,2023-10-31,2024-07-16,140.0
2024-01-23,dlog_SOLVPN__dlog_COPPER,dlog_SOLVPN,dlog_COPPER,0.06319070489989295,0.03812045267248546,0.02507025222740749,1,2023-10-31,2024-07-16,140.0
2024-01-24,dlog_SOLVPN__dlog_COPPER,dlog_SOLVPN,dlog_COPPER,0.04488173089214423,0.025605543250986948,0.01927618764115728,1,2023-10-31,2024-07-16,140.0
2024-01-25,dlog_SOLVPN__dlog_COPPER,dlog_SOLVPN,dlog_COPPER,0.0458958653722396,0.05092770624837545,-0.005031840876135847,1,2023-10-31,2024-07-16,140.0
2024-01-29,dlog_SOLVPN__dlog_COPPER,dlog_SOLVPN,dlog_COPPER,0.05303183278637103,0.056144079068604295,-0.0031122462822332636,1,2023-10-31,2024-07-16,140.0
2024-01-30,dlog_SOLVPN__dlog_COPPER,dlog_SOLVPN,dlog_COPPER,0.04187724194430269,0.052989426494212996,-0.011112184549910309,1,2023-10-31,2024-07-16,140.0
2024-01-31,dlog_SOLVPN__dlog_COPPER,dlog_SOLVPN,dlog_COPPER,0.03696711876851064,0.04088717190491442,-0.003920053136403784,1,2023-10-31,2024-07-16,140.0
2024-02-01,dlog_SOLVPN__dlog_COPPER,dlog_SOLVPN,dlog_COPPER,0.047164734987197206,0.015443818946704909,0.0317209160404923,1,2023-10-31,2024-07-16,140.0
2024-02-05,dlog_SOLVPN__dlog_COPPER,dlog_SOLVPN,dlog_COPPER,0.07349929528714945,0.025722785909029836,0.047776509378119614,1,2023-10-31,2024-07-16,140.0
2024-02-06,dlog_SOLVPN__dlog_COPPER,dlog_SOLVPN,dlog_COPPER,0.054139153570009736,0.008820279204861501,0.04531887436514823,1,2023-10-31,2024-07-16,140.0
2024-02-07,dlog_SOLVPN__dlog_COPPER,dlog_SOLVPN,dlog_COPPER,0.08158679542915918,0.007717021941591431,0.07386977348756775,1,2023-10-31,2024-07-16,140.0
2024-02-08,dlog_SOLVPN__dlog_COPPER,dlog_SOLVPN,dlog_COPPER,0.07781823619144738,0.005790122863428896,0.07202811332801849,1,2023-10-31,2024-07-16,140.0
2024-02-12,dlog_SOLVPN__dlog_COPPER,dlog_SOLVPN,dlog_COPPER,0.09115151428306513,0.006129600662254339,0.0850219136208108,1,2023-10-31,2024-07-16,140.0
2024-02-13,dlog_SOLVPN__dlog_COPPER,dlog_SOLVPN,dlog_COPPER,0.09642246424494148,0.007610627659704742,0.08881183658523674,1,2023-10-31,2024-07-16,140.0
2024-02-14,dlog_SOLVPN__dlog_COPPER,dlog_SOLVPN,dlog_COPPER,0.061921992331312264,0.008158483489341952,0.053763508841970314,1,2023-10-31,2024-07-16,140.0
2024-02-15,dlog_SOLVPN__dlog_COPPER,dlog_SOLVPN,dlog_COPPER,0.0380096678220127,0.04731781600248674,-0.00930814818047404,1,2023-10-31,2024-07-16,140.0
2024-02-20,dlog_SOLVPN__dlog_COPPER,dlog_SOLVPN,dlog_COPPER,0.05068290992331711,0.03809566161706695,0.01258724830625016,1,2023-10-31,2024-07-16,140.0
2024-02-21,dlog_SOLVPN__dlog_COPPER,dlog_SOLVPN,dlog_COPPER,0.048221959909622386,0.03855694461656139,0.009665015293060998,1,2023-10-31,2024-07-16,140.0
2024-02-22,dlog_SOLVPN__dlog_COPPER,dlog_SOLVPN,dlog_COPPER,0.07199923878660608,0.0380235584692665,0.03397568031733958,1,2023-10-31,2024-07-16,140.0
2024-02-26,dlog_SOLVPN__dlog_COPPER,dlog_SOLVPN,dlog_COPPER,0.06698113596918155,0.051923441855091075,0.015057694114090477,1,2023-10-31,2024-07-16,140.0
2024-02-27,dlog_SOLVPN__dlog_COPPER,dlog_SOLVPN,dlog_COPPER,0.06487223892584451,0.0421116222195796,0.022760616706264912,1,2023-10-31,2024-07-16,140.0
2024-02-28,dlog_SOLVPN__dlog_COPPER,dlog_SOLVPN,dlog_COPPER,0.05700950201679861,0.03919837503688753,0.01781112697991108,1,2023-10-31,2024-07-16,140.0
2024-02-29,dlog_SOLVPN__dlog_COPPER,dlog_SOLVPN,dlog_COPPER,0.05399409140743403,0.03966522248242112,0.014328868925012915,1,2023-10-31,2024-07-16,140.0
2024-03-04,dlog_SOLVPN__dlog_COPPER,dlog_SOLVPN,dlog_COPPER,0.05873093221706804,0.029972522530732373,0.028758409686335664,1,2023-10-31,2024-07-16,140.0
2024-03-05,dlog_SOLVPN__dlog_COPPER,dlog_SOLVPN,dlog_COPPER,0.049568725602803926,0.03152366021955691,0.018045065383247016,1,2023-10-31,2024-07-16,140.0
2024-03-06,dlog_SOLVPN__dlog_COPPER,dlog_SOLVPN,dlog_COPPER,0.05207557031526948,0.03343010949565103,0.018645460819618452,1,2023-10-31,2024-07-16,140.0
2024-03-07,dlog_SOLVPN__dlog_COPPER,dlog_SOLVPN,dlog_COPPER,0.03995931455080987,0.0304812448835886,0.009478069667221273,1,2023-10-31,2024-07-16,140.0
2024-03-11,dlog_SOLVPN__dlog_COPPER,dlog_SOLVPN,dlog_COPPER,0.04208161419382383,0.031177208456709977,0.010904405737113852,1,2023-10-31,2024-07-16,140.0
2024-03-12,dlog_SOLVPN__dlog_COPPER,dlog_SOLVPN,dlog_COPPER,0.04111651169409921,0.03057459674704027,0.010541914947058941,1,2023-10-31,2024-07-16,140.0
2024-03-13,dlog_SOLVPN__dlog_COPPER,dlog_SOLVPN,dlog_COPPER,0.025233016233304158,0.015740363502405097,0.00949265273089906,1,2023-10-31,2024-07-16,140.0
2024-03-14,dlog_SOLVPN__dlog_COPPER,dlog_SOLVPN,dlog_COPPER,0.03601658983582664,0.020708040554946346,0.015308549280880292,1,2023-10-31,2024-07-16,140.0
2024-03-18,dlog_SOLVPN__dlog_COPPER,dlog_SOLVPN,dlog_COPPER,0.0349796540941166,0.018320840569191997,0.016658813524924605,1,2023-10-31,2024-07-16,140.0
2024-03-19,dlog_SOLVPN__dlog_COPPER,dlog_SOLVPN,dlog_COPPER,0.02916785383316695,0.027660274812831318,0.001507579020335631,1,2023-10-31,2024-07-16,140.0
2024-03-20,dlog_SOLVPN__dlog_COPPER,dlog_SOLVPN,dlog_COPPER,0.038076355459909825,0.022607417801059057,0.015468937658850768,1,2023-10-31,2024-07-16,140.0
2024-03-21,dlog_SOLVPN__dlog_COPPER,dlog_SOLVPN,dlog_COPPER,0.0335189671971085,0.019983447810790766,0.013535519386317734,1,2023-10-31,2024-07-16,140.0
2024-03-25,dlog_SOLVPN__dlog_COPPER,dlog_SOLVPN,dlog_COPPER,0.03684934997660328,0.022550404871349204,0.014298945105254077,1,2023-10-31,2024-07-16,140.0
2024-03-26,dlog_SOLVPN__dlog_COPPER,dlog_SOLVPN,dlog_COPPER,0.036511515117132215,0.02152356470134634,0.014987950415785874,1,2023-10-31,2024-07-16,140.0
2024-03-27,dlog_SOLVPN__dlog_COPPER,dlog_SOLVPN,dlog_COPPER,0.031137568924592293,0.02494758070045874,0.006189988224133552,1,2023-10-31,2024-07-16,140.0
2024-04-01,dlog_SOLVPN__dlog_COPPER,dlog_SOLVPN,dlog_COPPER,0.04721325569495367,0.023940112736892855,0.02327314295806081,1,2023-10-31,2024-07-16,140.0
2024-04-02,dlog_SOLVPN__dlog_COPPER,dlog_SOLVPN,dlog_COPPER,0.03273257400981036,0.03344741703473892,-0.0007148430249285589,1,2023-10-31,2024-07-16,140.0
2024-04-03,dlog_SOLVPN__dlog_COPPER,dlog_SOLVPN,dlog_COPPER,0.017151548486854185,0.040657389176935024,-0.02350584069008084,1,2023-10-31,2024-07-16,140.0
2024-04-04,dlog_SOLVPN__dlog_COPPER,dlog_SOLVPN,dlog_COPPER,0.028877751057247582,0.08278046088955454,-0.05390270983230696,1,2023-10-31,2024-07-16,140.0
2024-04-08,dlog_SOLVPN__dlog_COPPER,dlog_SOLVPN,dlog_COPPER,0.02143573721426697,0.09005509050063724,-0.06861935328637028,1,2023-10-31,2024-07-16,140.0
2024-04-09,dlog_SOLVPN__dlog_COPPER,dlog_SOLVPN,dlog_COPPER,0.017607605181152827,0.07062288927533542,-0.05301528409418259,1,2023-10-31,2024-07-16,140.0
2024-04-10,dlog_SOLVPN__dlog_COPPER,dlog_SOLVPN,dlog_COPPER,0.013989502634053097,0.04384233424894241,-0.029852831614889316,1,2023-10-31,2024-07-16,140.0
2024-04-11,dlog_SOLVPN__dlog_COPPER,dlog_SOLVPN,dlog_COPPER,0.020185257859496444,0.05374679550623097,-0.03356153764673452,1,2023-10-31,2024-07-16,140.0
2024-04-15,dlog_SOLVPN__dlog_COPPER,dlog_SOLVPN,dlog_COPPER,0.035162757803604144,0.03951057308453166,-0.004347815280927515,1,2023-10-31,2024-07-16,140.0
2024-04-16,dlog_SOLVPN__dlog_COPPER,dlog_SOLVPN,dlog_COPPER,0.06267061852067918,0.06939786239673361,-0.006727243876054431,1,2023-10-31,2024-07-16,140.0
2024-04-17,dlog_SOLVPN__dlog_COPPER,dlog_SOLVPN,dlog_COPPER,0.05094383020749166,0.03381918962487393,0.01712464058261773,1,2023-10-31,2024-07-16,140.0
2024-04-18,dlog_SOLVPN__dlog_COPPER,dlog_SOLVPN,dlog_COPPER,0.062208485230463996,0.030748489076125776,0.03145999615433822,1,2023-10-31,2024-07-16,140.0
2024-04-22,dlog_SOLVPN__dlog_COPPER,dlog_SOLVPN,dlog_COPPER,0.06054733224733329,0.02494833352629052,0.03559899872104277,1,2023-10-31,2024-07-16,140.0
2024-04-23,dlog_SOLVPN__dlog_COPPER,dlog_SOLVPN,dlog_COPPER,0.06147292116965132,0.03327923222397985,0.028193688945671473,1,2023-10-31,2024-07-16,140.0
2024-04-24,dlog_SOLVPN__dlog_COPPER,dlog_SOLVPN,dlog_COPPER,0.06547318912608369,0.03204810013500278,0.033425088991080903,1,2023-10-31,2024-07-16,140.0
2024-04-25,dlog_SOLVPN__dlog_COPPER,dlog_SOLVPN,dlog_COPPER,0.04783026404141477,0.034059433792726704,0.013770830248688068,1,2023-10-31,2024-07-16,140.0
2024-04-29,dlog_SOLVPN__dlog_COPPER,dlog_SOLVPN,dlog_COPPER,0.052826662365843,0.02849776069523944,0.02432890167060356,1,2023-10-31,2024-07-16,140.0
2024-04-30,dlog_SOLVPN__dlog_COPPER,dlog_SOLVPN,dlog_COPPER,0.0822687837981499,0.059496753295493206,0.0227720305026567,1,2023-10-31,2024-07-16,140.0
2024-05-01,dlog_SOLVPN__dlog_COPPER,dlog_SOLVPN,dlog_COPPER,0.06615891344618342,0.01795172730301194,0.04820718614317149,1,2023-10-31,2024-07-16,140.0
2024-05-02,dlog_SOLVPN__dlog_COPPER,dlog_SOLVPN,dlog_COPPER,0.00987945461557095,0.006680515308285045,0.0031989393072859047,1,2023-10-31,2024-07-16,140.0
2024-05-06,dlog_SOLVPN__dlog_COPPER,dlog_SOLVPN,dlog_COPPER,0.016708758982867025,0.007936360489456633,0.008772398493410391,1,2023-10-31,2024-07-16,140.0
2024-05-07,dlog_SOLVPN__dlog_COPPER,dlog_SOLVPN,dlog_COPPER,0.014075441031773245,0.002987277281993531,0.011088163749779714,1,2023-10-31,2024-07-16,140.0
2024-05-08,dlog_SOLVPN__dlog_COPPER,dlog_SOLVPN,dlog_COPPER,0.010849319561193593,0.005028212581820471,0.005821106979373122,1,2023-10-31,2024-07-16,140.0
2024-05-09,dlog_SOLVPN__dlog_COPPER,dlog_SOLVPN,dlog_COPPER,0.01234444389168601,0.006070661794462468,0.006273782097223542,1,2023-10-31,2024-07-16,140.0
2024-05-13,dlog_SOLVPN__dlog_COPPER,dlog_SOLVPN,dlog_COPPER,0.04159068173761312,0.007860090580963791,0.03373059115664933,1,2023-10-31,2024-07-16,140.0
2024-05-14,dlog_SOLVPN__dlog_COPPER,dlog_SOLVPN,dlog_COPPER,0.03544308402955361,0.009731648395214012,0.0257114356343396,1,2023-10-31,2024-07-16,140.0
2024-05-15,dlog_SOLVPN__dlog_COPPER,dlog_SOLVPN,dlog_COPPER,0.06527550744327339,0.03398618811967969,0.031289319323593696,1,2023-10-31,2024-07-16,140.0
2024-05-16,dlog_SOLVPN__dlog_COPPER,dlog_SOLVPN,dlog_COPPER,0.013838245853296486,0.03276006067922304,-0.01892181482592655,1,2023-10-31,2024-07-16,140.0
2024-05-20,dlog_SOLVPN__dlog_COPPER,dlog_SOLVPN,dlog_COPPER,0.023283672417140612,0.032053876475170696,-0.008770204058030084,1,2023-10-31,2024-07-16,140.0
2024-05-21,dlog_SOLVPN__dlog_COPPER,dlog_SOLVPN,dlog_COPPER,0.020119616186427547,0.0333947955543881,-0.013275179367960556,1,2023-10-31,2024-07-16,140.0
2024-05-22,dlog_SOLVPN__dlog_COPPER,dlog_SOLVPN,dlog_COPPER,0.0697041872479899,0.06721560344713966,0.002488583800850236,1,2023-10-31,2024-07-16,140.0
2024-05-23,dlog_SOLVPN__dlog_COPPER,dlog_SOLVPN,dlog_COPPER,0.08023371754468006,0.05868176362563313,0.021551953919046934,1,2023-10-31,2024-07-16,140.0
2024-05-28,dlog_SOLVPN__dlog_COPPER,dlog_SOLVPN,dlog_COPPER,0.054538340703460586,0.05626524148070424,-0.0017269007772436548,1,2023-10-31,2024-07-16,140.0
2024-05-29,dlog_SOLVPN__dlog_COPPER,dlog_SOLVPN,dlog_COPPER,0.07192968056546056,0.06782062980424546,0.004109050761215108,1,2023-10-31,2024-07-16,140.0
2024-05-30,dlog_SOLVPN__dlog_COPPER,dlog_SOLVPN,dlog_COPPER,0.07174031627426812,0.026708335214175042,0.04503198106009308,1,2023-10-31,2024-07-16,140.0
2024-06-03,dlog_SOLVPN__dlog_COPPER,dlog_SOLVPN,dlog_COPPER,0.08195281104755546,0.027277928678757994,0.054674882368797466,1,2023-10-31,2024-07-16,140.0
2024-06-04,dlog_SOLVPN__dlog_COPPER,dlog_SOLVPN,dlog_COPPER,0.06563975213958531,0.022367229037282898,0.04327252310230241,1,2023-10-31,2024-07-16,140.0
2024-06-05,dlog_SOLVPN__dlog_COPPER,dlog_SOLVPN,dlog_COPPER,0.07657104181661725,0.0226202505215325,0.05395079129508475,1,2023-10-31,2024-07-16,140.0
2024-06-06,dlog_SOLVPN__dlog_COPPER,dlog_SOLVPN,dlog_COPPER,0.09407918145162927,0.02202220505685102,0.07205697639477826,1,2023-10-31,2024-07-16,140.0
2024-06-10,dlog_SOLVPN__dlog_COPPER,dlog_SOLVPN,dlog_COPPER,0.10218762511380601,0.024668669813775378,0.07751895530003064,1,2023-10-31,2024-07-16,140.0
2024-06-11,dlog_SOLVPN__dlog_COPPER,dlog_SOLVPN,dlog_COPPER,0.11773982032236034,0.029886261564900523,0.08785355875745982,1,2023-10-31,2024-07-16,140.0
2024-06-12,dlog_SOLVPN__dlog_COPPER,dlog_SOLVPN,dlog_COPPER,0.09212900509056265,0.03038188514446757,0.06174711994609508,1,2023-10-31,2024-07-16,140.0
2024-06-13,dlog_SOLVPN__dlog_COPPER,dlog_SOLVPN,dlog_COPPER,0.048615818648472996,0.04180783622275451,0.006807982425718485,1,2023-10-31,2024-07-16,140.0
2024-06-17,dlog_SOLVPN__dlog_COPPER,dlog_SOLVPN,dlog_COPPER,0.03539942872662032,0.03920635888018411,-0.0038069301535637867,1,2023-10-31,2024-07-16,140.0
2024-06-18,dlog_SOLVPN__dlog_COPPER,dlog_SOLVPN,dlog_COPPER,0.059042451038489936,0.036520923192834454,0.022521527845655483,1,2023-10-31,2024-07-16,140.0
2024-06-20,dlog_SOLVPN__dlog_COPPER,dlog_SOLVPN,dlog_COPPER,0.051075015382325964,0.028768897323491967,0.022306118058833996,1,2023-10-31,2024-07-16,140.0
2024-06-24,dlog_SOLVPN__dlog_COPPER,dlog_SOLVPN,dlog_COPPER,0.04120489672445085,0.022000665120088553,0.0192042316043623,1,2023-10-31,2024-07-16,140.0
2024-06-25,dlog_SOLVPN__dlog_COPPER,dlog_SOLVPN,dlog_COPPER,0.04723377517288084,0.03356670893772389,0.013667066235156948,1,2023-10-31,2024-07-16,140.0
2024-06-26,dlog_SOLVPN__dlog_COPPER,dlog_SOLVPN,dlog_COPPER,0.04784005857645872,0.03181073031370506,0.01602932826275366,1,2023-10-31,2024-07-16,140.0
2024-06-27,dlog_SOLVPN__dlog_COPPER,dlog_SOLVPN,dlog_COPPER,0.054470872448869195,0.027653065049358078,0.026817807399511118,1,2023-10-31,2024-07-16,140.0
2024-07-01,dlog_SOLVPN__dlog_COPPER,dlog_SOLVPN,dlog_COPPER,0.04956505335345286,0.024914819226021494,0.024650234127431368,1,2023-10-31,2024-07-16,140.0
2024-07-02,dlog_SOLVPN__dlog_COPPER,dlog_SOLVPN,dlog_COPPER,0.05732435244632468,0.021237260701646526,0.036087091744678154,1,2023-10-31,2024-07-16,140.0
2024-07-03,dlog_SOLVPN__dlog_COPPER,dlog_SOLVPN,dlog_COPPER,0.09455930307047457,0.031671006847684674,0.0628882962227899,1,2023-10-31,2024-07-16,140.0
2024-07-08,dlog_SOLVPN__dlog_COPPER,dlog_SOLVPN,dlog_COPPER,0.04194742652659086,0.07859841198848574,-0.03665098546189489,1,2023-10-31,2024-07-16,140.0
2024-07-09,dlog_SOLVPN__dlog_COPPER,dlog_SOLVPN,dlog_COPPER,0.044630429772428516,0.05028253351987186,-0.005652103747443342,1,2023-10-31,2024-07-16,140.0
2024-07-10,dlog_SOLVPN__dlog_COPPER,dlog_SOLVPN,dlog_COPPER,0.023143748660869816,0.04914476226121061,-0.026001013600340794,1,2023-10-31,2024-07-16,140.0
2024-07-11,dlog_SOLVPN__dlog_COPPER,dlog_SOLVPN,dlog_COPPER,0.0057530551565541455,0.04809738948109297,-0.042344334324538824,1,2023-10-31,2024-07-16,140.0
2024-07-15,dlog_SOLVPN__dlog_COPPER,dlog_SOLVPN,dlog_COPPER,0.027933828579421838,0.05766170170711174,-0.029727873127689902,1,2023-10-31,2024-07-16,140.0
2024-07-16,dlog_SOLVPN__dlog_COPPER,dlog_SOLVPN,dlog_COPPER,0.021889384302561894,0.052014928477161,-0.030125544174599107,1,2023-10-31,2024-07-16,140.0
2024-07-17,dlog_SOLVPN__dlog_COPPER,dlog_SOLVPN,dlog_COPPER,0.027453767812819257,0.0942439096555649,-0.06679014184274563,2,2024-07-17,2025-04-15,145.0
2024-07-18,dlog_SOLVPN__dlog_COPPER,dlog_SOLVPN,dlog_COPPER,0.003498239907124316,0.1520350239734416,-0.1485367840663173,2,2024-07-17,2025-04-15,145.0
2024-07-22,dlog_SOLVPN__dlog_COPPER,dlog_SOLVPN,dlog_COPPER,0.013428252636971524,0.04745583449759745,-0.034027581860625926,2,2024-07-17,2025-04-15,145.0
2024-07-23,dlog_SOLVPN__dlog_COPPER,dlog_SOLVPN,dlog_COPPER,0.008809407218143975,0.07659127617136513,-0.06778186895322115,2,2024-07-17,2025-04-15,145.0
2024-07-24,dlog_SOLVPN__dlog_COPPER,dlog_SOLVPN,dlog_COPPER,0.04242879888646118,0.11604566630719801,-0.07361686742073684,2,2024-07-17,2025-04-15,145.0
2024-07-25,dlog_SOLVPN__dlog_COPPER,dlog_SOLVPN,dlog_COPPER,0.012582162619892727,0.12594296314400735,-0.11336080052411462,2,2024-07-17,2025-04-15,145.0
2024-07-29,dlog_SOLVPN__dlog_COPPER,dlog_SOLVPN,dlog_COPPER,0.015451010808192715,0.12080301745661728,-0.10535200664842456,2,2024-07-17,2025-04-15,145.0
2024-07-30,dlog_SOLVPN__dlog_COPPER,dlog_SOLVPN,dlog_COPPER,0.01736745536164509,0.12154475097778758,-0.10417729561614249,2,2024-07-17,2025-04-15,145.0
2024-07-31,dlog_SOLVPN__dlog_COPPER,dlog_SOLVPN,dlog_COPPER,0.034351275808846025,0.12766665330119403,-0.093315377492348,2,2024-07-17,2025-04-15,145.0
2024-08-01,dlog_SOLVPN__dlog_COPPER,dlog_SOLVPN,dlog_COPPER,0.033841943080507156,0.11456673864905437,-0.08072479556854721,2,2024-07-17,2025-04-15,145.0
2024-08-05,dlog_SOLVPN__dlog_COPPER,dlog_SOLVPN,dlog_COPPER,0.05328630736819677,0.10093811322373616,-0.047651805855539395,2,2024-07-17,2025-04-15,145.0
2024-08-06,dlog_SOLVPN__dlog_COPPER,dlog_SOLVPN,dlog_COPPER,0.0897842940232683,0.07369312987730693,0.016091164145961373,2,2024-07-17,2025-04-15,145.0
2024-08-07,dlog_SOLVPN__dlog_COPPER,dlog_SOLVPN,dlog_COPPER,0.07204807166876936,0.09200959589424164,-0.019961524225472274,2,2024-07-17,2025-04-15,145.0
2024-08-08,dlog_SOLVPN__dlog_COPPER,dlog_SOLVPN,dlog_COPPER,0.07605049923638381,0.07860198814973549,-0.0025514889133516766,2,2024-07-17,2025-04-15,145.0
2024-08-12,dlog_SOLVPN__dlog_COPPER,dlog_SOLVPN,dlog_COPPER,0.07763622633844694,0.0622199550280732,0.015416271310373743,2,2024-07-17,2025-04-15,145.0
2024-08-13,dlog_SOLVPN__dlog_COPPER,dlog_SOLVPN,dlog_COPPER,0.08231273679016916,0.06651949966128239,0.015793237128886778,2,2024-07-17,2025-04-15,145.0
2024-08-14,dlog_SOLVPN__dlog_COPPER,dlog_SOLVPN,dlog_COPPER,0.08951913093852185,0.07778878406847746,0.011730346870044386,2,2024-07-17,2025-04-15,145.0
2024-08-15,dlog_SOLVPN__dlog_COPPER,dlog_SOLVPN,dlog_COPPER,0.10549573921723387,0.08079335786395032,0.02470238135328355,2,2024-07-17,2025-04-15,145.0
2024-08-19,dlog_SOLVPN__dlog_COPPER,dlog_SOLVPN,dlog_COPPER,0.10103010180309602,0.08470540340871742,0.016324698394378598,2,2024-07-17,2025-04-15,145.0
2024-08-20,dlog_SOLVPN__dlog_COPPER,dlog_SOLVPN,dlog_COPPER,0.10404017288008724,0.08010204176947815,0.023938131110609093,2,2024-07-17,2025-04-15,145.0
2024-08-21,dlog_SOLVPN__dlog_COPPER,dlog_SOLVPN,dlog_COPPER,0.10301286014053665,0.07106781770961666,0.03194504243091999,2,2024-07-17,2025-04-15,145.0
2024-08-22,dlog_SOLVPN__dlog_COPPER,dlog_SOLVPN,dlog_COPPER,0.09395266950516644,0.0768258501888039,0.017126819316362535,2,2024-07-17,2025-04-15,145.0
2024-08-26,dlog_SOLVPN__dlog_COPPER,dlog_SOLVPN,dlog_COPPER,0.09563699785879355,0.07195119550829006,0.023685802350503493,2,2024-07-17,2025-04-15,145.0
2024-08-27,dlog_SOLVPN__dlog_COPPER,dlog_SOLVPN,dlog_COPPER,0.07918669335306211,0.07643777640154732,0.0027489169515147877,2,2024-07-17,2025-04-15,145.0
2024-08-28,dlog_SOLVPN__dlog_COPPER,dlog_SOLVPN,dlog_COPPER,0.09029407743460671,0.08185377730691676,0.008440300127689954,2,2024-07-17,2025-04-15,145.0
2024-08-29,dlog_SOLVPN__dlog_COPPER,dlog_SOLVPN,dlog_COPPER,0.10361283114319983,0.0660078082710167,0.03760502287218313,2,2024-07-17,2025-04-15,145.0
2024-09-03,dlog_SOLVPN__dlog_COPPER,dlog_SOLVPN,dlog_COPPER,0.15097523401890423,0.0607655083572378,0.09020972566166643,2,2024-07-17,2025-04-15,145.0
2024-09-04,dlog_SOLVPN__dlog_COPPER,dlog_SOLVPN,dlog_COPPER,0.09930425025371364,0.05837340710577805,0.040930843147935596,2,2024-07-17,2025-04-15,145.0
2024-09-05,dlog_SOLVPN__dlog_COPPER,dlog_SOLVPN,dlog_COPPER,0.09982909923114147,0.06059070437193077,0.0392383948592107,2,2024-07-17,2025-04-15,145.0
2024-09-09,dlog_SOLVPN__dlog_COPPER,dlog_SOLVPN,dlog_COPPER,0.12286446255625653,0.08271457152251425,0.04014989103374228,2,2024-07-17,2025-04-15,145.0
2024-09-10,dlog_SOLVPN__dlog_COPPER,dlog_SOLVPN,dlog_COPPER,0.09132641782528238,0.08442698809260905,0.006899429732673323,2,2024-07-17,2025-04-15,145.0
2024-09-11,dlog_SOLVPN__dlog_COPPER,dlog_SOLVPN,dlog_COPPER,0.09248561761846394,0.08320078876771016,0.009284828850753782,2,2024-07-17,2025-04-15,145.0
2024-09-12,dlog_SOLVPN__dlog_COPPER,dlog_SOLVPN,dlog_COPPER,0.09094490003125581,0.07090309413562812,0.020041805895627693,2,2024-07-17,2025-04-15,145.0
2024-09-16,dlog_SOLVPN__dlog_COPPER,dlog_SOLVPN,dlog_COPPER,0.0912500442409923,0.0753946687339784,0.015855375507013894,2,2024-07-17,2025-04-15,145.0
2024-09-17,dlog_SOLVPN__dlog_COPPER,dlog_SOLVPN,dlog_COPPER,0.10159249307476759,0.0774448360590816,0.024147657015685983,2,2024-07-17,2025-04-15,145.0
2024-09-18,dlog_SOLVPN__dlog_COPPER,dlog_SOLVPN,dlog_COPPER,0.10161525414934372,0.08273652260607696,0.01887873154326676,2,2024-07-17,2025-04-15,145.0
2024-09-19,dlog_SOLVPN__dlog_COPPER,dlog_SOLVPN,dlog_COPPER,0.08876288416492051,0.08319527257136945,0.005567611593551056,2,2024-07-17,2025-04-15,145.0
2024-09-23,dlog_SOLVPN__dlog_COPPER,dlog_SOLVPN,dlog_COPPER,0.09701009469730194,0.12214098346232942,-0.025130888765027476,2,2024-07-17,2025-04-15,145.0
2024-09-24,dlog_SOLVPN__dlog_COPPER,dlog_SOLVPN,dlog_COPPER,0.14297957167647732,0.1602237493875716,-0.017244177711094294,2,2024-07-17,2025-04-15,145.0
2024-09-25,dlog_SOLVPN__dlog_COPPER,dlog_SOLVPN,dlog_COPPER,0.12682605198025546,0.11695056262800604,0.009875489352249411,2,2024-07-17,2025-04-15,145.0
2024-09-26,dlog_SOLVPN__dlog_COPPER,dlog_SOLVPN,dlog_COPPER,0.13387657226951793,0.1129851302506094,0.020891442018908538,2,2024-07-17,2025-04-15,145.0
2024-09-30,dlog_SOLVPN__dlog_COPPER,dlog_SOLVPN,dlog_COPPER,0.1364195180651162,0.10932295179028154,0.02709656627483467,2,2024-07-17,2025-04-15,145.0
2024-10-01,dlog_SOLVPN__dlog_COPPER,dlog_SOLVPN,dlog_COPPER,0.13130298154441328,0.11165774183165535,0.01964523971275793,2,2024-07-17,2025-04-15,145.0
2024-10-02,dlog_SOLVPN__dlog_COPPER,dlog_SOLVPN,dlog_COPPER,0.13265888351069874,0.11220062678730419,0.020458256723394547,2,2024-07-17,2025-04-15,145.0
2024-10-03,dlog_SOLVPN__dlog_COPPER,dlog_SOLVPN,dlog_COPPER,0.14294888810602888,0.10644928582011719,0.03649960228591169,2,2024-07-17,2025-04-15,145.0
2024-10-07,dlog_SOLVPN__dlog_COPPER,dlog_SOLVPN,dlog_COPPER,0.11803230584944772,0.11101307484852796,0.007019231000919765,2,2024-07-17,2025-04-15,145.0
2024-10-08,dlog_SOLVPN__dlog_COPPER,dlog_SOLVPN,dlog_COPPER,0.15119530688337168,0.11985128147778948,0.031344025405582204,2,2024-07-17,2025-04-15,145.0
2024-10-09,dlog_SOLVPN__dlog_COPPER,dlog_SOLVPN,dlog_COPPER,0.16454387707576335,0.11795693114603467,0.046586945929728674,2,2024-07-17,2025-04-15,145.0
2024-10-10,dlog_SOLVPN__dlog_COPPER,dlog_SOLVPN,dlog_COPPER,0.1657682526391444,0.11906593245968096,0.04670232017946345,2,2024-07-17,2025-04-15,145.0
2024-10-15,dlog_SOLVPN__dlog_COPPER,dlog_SOLVPN,dlog_COPPER,0.10877870431520141,0.11877378967207478,-0.009995085356873365,2,2024-07-17,2025-04-15,145.0
2024-10-16,dlog_SOLVPN__dlog_COPPER,dlog_SOLVPN,dlog_COPPER,0.1581600930563725,0.09118277094878109,0.0669773221075914,2,2024-07-17,2025-04-15,145.0
2024-10-17,dlog_SOLVPN__dlog_COPPER,dlog_SOLVPN,dlog_COPPER,0.14391749033498882,0.09668807526363452,0.04722941507135431,2,2024-07-17,2025-04-15,145.0
2024-10-21,dlog_SOLVPN__dlog_COPPER,dlog_SOLVPN,dlog_COPPER,0.13274674128773364,0.09552900593544317,0.037217735352290476,2,2024-07-17,2025-04-15,145.0
2024-10-22,dlog_SOLVPN__dlog_COPPER,dlog_SOLVPN,dlog_COPPER,0.13228547196837445,0.09750902194886424,0.03477645001951021,2,2024-07-17,2025-04-15,145.0
2024-10-23,dlog_SOLVPN__dlog_COPPER,dlog_SOLVPN,dlog_COPPER,0.11315258634881678,0.09212079551716063,0.021031790831656155,2,2024-07-17,2025-04-15,145.0
2024-10-24,dlog_SOLVPN__dlog_COPPER,dlog_SOLVPN,dlog_COPPER,0.11090708179153592,0.08417785972578018,0.026729222065755745,2,2024-07-17,2025-04-15,145.0
2024-10-28,dlog_SOLVPN__dlog_COPPER,dlog_SOLVPN,dlog_COPPER,0.1134763712624339,0.08901815227159206,0.024458218990841843,2,2024-07-17,2025-04-15,145.0
2024-10-29,dlog_SOLVPN__dlog_COPPER,dlog_SOLVPN,dlog_COPPER,0.1198572875114288,0.09941277992737398,0.02044450758405482,2,2024-07-17,2025-04-15,145.0
2024-10-30,dlog_SOLVPN__dlog_COPPER,dlog_SOLVPN,dlog_COPPER,0.09937763442049569,0.0941403267204411,0.00523730770005458,2,2024-07-17,2025-04-15,145.0
2024-10-31,dlog_SOLVPN__dlog_COPPER,dlog_SOLVPN,dlog_COPPER,0.11079035272531465,0.08357496550421432,0.027215387221100326,2,2024-07-17,2025-04-15,145.0
2024-11-04,dlog_SOLVPN__dlog_COPPER,dlog_SOLVPN,dlog_COPPER,0.09866327369354116,0.06932741487468264,0.02933585881885853,2,2024-07-17,2025-04-15,145.0
2024-11-05,dlog_SOLVPN__dlog_COPPER,dlog_SOLVPN,dlog_COPPER,0.10119396987714634,0.07588583362034813,0.025308136256798203,2,2024-07-17,2025-04-15,145.0
2024-11-06,dlog_SOLVPN__dlog_COPPER,dlog_SOLVPN,dlog_COPPER,0.1497136670841822,0.11742355043357704,0.032290116650605175,2,2024-07-17,2025-04-15,145.0
2024-11-07,dlog_SOLVPN__dlog_COPPER,dlog_SOLVPN,dlog_COPPER,0.19333695269445714,0.1886800142334855,0.004656938460971649,2,2024-07-17,2025-04-15,145.0
2024-11-12,dlog_SOLVPN__dlog_COPPER,dlog_SOLVPN,dlog_COPPER,0.1947460490081969,0.2301677270890111,-0.0354216780808142,2,2024-07-17,2025-04-15,145.0
2024-11-13,dlog_SOLVPN__dlog_COPPER,dlog_SOLVPN,dlog_COPPER,0.1883625319397951,0.21616831573041345,-0.02780578379061835,2,2024-07-17,2025-04-15,145.0
2024-11-14,dlog_SOLVPN__dlog_COPPER,dlog_SOLVPN,dlog_COPPER,0.19352982747074116,0.2112363067434696,-0.017706479272728448,2,2024-07-17,2025-04-15,145.0
2024-11-18,dlog_SOLVPN__dlog_COPPER,dlog_SOLVPN,dlog_COPPER,0.19949389493994765,0.19921173624022692,0.0002821586997207304,2,2024-07-17,2025-04-15,145.0
2024-11-19,dlog_SOLVPN__dlog_COPPER,dlog_SOLVPN,dlog_COPPER,0.20815277062471121,0.20616193694641063,0.0019908336783005798,2,2024-07-17,2025-04-15,145.0
2024-11-20,dlog_SOLVPN__dlog_COPPER,dlog_SOLVPN,dlog_COPPER,0.21066639667474635,0.20566924922961488,0.004997147445131467,2,2024-07-17,2025-04-15,145.0
2024-11-21,dlog_SOLVPN__dlog_COPPER,dlog_SOLVPN,dlog_COPPER,0.1688596946900683,0.18998423505096226,-0.02112454036089395,2,2024-07-17,2025-04-15,145.0
2024-11-25,dlog_SOLVPN__dlog_COPPER,dlog_SOLVPN,dlog_COPPER,0.17817405042158027,0.1937511899591551,-0.015577139537574836,2,2024-07-17,2025-04-15,145.0
2024-11-26,dlog_SOLVPN__dlog_COPPER,dlog_SOLVPN,dlog_COPPER,0.17459676327171084,0.18964225362654918,-0.015045490354838348,2,2024-07-17,2025-04-15,145.0
2024-11-27,dlog_SOLVPN__dlog_COPPER,dlog_SOLVPN,dlog_COPPER,0.17272681006016577,0.191610654450825,-0.018883844390659238,2,2024-07-17,2025-04-15,145.0
2024-12-02,dlog_SOLVPN__dlog_COPPER,dlog_SOLVPN,dlog_COPPER,0.16228703488048113,0.18688949361235452,-0.02460245873187339,2,2024-07-17,2025-04-15,145.0
2024-12-03,dlog_SOLVPN__dlog_COPPER,dlog_SOLVPN,dlog_COPPER,0.1629149557729475,0.18583673476562265,-0.02292177899267514,2,2024-07-17,2025-04-15,145.0
2024-12-04,dlog_SOLVPN__dlog_COPPER,dlog_SOLVPN,dlog_COPPER,0.16191925120118741,0.17527882417568888,-0.013359572974501466,2,2024-07-17,2025-04-15,145.0
2024-12-05,dlog_SOLVPN__dlog_COPPER,dlog_SOLVPN,dlog_COPPER,0.16388410968744135,0.17373835219209405,-0.009854242504652694,2,2024-07-17,2025-04-15,145.0
2024-12-09,dlog_SOLVPN__dlog_COPPER,dlog_SOLVPN,dlog_COPPER,0.15570927562246273,0.18568007448797355,-0.029970798865510823,2,2024-07-17,2025-04-15,145.0
2024-12-10,dlog_SOLVPN__dlog_COPPER,dlog_SOLVPN,dlog_COPPER,0.1412103004426758,0.2016585037447942,-0.06044820330211839,2,2024-07-17,2025-04-15,145.0
2024-12-11,dlog_SOLVPN__dlog_COPPER,dlog_SOLVPN,dlog_COPPER,0.12889592183593682,0.1980124182576565,-0.06911649642171969,2,2024-07-17,2025-04-15,145.0
2024-12-12,dlog_SOLVPN__dlog_COPPER,dlog_SOLVPN,dlog_COPPER,0.13156248510674168,0.1972478054760757,-0.06568532036933403,2,2024-07-17,2025-04-15,145.0
2024-12-16,dlog_SOLVPN__dlog_COPPER,dlog_SOLVPN,dlog_COPPER,0.13284395072074676,0.1854211781664517,-0.05257722744570495,2,2024-07-17,2025-04-15,145.0
2024-12-17,dlog_SOLVPN__dlog_COPPER,dlog_SOLVPN,dlog_COPPER,0.12217865571921278,0.18390984985366773,-0.06173119413445495,2,2024-07-17,2025-04-15,145.0
2024-12-18,dlog_SOLVPN__dlog_COPPER,dlog_SOLVPN,dlog_COPPER,0.1718388317325302,0.11126516141968909,0.06057367031284111,2,2024-07-17,2025-04-15,145.0
2024-12-19,dlog_SOLVPN__dlog_COPPER,dlog_SOLVPN,dlog_COPPER,0.04814845485566152,0.06878486131952513,-0.02063640646386361,2,2024-07-17,2025-04-15,145.0
2024-12-23,dlog_SOLVPN__dlog_COPPER,dlog_SOLVPN,dlog_COPPER,0.05590234515048912,0.04596767720719318,0.009934667943295943,2,2024-07-17,2025-04-15,145.0
2024-12-26,dlog_SOLVPN__dlog_COPPER,dlog_SOLVPN,dlog_COPPER,0.06280930696819392,0.044912074447165655,0.017897232521028268,2,2024-07-17,2025-04-15,145.0
2024-12-30,dlog_SOLVPN__dlog_COPPER,dlog_SOLVPN,dlog_COPPER,0.06207554525920187,0.0516896042651323,0.010385940994069573,2,2024-07-17,2025-04-15,145.0
2025-01-02,dlog_SOLVPN__dlog_COPPER,dlog_SOLVPN,dlog_COPPER,0.06062263266578552,0.045662340687010354,0.014960291978775166,2,2024-07-17,2025-04-15,145.0
2025-01-06,dlog_SOLVPN__dlog_COPPER,dlog_SOLVPN,dlog_COPPER,0.03989269830492649,0.0329283534095891,0.006964344895337392,2,2024-07-17,2025-04-15,145.0
2025-01-07,dlog_SOLVPN__dlog_COPPER,dlog_SOLVPN,dlog_COPPER,0.03183002737962283,0.02738333474577893,0.0044466926338439,2,2024-07-17,2025-04-15,145.0
2025-01-08,dlog_SOLVPN__dlog_COPPER,dlog_SOLVPN,dlog_COPPER,0.033948963332687376,0.03811566543934675,-0.004166702106659377,2,2024-07-17,2025-04-15,145.0
2025-01-13,dlog_SOLVPN__dlog_COPPER,dlog_SOLVPN,dlog_COPPER,0.028616623142793354,0.02081807518879346,0.007798547953999896,2,2024-07-17,2025-04-15,145.0
2025-01-14,dlog_SOLVPN__dlog_COPPER,dlog_SOLVPN,dlog_COPPER,0.0185097433796265,0.01745314913680853,0.001056594242817968,2,2024-07-17,2025-04-15,145.0
2025-01-15,dlog_SOLVPN__dlog_COPPER,dlog_SOLVPN,dlog_COPPER,0.03686699551551739,0.02043179557619138,0.016435199939326014,2,2024-07-17,2025-04-15,145.0
2025-01-16,dlog_SOLVPN__dlog_COPPER,dlog_SOLVPN,dlog_COPPER,0.02683572023294231,0.01597096809481648,0.010864752138125832,2,2024-07-17,2025-04-15,145.0
2025-01-21,dlog_SOLVPN__dlog_COPPER,dlog_SOLVPN,dlog_COPPER,0.06979485117593717,0.04229426234746467,0.027500588828472505,2,2024-07-17,2025-04-15,145.0
2025-01-22,dlog_SOLVPN__dlog_COPPER,dlog_SOLVPN,dlog_COPPER,0.09596175008176556,0.05713128915542721,0.03883046092633836,2,2024-07-17,2025-04-15,145.0
2025-01-23,dlog_SOLVPN__dlog_COPPER,dlog_SOLVPN,dlog_COPPER,0.06366171937846829,0.09310462887975532,-0.02944290950128703,2,2024-07-17,2025-04-15,145.0
2025-01-27,dlog_SOLVPN__dlog_COPPER,dlog_SOLVPN,dlog_COPPER,0.09712314760209458,0.023633758384488102,0.07348938921760648,2,2024-07-17,2025-04-15,145.0
2025-01-28,dlog_SOLVPN__dlog_COPPER,dlog_SOLVPN,dlog_COPPER,0.0834736402596658,0.024724280567450473,0.05874935969221533,2,2024-07-17,2025-04-15,145.0
2025-01-29,dlog_SOLVPN__dlog_COPPER,dlog_SOLVPN,dlog_COPPER,0.08394872884691798,0.02389268584318408,0.060056043003733905,2,2024-07-17,2025-04-15,145.0
2025-01-30,dlog_SOLVPN__dlog_COPPER,dlog_SOLVPN,dlog_COPPER,0.07931086772510669,0.02969319309587603,0.04961767462923066,2,2024-07-17,2025-04-15,145.0
2025-02-03,dlog_SOLVPN__dlog_COPPER,dlog_SOLVPN,dlog_COPPER,0.08572459473265055,0.02511952631272796,0.060605068419922595,2,2024-07-17,2025-04-15,145.0
2025-02-04,dlog_SOLVPN__dlog_COPPER,dlog_SOLVPN,dlog_COPPER,0.10593249685891058,0.026650307572209448,0.07928218928670114,2,2024-07-17,2025-04-15,145.0
2025-02-05,dlog_SOLVPN__dlog_COPPER,dlog_SOLVPN,dlog_COPPER,0.06489352184697397,0.06031083381658997,0.004582688030384002,2,2024-07-17,2025-04-15,145.0
2025-02-06,dlog_SOLVPN__dlog_COPPER,dlog_SOLVPN,dlog_COPPER,0.07603447826045545,0.05257405147362653,0.02346042678682892,2,2024-07-17,2025-04-15,145.0
2025-02-10,dlog_SOLVPN__dlog_COPPER,dlog_SOLVPN,dlog_COPPER,0.1023200808376653,0.10419294512965774,-0.001872864291992432,2,2024-07-17,2025-04-15,145.0
2025-02-11,dlog_SOLVPN__dlog_COPPER,dlog_SOLVPN,dlog_COPPER,0.09899258550061035,0.09593733204875016,0.003055253451860196,2,2024-07-17,2025-04-15,145.0
2025-02-12,dlog_SOLVPN__dlog_COPPER,dlog_SOLVPN,dlog_COPPER,0.099880260112742,0.08963469410584662,0.01024556600689537,2,2024-07-17,2025-04-15,145.0
2025-02-13,dlog_SOLVPN__dlog_COPPER,dlog_SOLVPN,dlog_COPPER,0.10103212154380087,0.10196156616338793,-0.0009294446195870637,2,2024-07-17,2025-04-15,145.0
2025-02-18,dlog_SOLVPN__dlog_COPPER,dlog_SOLVPN,dlog_COPPER,0.07635445317566922,0.09676235345476462,-0.020407900279095406,2,2024-07-17,2025-04-15,145.0
2025-02-19,dlog_SOLVPN__dlog_COPPER,dlog_SOLVPN,dlog_COPPER,0.08885596919251873,0.11513446769185935,-0.026278498499340622,2,2024-07-17,2025-04-15,145.0
2025-02-20,dlog_SOLVPN__dlog_COPPER,dlog_SOLVPN,dlog_COPPER,0.09384811282494307,0.09345334260894016,0.0003947702160029126,2,2024-07-17,2025-04-15,145.0
2025-02-24,dlog_SOLVPN__dlog_COPPER,dlog_SOLVPN,dlog_COPPER,0.10827219212026089,0.07437988361575196,0.03389230850450893,2,2024-07-17,2025-04-15,145.0
2025-02-25,dlog_SOLVPN__dlog_COPPER,dlog_SOLVPN,dlog_COPPER,0.10948895908054009,0.06737429137944037,0.042114667701099714,2,2024-07-17,2025-04-15,145.0
2025-02-26,dlog_SOLVPN__dlog_COPPER,dlog_SOLVPN,dlog_COPPER,0.1089748174034918,0.06469823545736854,0.04427658194612326,2,2024-07-17,2025-04-15,145.0
2025-02-27,dlog_SOLVPN__dlog_COPPER,dlog_SOLVPN,dlog_COPPER,0.09365665600750639,0.051242659823888384,0.042413996183618005,2,2024-07-17,2025-04-15,145.0
2025-03-03,dlog_SOLVPN__dlog_COPPER,dlog_SOLVPN,dlog_COPPER,0.060379972579172346,0.038014630187887456,0.02236534239128489,2,2024-07-17,2025-04-15,145.0
2025-03-04,dlog_SOLVPN__dlog_COPPER,dlog_SOLVPN,dlog_COPPER,0.044047443810260024,0.043731124611130705,0.0003163191991293196,2,2024-07-17,2025-04-15,145.0
2025-03-05,dlog_SOLVPN__dlog_COPPER,dlog_SOLVPN,dlog_COPPER,0.03346009565764274,0.07594142870118238,-0.04248133304353964,2,2024-07-17,2025-04-15,145.0
2025-03-06,dlog_SOLVPN__dlog_COPPER,dlog_SOLVPN,dlog_COPPER,0.03892994820533725,0.14961405117122298,-0.11068410296588573,2,2024-07-17,2025-04-15,145.0
2025-03-10,dlog_SOLVPN__dlog_COPPER,dlog_SOLVPN,dlog_COPPER,0.03008169193629696,0.12796458276531605,-0.09788289082901909,2,2024-07-17,2025-04-15,145.0
2025-03-11,dlog_SOLVPN__dlog_COPPER,dlog_SOLVPN,dlog_COPPER,0.04635262873981455,0.1393028897640509,-0.09295026102423634,2,2024-07-17,2025-04-15,145.0
2025-03-12,dlog_SOLVPN__dlog_COPPER,dlog_SOLVPN,dlog_COPPER,0.06780853087480952,0.1318134031776702,-0.06400487230286069,2,2024-07-17,2025-04-15,145.0
2025-03-13,dlog_SOLVPN__dlog_COPPER,dlog_SOLVPN,dlog_COPPER,0.0462977049720157,0.12244876772863392,-0.07615106275661822,2,2024-07-17,2025-04-15,145.0
2025-03-17,dlog_SOLVPN__dlog_COPPER,dlog_SOLVPN,dlog_COPPER,0.04266547916264024,0.10021833659836074,-0.0575528574357205,2,2024-07-17,2025-04-15,145.0
2025-03-18,dlog_SOLVPN__dlog_COPPER,dlog_SOLVPN,dlog_COPPER,0.026399985291324216,0.10459265244902262,-0.0781926671576984,2,2024-07-17,2025-04-15,145.0
2025-03-19,dlog_SOLVPN__dlog_COPPER,dlog_SOLVPN,dlog_COPPER,0.021707431016937614,0.1220176303810604,-0.10031019936412278,2,2024-07-17,2025-04-15,145.0
2025-03-20,dlog_SOLVPN__dlog_COPPER,dlog_SOLVPN,dlog_COPPER,0.020439423005554767,0.13696007049176856,-0.1165206474862138,2,2024-07-17,2025-04-15,145.0
2025-03-24,dlog_SOLVPN__dlog_COPPER,dlog_SOLVPN,dlog_COPPER,0.017851043254288015,0.14512826637133663,-0.12727722311704862,2,2024-07-17,2025-04-15,145.0
2025-03-25,dlog_SOLVPN__dlog_COPPER,dlog_SOLVPN,dlog_COPPER,0.00962838328372848,0.10864308872001151,-0.09901470543628303,2,2024-07-17,2025-04-15,145.0
2025-03-26,dlog_SOLVPN__dlog_COPPER,dlog_SOLVPN,dlog_COPPER,0.010601976623180347,0.10955900681589274,-0.0989570301927124,2,2024-07-17,2025-04-15,145.0
2025-03-27,dlog_SOLVPN__dlog_COPPER,dlog_SOLVPN,dlog_COPPER,0.02534473083558052,0.13963324998827464,-0.11428851915269413,2,2024-07-17,2025-04-15,145.0
2025-03-31,dlog_SOLVPN__dlog_COPPER,dlog_SOLVPN,dlog_COPPER,0.06192582453027344,0.10130778144921751,-0.03938195691894407,2,2024-07-17,2025-04-15,145.0
2025-04-01,dlog_SOLVPN__dlog_COPPER,dlog_SOLVPN,dlog_COPPER,0.05237418677810078,0.09209092364422342,-0.039716736866122634,2,2024-07-17,2025-04-15,145.0
2025-04-02,dlog_SOLVPN__dlog_COPPER,dlog_SOLVPN,dlog_COPPER,0.054365845186038035,0.09220007934469462,-0.03783423415865659,2,2024-07-17,2025-04-15,145.0
2025-04-03,dlog_SOLVPN__dlog_COPPER,dlog_SOLVPN,dlog_COPPER,0.041384464397575094,0.13604154835794,-0.0946570839603649,2,2024-07-17,2025-04-15,145.0
2025-04-07,dlog_SOLVPN__dlog_COPPER,dlog_SOLVPN,dlog_COPPER,0.13992560150773228,0.10442571269800678,0.0354998888097255,2,2024-07-17,2025-04-15,145.0
2025-04-08,dlog_SOLVPN__dlog_COPPER,dlog_SOLVPN,dlog_COPPER,0.11856461481747488,0.09448705728315424,0.024077557534320643,2,2024-07-17,2025-04-15,145.0
2025-04-09,dlog_SOLVPN__dlog_COPPER,dlog_SOLVPN,dlog_COPPER,0.13767385024582748,0.08427199341089077,0.053401856834936715,2,2024-07-17,2025-04-15,145.0
2025-04-10,dlog_SOLVPN__dlog_COPPER,dlog_SOLVPN,dlog_COPPER,0.11421727100894963,0.07900291715831993,0.035214353850629695,2,2024-07-17,2025-04-15,145.0
2025-04-14,dlog_SOLVPN__dlog_COPPER,dlog_SOLVPN,dlog_COPPER,0.12159249929208447,0.08969120038788646,0.03190129890419802,2,2024-07-17,2025-04-15,145.0
2025-04-15,dlog_SOLVPN__dlog_COPPER,dlog_SOLVPN,dlog_COPPER,0.11707014746393819,0.09169030278225272,0.02537984468168547,2,2024-07-17,2025-04-15,145.0
2025-04-16,dlog_SOLVPN__dlog_COPPER,dlog_SOLVPN,dlog_COPPER,0.11155687562697861,0.08570000148914238,0.02585687413783623,3,2025-04-16,2026-01-06,141.0
2025-04-21,dlog_SOLVPN__dlog_COPPER,dlog_SOLVPN,dlog_COPPER,0.08767117524408917,0.08047927514855091,0.007191900095538259,3,2025-04-16,2026-01-06,141.0
2025-04-22,dlog_SOLVPN__dlog_COPPER,dlog_SOLVPN,dlog_COPPER,0.07121985757543337,0.0809802576036955,-0.009760400028262131,3,2025-04-16,2026-01-06,141.0
2025-04-23,dlog_SOLVPN__dlog_COPPER,dlog_SOLVPN,dlog_COPPER,0.06729310090859796,0.07938208853938716,-0.012088987630789208,3,2025-04-16,2026-01-06,141.0
2025-04-24,dlog_SOLVPN__dlog_COPPER,dlog_SOLVPN,dlog_COPPER,0.07312674488509625,0.0740902582390582,-0.0009635133539619423,3,2025-04-16,2026-01-06,141.0
2025-04-28,dlog_SOLVPN__dlog_COPPER,dlog_SOLVPN,dlog_COPPER,0.0980042964730734,0.07375477267801521,0.024249523795058195,3,2025-04-16,2026-01-06,141.0
2025-04-29,dlog_SOLVPN__dlog_COPPER,dlog_SOLVPN,dlog_COPPER,0.08869235564189488,0.08023511908261886,0.008457236559276021,3,2025-04-16,2026-01-06,141.0
2025-04-30,dlog_SOLVPN__dlog_COPPER,dlog_SOLVPN,dlog_COPPER,0.1618448494589538,0.05861932418888161,0.1032255252700722,3,2025-04-16,2026-01-06,141.0
2025-05-01,dlog_SOLVPN__dlog_COPPER,dlog_SOLVPN,dlog_COPPER,0.11429453746129367,0.06231803146267401,0.05197650599861966,3,2025-04-16,2026-01-06,141.0
2025-05-05,dlog_SOLVPN__dlog_COPPER,dlog_SOLVPN,dlog_COPPER,0.1226427955090863,0.05756873131798782,0.06507406419109849,3,2025-04-16,2026-01-06,141.0
2025-05-06,dlog_SOLVPN__dlog_COPPER,dlog_SOLVPN,dlog_COPPER,0.1308500771255927,0.04733929982722304,0.08351077729836967,3,2025-04-16,2026-01-06,141.0
2025-05-07,dlog_SOLVPN__dlog_COPPER,dlog_SOLVPN,dlog_COPPER,0.11005895040590027,0.05190711128850851,0.05815183911739177,3,2025-04-16,2026-01-06,141.0
2025-05-08,dlog_SOLVPN__dlog_COPPER,dlog_SOLVPN,dlog_COPPER,0.10605958239531303,0.05441259883836085,0.05164698355695218,3,2025-04-16,2026-01-06,141.0
2025-05-12,dlog_SOLVPN__dlog_COPPER,dlog_SOLVPN,dlog_COPPER,0.07115339029446976,0.04150986534306913,0.029643524951400636,3,2025-04-16,2026-01-06,141.0
2025-05-13,dlog_SOLVPN__dlog_COPPER,dlog_SOLVPN,dlog_COPPER,0.06256735855211658,0.0332422733191434,0.029325085232973176,3,2025-04-16,2026-01-06,141.0
2025-05-14,dlog_SOLVPN__dlog_COPPER,dlog_SOLVPN,dlog_COPPER,0.06001080335276265,0.03766377683714167,0.022347026515620975,3,2025-04-16,2026-01-06,141.0
2025-05-15,dlog_SOLVPN__dlog_COPPER,dlog_SOLVPN,dlog_COPPER,0.07248739163872404,0.041520198626685365,0.03096719301203868,3,2025-04-16,2026-01-06,141.0
2025-05-19,dlog_SOLVPN__dlog_COPPER,dlog_SOLVPN,dlog_COPPER,0.05926554067346139,0.043304699336697394,0.015960841336763995,3,2025-04-16,2026-01-06,141.0
2025-05-20,dlog_SOLVPN__dlog_COPPER,dlog_SOLVPN,dlog_COPPER,0.05757413398836706,0.045923425229662265,0.011650708758704796,3,2025-04-16,2026-01-06,141.0
2025-05-21,dlog_SOLVPN__dlog_COPPER,dlog_SOLVPN,dlog_COPPER,0.0514302481408086,0.038365368090561056,0.013064880050247543,3,2025-04-16,2026-01-06,141.0
2025-05-22,dlog_SOLVPN__dlog_COPPER,dlog_SOLVPN,dlog_COPPER,0.0701155230196005,0.03365929858914984,0.036456224430450664,3,2025-04-16,2026-01-06,141.0
2025-05-27,dlog_SOLVPN__dlog_COPPER,dlog_SOLVPN,dlog_COPPER,0.08978783045816682,0.01986470081050166,0.06992312964766516,3,2025-04-16,2026-01-06,141.0
2025-05-28,dlog_SOLVPN__dlog_COPPER,dlog_SOLVPN,dlog_COPPER,0.08771253448046663,0.04721661432436315,0.04049592015610348,3,2025-04-16,2026-01-06,141.0
2025-05-29,dlog_SOLVPN__dlog_COPPER,dlog_SOLVPN,dlog_COPPER,0.06470794856551548,0.03454553897861611,0.03016240958689937,3,2025-04-16,2026-01-06,141.0
2025-06-02,dlog_SOLVPN__dlog_COPPER,dlog_SOLVPN,dlog_COPPER,0.09736267560953307,0.061386486609852686,0.035976188999680386,3,2025-04-16,2026-01-06,141.0
2025-06-03,dlog_SOLVPN__dlog_COPPER,dlog_SOLVPN,dlog_COPPER,0.07784739476676186,0.061168553695402306,0.016678841071359557,3,2025-04-16,2026-01-06,141.0
2025-06-04,dlog_SOLVPN__dlog_COPPER,dlog_SOLVPN,dlog_COPPER,0.09527231716699942,0.049963669840918094,0.04530864732608133,3,2025-04-16,2026-01-06,141.0
2025-06-05,dlog_SOLVPN__dlog_COPPER,dlog_SOLVPN,dlog_COPPER,0.09886657294733618,0.05313377670828577,0.04573279623905041,3,2025-04-16,2026-01-06,141.0
2025-06-09,dlog_SOLVPN__dlog_COPPER,dlog_SOLVPN,dlog_COPPER,0.07948199537661557,0.05306291094155177,0.0264190844350638,3,2025-04-16,2026-01-06,141.0
2025-06-10,dlog_SOLVPN__dlog_COPPER,dlog_SOLVPN,dlog_COPPER,0.0879695746422913,0.07222629634997864,0.01574327829231266,3,2025-04-16,2026-01-06,141.0
2025-06-11,dlog_SOLVPN__dlog_COPPER,dlog_SOLVPN,dlog_COPPER,0.059256681368552375,0.07697508434325748,-0.017718402974705103,3,2025-04-16,2026-01-06,141.0
2025-06-12,dlog_SOLVPN__dlog_COPPER,dlog_SOLVPN,dlog_COPPER,0.05472455906751725,0.07358475769504662,-0.01886019862752937,3,2025-04-16,2026-01-06,141.0
2025-06-16,dlog_SOLVPN__dlog_COPPER,dlog_SOLVPN,dlog_COPPER,0.05352764310447411,0.0873822271509431,-0.03385458404646899,3,2025-04-16,2026-01-06,141.0
2025-06-17,dlog_SOLVPN__dlog_COPPER,dlog_SOLVPN,dlog_COPPER,0.059453121876305054,0.07835943449101455,-0.0189063126147095,3,2025-04-16,2026-01-06,141.0
2025-06-18,dlog_SOLVPN__dlog_COPPER,dlog_SOLVPN,dlog_COPPER,0.04933786389570886,0.08029252916371006,-0.030954665268001204,3,2025-04-16,2026-01-06,141.0
2025-06-23,dlog_SOLVPN__dlog_COPPER,dlog_SOLVPN,dlog_COPPER,0.04834146923704486,0.07568413543110164,-0.02734266619405678,3,2025-04-16,2026-01-06,141.0
2025-06-24,dlog_SOLVPN__dlog_COPPER,dlog_SOLVPN,dlog_COPPER,0.05443705137648808,0.03727706969624623,0.017159981680241847,3,2025-04-16,2026-01-06,141.0
2025-06-25,dlog_SOLVPN__dlog_COPPER,dlog_SOLVPN,dlog_COPPER,0.037475342425282124,0.03155791214593892,0.005917430279343203,3,2025-04-16,2026-01-06,141.0
2025-06-26,dlog_SOLVPN__dlog_COPPER,dlog_SOLVPN,dlog_COPPER,0.019712065110525333,0.022314749926348,-0.0026026848158226673,3,2025-04-16,2026-01-06,141.0
2025-06-30,dlog_SOLVPN__dlog_COPPER,dlog_SOLVPN,dlog_COPPER,0.014483629591365078,0.024644676581626036,-0.010161046990260958,3,2025-04-16,2026-01-06,141.0
2025-07-01,dlog_SOLVPN__dlog_COPPER,dlog_SOLVPN,dlog_COPPER,0.013882316054397688,0.035449555632294565,-0.021567239577896878,3,2025-04-16,2026-01-06,141.0
2025-07-02,dlog_SOLVPN__dlog_COPPER,dlog_SOLVPN,dlog_COPPER,0.020359012206501798,0.04277613885663227,-0.022417126650130473,3,2025-04-16,2026-01-06,141.0
2025-07-03,dlog_SOLVPN__dlog_COPPER,dlog_SOLVPN,dlog_COPPER,0.02048640345282768,0.06711637104485857,-0.04662996759203089,3,2025-04-16,2026-01-06,141.0
2025-07-07,dlog_SOLVPN__dlog_COPPER,dlog_SOLVPN,dlog_COPPER,0.02168071614287225,0.09559942523465094,-0.0739187090917787,3,2025-04-16,2026-01-06,141.0
2025-07-08,dlog_SOLVPN__dlog_COPPER,dlog_SOLVPN,dlog_COPPER,0.1882074251503041,0.1940927302961511,-0.0058853051458470085,3,2025-04-16,2026-01-06,141.0
2025-07-09,dlog_SOLVPN__dlog_COPPER,dlog_SOLVPN,dlog_COPPER,0.21868606426251555,0.015087780622194406,0.20359828364032115,3,2025-04-16,2026-01-06,141.0
2025-07-10,dlog_SOLVPN__dlog_COPPER,dlog_SOLVPN,dlog_COPPER,0.20348839123197615,0.014561789378136798,0.18892660185383936,3,2025-04-16,2026-01-06,141.0
2025-07-14,dlog_SOLVPN__dlog_COPPER,dlog_SOLVPN,dlog_COPPER,0.21361124490453604,0.01686236633344698,0.19674887857108905,3,2025-04-16,2026-01-06,141.0
2025-07-15,dlog_SOLVPN__dlog_COPPER,dlog_SOLVPN,dlog_COPPER,0.1646256687799979,0.01677761308813076,0.14784805569186715,3,2025-04-16,2026-01-06,141.0
2025-07-16,dlog_SOLVPN__dlog_COPPER,dlog_SOLVPN,dlog_COPPER,0.22871955147413744,0.02347463039377802,0.2052449210803594,3,2025-04-16,2026-01-06,141.0
2025-07-17,dlog_SOLVPN__dlog_COPPER,dlog_SOLVPN,dlog_COPPER,0.2186024361330667,0.023444126042389206,0.1951583100906775,3,2025-04-16,2026-01-06,141.0
2025-07-21,dlog_SOLVPN__dlog_COPPER,dlog_SOLVPN,dlog_COPPER,0.22103058723406563,0.018193270767815527,0.2028373164662501,3,2025-04-16,2026-01-06,141.0
2025-07-22,dlog_SOLVPN__dlog_COPPER,dlog_SOLVPN,dlog_COPPER,0.2570125181662894,0.012163876666638866,0.24484864149965052,3,2025-04-16,2026-01-06,141.0
2025-07-23,dlog_SOLVPN__dlog_COPPER,dlog_SOLVPN,dlog_COPPER,0.22718422617502926,0.019067182085608186,0.20811704408942108,3,2025-04-16,2026-01-06,141.0
2025-07-24,dlog_SOLVPN__dlog_COPPER,dlog_SOLVPN,dlog_COPPER,0.20862449607347797,0.024831508018613578,0.18379298805486438,3,2025-04-16,2026-01-06,141.0
2025-07-28,dlog_SOLVPN__dlog_COPPER,dlog_SOLVPN,dlog_COPPER,0.2265822736459286,0.03262075778086962,0.19396151586505897,3,2025-04-16,2026-01-06,141.0
2025-07-29,dlog_SOLVPN__dlog_COPPER,dlog_SOLVPN,dlog_COPPER,0.2152957850021252,0.0352708444033434,0.1800249405987818,3,2025-04-16,2026-01-06,141.0
2025-07-30,dlog_SOLVPN__dlog_COPPER,dlog_SOLVPN,dlog_COPPER,0.2276272852431681,0.02766514880902186,0.19996213643414626,3,2025-04-16,2026-01-06,141.0
2025-07-31,dlog_SOLVPN__dlog_COPPER,dlog_SOLVPN,dlog_COPPER,0.05173873529468233,0.07766861081214459,-0.02592987551746226,3,2025-04-16,2026-01-06,141.0
2025-08-04,dlog_SOLVPN__dlog_COPPER,dlog_SOLVPN,dlog_COPPER,0.05611062384766608,0.015027903367858276,0.04108272047980781,3,2025-04-16,2026-01-06,141.0
2025-08-05,dlog_SOLVPN__dlog_COPPER,dlog_SOLVPN,dlog_COPPER,0.05563769029579211,0.022467133074067454,0.033170557221724656,3,2025-04-16,2026-01-06,141.0
2025-08-06,dlog_SOLVPN__dlog_COPPER,dlog_SOLVPN,dlog_COPPER,0.03892051124069028,0.02383714936189883,0.01508336187879145,3,2025-04-16,2026-01-06,141.0
2025-08-07,dlog_SOLVPN__dlog_COPPER,dlog_SOLVPN,dlog_COPPER,0.049844029366971035,0.014453768857491781,0.03539026050947926,3,2025-04-16,2026-01-06,141.0
2025-08-11,dlog_SOLVPN__dlog_COPPER,dlog_SOLVPN,dlog_COPPER,0.04702151443756243,0.014670568284377654,0.032350946153184776,3,2025-04-16,2026-01-06,141.0
2025-08-12,dlog_SOLVPN__dlog_COPPER,dlog_SOLVPN,dlog_COPPER,0.05301065353327903,0.02170911088005627,0.031301542653222755,3,2025-04-16,2026-01-06,141.0
2025-08-13,dlog_SOLVPN__dlog_COPPER,dlog_SOLVPN,dlog_COPPER,0.06243283591903346,0.02361014862964267,0.03882268728939079,3,2025-04-16,2026-01-06,141.0
2025-08-14,dlog_SOLVPN__dlog_COPPER,dlog_SOLVPN,dlog_COPPER,0.06214525634935321,0.023490955462373453,0.038654300886979756,3,2025-04-16,2026-01-06,141.0
2025-08-18,dlog_SOLVPN__dlog_COPPER,dlog_SOLVPN,dlog_COPPER,0.0814687785361528,0.023165716148283822,0.058303062387868976,3,2025-04-16,2026-01-06,141.0
2025-08-19,dlog_SOLVPN__dlog_COPPER,dlog_SOLVPN,dlog_COPPER,0.07467806308525954,0.023650046735778488,0.05102801634948105,3,2025-04-16,2026-01-06,141.0
2025-08-20,dlog_SOLVPN__dlog_COPPER,dlog_SOLVPN,dlog_COPPER,0.07660919222248848,0.017414021138475653,0.05919517108401283,3,2025-04-16,2026-01-06,141.0
2025-08-21,dlog_SOLVPN__dlog_COPPER,dlog_SOLVPN,dlog_COPPER,0.07517079531321072,0.02145138284814939,0.05371941246506133,3,2025-04-16,2026-01-06,141.0
2025-08-25,dlog_SOLVPN__dlog_COPPER,dlog_SOLVPN,dlog_COPPER,0.09056202577758542,0.02178286220403504,0.06877916357355038,3,2025-04-16,2026-01-06,141.0
2025-08-26,dlog_SOLVPN__dlog_COPPER,dlog_SOLVPN,dlog_COPPER,0.08435021687436146,0.020414953587856926,0.06393526328650453,3,2025-04-16,2026-01-06,141.0
2025-08-27,dlog_SOLVPN__dlog_COPPER,dlog_SOLVPN,dlog_COPPER,0.0815461390567742,0.019574551643608197,0.061971587413166,3,2025-04-16,2026-01-06,141.0
2025-08-28,dlog_SOLVPN__dlog_COPPER,dlog_SOLVPN,dlog_COPPER,0.08315324253317215,0.039269765961550344,0.0438834765716218,3,2025-04-16,2026-01-06,141.0
2025-09-02,dlog_SOLVPN__dlog_COPPER,dlog_SOLVPN,dlog_COPPER,0.10827229917487131,0.12956192226810187,-0.021289623093230556,3,2025-04-16,2026-01-06,141.0
2025-09-03,dlog_SOLVPN__dlog_COPPER,dlog_SOLVPN,dlog_COPPER,0.07746022172097324,0.12424593508073742,-0.04678571335976418,3,2025-04-16,2026-01-06,141.0
2025-09-04,dlog_SOLVPN__dlog_COPPER,dlog_SOLVPN,dlog_COPPER,0.08149497666202948,0.12676889735599214,-0.04527392069396266,3,2025-04-16,2026-01-06,141.0
2025-09-08,dlog_SOLVPN__dlog_COPPER,dlog_SOLVPN,dlog_COPPER,0.08297070961582172,0.11310518773554273,-0.030134478119721017,3,2025-04-16,2026-01-06,141.0
2025-09-09,dlog_SOLVPN__dlog_COPPER,dlog_SOLVPN,dlog_COPPER,0.07985959477434428,0.10680235710987249,-0.02694276233552821,3,2025-04-16,2026-01-06,141.0
2025-09-10,dlog_SOLVPN__dlog_COPPER,dlog_SOLVPN,dlog_COPPER,0.043044236206709045,0.13060574106068648,-0.08756150485397743,3,2025-04-16,2026-01-06,141.0
2025-09-11,dlog_SOLVPN__dlog_COPPER,dlog_SOLVPN,dlog_COPPER,0.040272788432970226,0.055334818592473696,-0.01506203015950347,3,2025-04-16,2026-01-06,141.0
2025-09-15,dlog_SOLVPN__dlog_COPPER,dlog_SOLVPN,dlog_COPPER,0.047931610897322535,0.05557453108432589,-0.007642920187003355,3,2025-04-16,2026-01-06,141.0
2025-09-16,dlog_SOLVPN__dlog_COPPER,dlog_SOLVPN,dlog_COPPER,0.03506929377570949,0.05430178162345942,-0.019232487847749932,3,2025-04-16,2026-01-06,141.0
2025-09-17,dlog_SOLVPN__dlog_COPPER,dlog_SOLVPN,dlog_COPPER,0.035138084353050394,0.05587615244618406,-0.020738068093133666,3,2025-04-16,2026-01-06,141.0
2025-09-18,dlog_SOLVPN__dlog_COPPER,dlog_SOLVPN,dlog_COPPER,0.033086673595608754,0.068758431401645,-0.03567175780603625,3,2025-04-16,2026-01-06,141.0
2025-09-22,dlog_SOLVPN__dlog_COPPER,dlog_SOLVPN,dlog_COPPER,0.03706868424110015,0.1787530085747749,-0.14168432433367475,3,2025-04-16,2026-01-06,141.0
2025-09-23,dlog_SOLVPN__dlog_COPPER,dlog_SOLVPN,dlog_COPPER,0.02576469873156388,0.0998901539321081,-0.07412545520054421,3,2025-04-16,2026-01-06,141.0
2025-09-24,dlog_SOLVPN__dlog_COPPER,dlog_SOLVPN,dlog_COPPER,0.046144867093806365,0.10029780138851725,-0.05415293429471089,3,2025-04-16,2026-01-06,141.0
2025-09-25,dlog_SOLVPN__dlog_COPPER,dlog_SOLVPN,dlog_COPPER,0.034266762320373796,0.11266963019796256,-0.07840286787758877,3,2025-04-16,2026-01-06,141.0
2025-09-29,dlog_SOLVPN__dlog_COPPER,dlog_SOLVPN,dlog_COPPER,0.03726469993358871,0.10459044478541486,-0.06732574485182616,3,2025-04-16,2026-01-06,141.0
2025-09-30,dlog_SOLVPN__dlog_COPPER,dlog_SOLVPN,dlog_COPPER,0.049093215339735,0.027876087662340163,0.021217127677394837,3,2025-04-16,2026-01-06,141.0
2025-10-01,dlog_SOLVPN__dlog_COPPER,dlog_SOLVPN,dlog_COPPER,0.018358069255792104,0.029552909007676837,-0.011194839751884733,3,2025-04-16,2026-01-06,141.0
2025-10-02,dlog_SOLVPN__dlog_COPPER,dlog_SOLVPN,dlog_COPPER,0.041128400436810625,0.009024710399283518,0.03210369003752711,3,2025-04-16,2026-01-06,141.0
2025-10-06,dlog_SOLVPN__dlog_COPPER,dlog_SOLVPN,dlog_COPPER,0.04288141659427461,0.020756745614005853,0.022124670980268754,3,2025-04-16,2026-01-06,141.0
2025-10-07,dlog_SOLVPN__dlog_COPPER,dlog_SOLVPN,dlog_COPPER,0.0404928141999962,0.030368740964154615,0.010124073235841587,3,2025-04-16,2026-01-06,141.0
2025-10-08,dlog_SOLVPN__dlog_COPPER,dlog_SOLVPN,dlog_COPPER,0.05509386315191424,0.04082270857153863,0.01427115458037561,3,2025-04-16,2026-01-06,141.0
2025-10-09,dlog_SOLVPN__dlog_COPPER,dlog_SOLVPN,dlog_COPPER,0.034441170504528815,0.025590225288249,0.008850945216279816,3,2025-04-16,2026-01-06,141.0
2025-10-14,dlog_SOLVPN__dlog_COPPER,dlog_SOLVPN,dlog_COPPER,0.04277764446302667,0.028559599142822606,0.014218045320204063,3,2025-04-16,2026-01-06,141.0
2025-10-15,dlog_SOLVPN__dlog_COPPER,dlog_SOLVPN,dlog_COPPER,0.015176891383162744,0.22347015089381955,-0.2082932595106568,3,2025-04-16,2026-01-06,141.0
2025-10-16,dlog_SOLVPN__dlog_COPPER,dlog_SOLVPN,dlog_COPPER,0.04112341066024246,0.12033261322509896,-0.0792092025648565,3,2025-04-16,2026-01-06,141.0
2025-10-20,dlog_SOLVPN__dlog_COPPER,dlog_SOLVPN,dlog_COPPER,0.040074044566466,0.1474225364241018,-0.1073484918576358,3,2025-04-16,2026-01-06,141.0
2025-10-21,dlog_SOLVPN__dlog_COPPER,dlog_SOLVPN,dlog_COPPER,0.04524683372775635,0.13992767180051335,-0.09468083807275701,3,2025-04-16,2026-01-06,141.0
2025-10-22,dlog_SOLVPN__dlog_COPPER,dlog_SOLVPN,dlog_COPPER,0.04988513366997176,0.11902242376115077,-0.06913729009117901,3,2025-04-16,2026-01-06,141.0
2025-10-23,dlog_SOLVPN__dlog_COPPER,dlog_SOLVPN,dlog_COPPER,0.047085110070072635,0.07435688208659619,-0.027271772016523553,3,2025-04-16,2026-01-06,141.0
2025-10-27,dlog_SOLVPN__dlog_COPPER,dlog_SOLVPN,dlog_COPPER,0.053078111508549526,0.04034853470719318,0.012729576801356349,3,2025-04-16,2026-01-06,141.0
2025-10-28,dlog_SOLVPN__dlog_COPPER,dlog_SOLVPN,dlog_COPPER,0.03257195411034483,0.04492689983640867,-0.01235494572606384,3,2025-04-16,2026-01-06,141.0
2025-10-29,dlog_SOLVPN__dlog_COPPER,dlog_SOLVPN,dlog_COPPER,0.04487630918044429,0.03464533075671978,0.010230978423724509,3,2025-04-16,2026-01-06,141.0
2025-10-30,dlog_SOLVPN__dlog_COPPER,dlog_SOLVPN,dlog_COPPER,0.050908150794175856,0.06015175830403573,-0.00924360750985987,3,2025-04-16,2026-01-06,141.0
2025-11-03,dlog_SOLVPN__dlog_COPPER,dlog_SOLVPN,dlog_COPPER,0.05278948301781114,0.013215051325560941,0.039574431692250195,3,2025-04-16,2026-01-06,141.0
2025-11-04,dlog_SOLVPN__dlog_COPPER,dlog_SOLVPN,dlog_COPPER,0.054430808917222726,0.01619195857175245,0.038238850345470275,3,2025-04-16,2026-01-06,141.0
2025-11-05,dlog_SOLVPN__dlog_COPPER,dlog_SOLVPN,dlog_COPPER,0.07340560294662665,0.014893603871373675,0.05851199907525298,3,2025-04-16,2026-01-06,141.0
2025-11-06,dlog_SOLVPN__dlog_COPPER,dlog_SOLVPN,dlog_COPPER,0.08575307989610116,0.013386810504486276,0.07236626939161489,3,2025-04-16,2026-01-06,141.0
2025-11-10,dlog_SOLVPN__dlog_COPPER,dlog_SOLVPN,dlog_COPPER,0.08821794302452692,0.01192854603033889,0.07628939699418802,3,2025-04-16,2026-01-06,141.0
2025-11-12,dlog_SOLVPN__dlog_COPPER,dlog_SOLVPN,dlog_COPPER,0.029615126101328396,0.03127092987398309,-0.0016558037726546945,3,2025-04-16,2026-01-06,141.0
2025-11-13,dlog_SOLVPN__dlog_COPPER,dlog_SOLVPN,dlog_COPPER,0.04848453756772796,0.05332495231822964,-0.004840414750501676,3,2025-04-16,2026-01-06,141.0
2025-11-17,dlog_SOLVPN__dlog_COPPER,dlog_SOLVPN,dlog_COPPER,0.01771438414545218,0.02206266916396066,-0.00434828501850848,3,2025-04-16,2026-01-06,141.0
2025-11-18,dlog_SOLVPN__dlog_COPPER,dlog_SOLVPN,dlog_COPPER,0.028769391702412488,0.06864900222470505,-0.03987961052229256,3,2025-04-16,2026-01-06,141.0
2025-11-19,dlog_SOLVPN__dlog_COPPER,dlog_SOLVPN,dlog_COPPER,0.028017299220301738,0.06031130946591653,-0.03229401024561479,3,2025-04-16,2026-01-06,141.0
2025-11-20,dlog_SOLVPN__dlog_COPPER,dlog_SOLVPN,dlog_COPPER,0.024974070534448008,0.062429285093167815,-0.03745521455871981,3,2025-04-16,2026-01-06,141.0
2025-11-24,dlog_SOLVPN__dlog_COPPER,dlog_SOLVPN,dlog_COPPER,0.012424653814980107,0.07517651040171541,-0.06275185658673531,3,2025-04-16,2026-01-06,141.0
2025-11-25,dlog_SOLVPN__dlog_COPPER,dlog_SOLVPN,dlog_COPPER,0.044727711694873044,0.06676515369179455,-0.0220374419969215,3,2025-04-16,2026-01-06,141.0
2025-11-26,dlog_SOLVPN__dlog_COPPER,dlog_SOLVPN,dlog_COPPER,0.0751374095407573,0.06269336450570992,0.012444045035047382,3,2025-04-16,2026-01-06,141.0
2025-12-01,dlog_SOLVPN__dlog_COPPER,dlog_SOLVPN,dlog_COPPER,0.053870208259435386,0.079997776021512,-0.026127567762076608,3,2025-04-16,2026-01-06,141.0
2025-12-02,dlog_SOLVPN__dlog_COPPER,dlog_SOLVPN,dlog_COPPER,0.039241331887472856,0.08487764098862102,-0.045636309101148166,3,2025-04-16,2026-01-06,141.0
2025-12-03,dlog_SOLVPN__dlog_COPPER,dlog_SOLVPN,dlog_COPPER,0.02782246132362178,0.10790212934834265,-0.08007966802472087,3,2025-04-16,2026-01-06,141.0
2025-12-04,dlog_SOLVPN__dlog_COPPER,dlog_SOLVPN,dlog_COPPER,0.0239464175764164,0.07359059537140394,-0.049644177794987546,3,2025-04-16,2026-01-06,141.0
2025-12-08,dlog_SOLVPN__dlog_COPPER,dlog_SOLVPN,dlog_COPPER,0.03160110647021811,0.0867563955672376,-0.05515528909701949,3,2025-04-16,2026-01-06,141.0
2025-12-09,dlog_SOLVPN__dlog_COPPER,dlog_SOLVPN,dlog_COPPER,0.011990604503809604,0.09580060200876031,-0.0838099975049507,3,2025-04-16,2026-01-06,141.0
2025-12-10,dlog_SOLVPN__dlog_COPPER,dlog_SOLVPN,dlog_COPPER,0.020783658926408537,0.061157761632097914,-0.04037410270568938,3,2025-04-16,2026-01-06,141.0
2025-12-11,dlog_SOLVPN__dlog_COPPER,dlog_SOLVPN,dlog_COPPER,0.020739683198859736,0.0457820806349436,-0.025042397436083864,3,2025-04-16,2026-01-06,141.0
2025-12-15,dlog_SOLVPN__dlog_COPPER,dlog_SOLVPN,dlog_COPPER,0.028065958747855897,0.0546305431755328,-0.026564584427676903,3,2025-04-16,2026-01-06,141.0
2025-12-16,dlog_SOLVPN__dlog_COPPER,dlog_SOLVPN,dlog_COPPER,0.02037201451348572,0.07455786726625971,-0.05418585275277399,3,2025-04-16,2026-01-06,141.0
2025-12-17,dlog_SOLVPN__dlog_COPPER,dlog_SOLVPN,dlog_COPPER,0.014151492441676902,0.053533581780788264,-0.03938208933911136,3,2025-04-16,2026-01-06,141.0
2025-12-18,dlog_SOLVPN__dlog_COPPER,dlog_SOLVPN,dlog_COPPER,0.0410855925668498,0.050046478885990016,-0.008960886319140215,3,2025-04-16,2026-01-06,141.0
2025-12-22,dlog_SOLVPN__dlog_COPPER,dlog_SOLVPN,dlog_COPPER,0.025392666771194065,0.051299259626068815,-0.02590659285487475,3,2025-04-16,2026-01-06,141.0
2025-12-23,dlog_SOLVPN__dlog_COPPER,dlog_SOLVPN,dlog_COPPER,0.01036828427591019,0.04661849250382014,-0.036250208227909954,3,2025-04-16,2026-01-06,141.0
2025-12-29,dlog_SOLVPN__dlog_COPPER,dlog_SOLVPN,dlog_COPPER,0.007135796666731139,0.19410740010819563,-0.1869716034414645,3,2025-04-16,2026-01-06,141.0
2025-12-30,dlog_SOLVPN__dlog_COPPER,dlog_SOLVPN,dlog_COPPER,0.01000939010848577,0.02222813962961834,-0.01221874952113257,3,2025-04-16,2026-01-06,141.0
2026-01-05,dlog_SOLVPN__dlog_COPPER,dlog_SOLVPN,dlog_COPPER,0.012890032110323735,0.03445454172216997,-0.021564509611846232,3,2025-04-16,2026-01-06,141.0
2026-01-06,dlog_SOLVPN__dlog_COPPER,dlog_SOLVPN,dlog_COPPER,0.03529324359581357,0.04423273867198595,-0.00893949507617238,3,2025-04-16,2026-01-06,141.0
2022-12-05,dlog_SOLVPN__dlog_GOLD,dlog_SOLVPN,dlog_GOLD,0.04449689273086015,0.06026207382768635,-0.015765181096826196,0,2022-12-01,2023-10-30,180.0
2022-12-06,dlog_SOLVPN__dlog_GOLD,dlog_SOLVPN,dlog_GOLD,0.04306917862222309,0.05788641164079587,-0.014817233018572781,0,2022-12-01,2023-10-30,180.0
2022-12-07,dlog_SOLVPN__dlog_GOLD,dlog_SOLVPN,dlog_GOLD,0.04427618372833231,0.019064760271838344,0.025211423456493964,0,2022-12-01,2023-10-30,180.0
2022-12-08,dlog_SOLVPN__dlog_GOLD,dlog_SOLVPN,dlog_GOLD,0.04488962050802695,0.04098351942126518,0.0039061010867617735,0,2022-12-01,2023-10-30,180.0
2022-12-12,dlog_SOLVPN__dlog_GOLD,dlog_SOLVPN,dlog_GOLD,0.06900530763514073,0.03074366615775463,0.0382616414773861,0,2022-12-01,2023-10-30,180.0
2022-12-13,dlog_SOLVPN__dlog_GOLD,dlog_SOLVPN,dlog_GOLD,0.08931477571351072,0.02280851059310103,0.06650626512040969,0,2022-12-01,2023-10-30,180.0
2022-12-14,dlog_SOLVPN__dlog_GOLD,dlog_SOLVPN,dlog_GOLD,0.1286979985671308,0.055244185640624055,0.07345381292650674,0,2022-12-01,2023-10-30,180.0
2022-12-15,dlog_SOLVPN__dlog_GOLD,dlog_SOLVPN,dlog_GOLD,0.11007283994703988,0.029911196959660987,0.08016164298737889,0,2022-12-01,2023-10-30,180.0
2022-12-19,dlog_SOLVPN__dlog_GOLD,dlog_SOLVPN,dlog_GOLD,0.08580132886749102,0.20448168842689401,-0.118680359559403,0,2022-12-01,2023-10-30,180.0
2022-12-20,dlog_SOLVPN__dlog_GOLD,dlog_SOLVPN,dlog_GOLD,0.10155298233452727,0.15924076560056608,-0.05768778326603881,0,2022-12-01,2023-10-30,180.0
2022-12-21,dlog_SOLVPN__dlog_GOLD,dlog_SOLVPN,dlog_GOLD,0.08515281460091222,0.1145293777534403,-0.029376563152528082,0,2022-12-01,2023-10-30,180.0
2022-12-22,dlog_SOLVPN__dlog_GOLD,dlog_SOLVPN,dlog_GOLD,0.07451102943176903,0.0878177817463442,-0.013306752314575176,0,2022-12-01,2023-10-30,180.0
2022-12-27,dlog_SOLVPN__dlog_GOLD,dlog_SOLVPN,dlog_GOLD,0.08518023833137596,0.042453088527924114,0.042727149803451846,0,2022-12-01,2023-10-30,180.0
2022-12-28,dlog_SOLVPN__dlog_GOLD,dlog_SOLVPN,dlog_GOLD,0.08164959282607136,0.11549475541113245,-0.033845162585061095,0,2022-12-01,2023-10-30,180.0
2022-12-29,dlog_SOLVPN__dlog_GOLD,dlog_SOLVPN,dlog_GOLD,0.13949871373344389,0.11809930615865348,0.021399407574790405,0,2022-12-01,2023-10-30,180.0
2023-01-03,dlog_SOLVPN__dlog_GOLD,dlog_SOLVPN,dlog_GOLD,0.15319023063820034,0.11643964054513181,0.036750590093068525,0,2022-12-01,2023-10-30,180.0
2023-01-04,dlog_SOLVPN__dlog_GOLD,dlog_SOLVPN,dlog_GOLD,0.16448923259567091,0.08022263523705456,0.08426659735861636,0,2022-12-01,2023-10-30,180.0
2023-01-05,dlog_SOLVPN__dlog_GOLD,dlog_SOLVPN,dlog_GOLD,0.17687548508218426,0.13373104722026058,0.04314443786192368,0,2022-12-01,2023-10-30,180.0
2023-01-09,dlog_SOLVPN__dlog_GOLD,dlog_SOLVPN,dlog_GOLD,0.1907357519388654,0.14065617829719515,0.05007957364167026,0,2022-12-01,2023-10-30,180.0
2023-01-10,dlog_SOLVPN__dlog_GOLD,dlog_SOLVPN,dlog_GOLD,0.1909751359780761,0.15105299112889578,0.03992214484918033,0,2022-12-01,2023-10-30,180.0
2023-01-11,dlog_SOLVPN__dlog_GOLD,dlog_SOLVPN,dlog_GOLD,0.16175538723316918,0.16591790229698727,-0.004162515063818095,0,2022-12-01,2023-10-30,180.0
2023-01-12,dlog_SOLVPN__dlog_GOLD,dlog_SOLVPN,dlog_GOLD,0.1471322133172418,0.15553998674403768,-0.008407773426795884,0,2022-12-01,2023-10-30,180.0
2023-01-17,dlog_SOLVPN__dlog_GOLD,dlog_SOLVPN,dlog_GOLD,0.17712061576791913,0.18421819974844086,-0.007097583980521738,0,2022-12-01,2023-10-30,180.0
2023-01-18,dlog_SOLVPN__dlog_GOLD,dlog_SOLVPN,dlog_GOLD,0.1794901639746998,0.17897696428574175,0.0005131996889580492,0,2022-12-01,2023-10-30,180.0
2023-01-19,dlog_SOLVPN__dlog_GOLD,dlog_SOLVPN,dlog_GOLD,0.1676078120203425,0.17961170454055672,-0.012003892520214221,0,2022-12-01,2023-10-30,180.0
2023-01-23,dlog_SOLVPN__dlog_GOLD,dlog_SOLVPN,dlog_GOLD,0.16575706217277808,0.1958646102692726,-0.03010754809649452,0,2022-12-01,2023-10-30,180.0
2023-01-24,dlog_SOLVPN__dlog_GOLD,dlog_SOLVPN,dlog_GOLD,0.16404871271668733,0.18860177578228554,-0.024553063065598207,0,2022-12-01,2023-10-30,180.0
2023-01-25,dlog_SOLVPN__dlog_GOLD,dlog_SOLVPN,dlog_GOLD,0.16601983064691567,0.1986630563139369,-0.03264322566702124,0,2022-12-01,2023-10-30,180.0
2023-01-26,dlog_SOLVPN__dlog_GOLD,dlog_SOLVPN,dlog_GOLD,0.17185400877262602,0.17492052940458575,-0.003066520631959724,0,2022-12-01,2023-10-30,180.0
2023-01-30,dlog_SOLVPN__dlog_GOLD,dlog_SOLVPN,dlog_GOLD,0.14450009837037672,0.1788628575219147,-0.03436275915153797,0,2022-12-01,2023-10-30,180.0
2023-01-31,dlog_SOLVPN__dlog_GOLD,dlog_SOLVPN,dlog_GOLD,0.14389774077380357,0.16644642817494648,-0.02254868740114291,0,2022-12-01,2023-10-30,180.0
2023-02-01,dlog_SOLVPN__dlog_GOLD,dlog_SOLVPN,dlog_GOLD,0.14321352057673023,0.17845269001551153,-0.035239169438781304,0,2022-12-01,2023-10-30,180.0
2023-02-02,dlog_SOLVPN__dlog_GOLD,dlog_SOLVPN,dlog_GOLD,0.12355609897692849,0.12389497437229077,-0.00033887539536228695,0,2022-12-01,2023-10-30,180.0
2023-02-06,dlog_SOLVPN__dlog_GOLD,dlog_SOLVPN,dlog_GOLD,0.17704559734967298,0.16799063144402188,0.009054965905651108,0,2022-12-01,2023-10-30,180.0
2023-02-07,dlog_SOLVPN__dlog_GOLD,dlog_SOLVPN,dlog_GOLD,0.15955813739548663,0.12090675831123134,0.0386513790842553,0,2022-12-01,2023-10-30,180.0
2023-02-08,dlog_SOLVPN__dlog_GOLD,dlog_SOLVPN,dlog_GOLD,0.16996839873182631,0.11986323110207282,0.05010516762975349,0,2022-12-01,2023-10-30,180.0
2023-02-09,dlog_SOLVPN__dlog_GOLD,dlog_SOLVPN,dlog_GOLD,0.16927820193233686,0.12762431814608716,0.04165388378624971,0,2022-12-01,2023-10-30,180.0
2023-02-13,dlog_SOLVPN__dlog_GOLD,dlog_SOLVPN,dlog_GOLD,0.13677339111793468,0.117764988202381,0.019008402915553682,0,2022-12-01,2023-10-30,180.0
2023-02-14,dlog_SOLVPN__dlog_GOLD,dlog_SOLVPN,dlog_GOLD,0.1312681134753029,0.11937238080874385,0.01189573266655905,0,2022-12-01,2023-10-30,180.0
2023-02-15,dlog_SOLVPN__dlog_GOLD,dlog_SOLVPN,dlog_GOLD,0.09441453372895392,0.11076063618322136,-0.016346102454267444,0,2022-12-01,2023-10-30,180.0
2023-02-16,dlog_SOLVPN__dlog_GOLD,dlog_SOLVPN,dlog_GOLD,0.09936047716274904,0.11035981714943004,-0.010999339986680998,0,2022-12-01,2023-10-30,180.0
2023-02-21,dlog_SOLVPN__dlog_GOLD,dlog_SOLVPN,dlog_GOLD,0.09109418696964001,0.11064913838592083,-0.019554951416280816,0,2022-12-01,2023-10-30,180.0
2023-02-22,dlog_SOLVPN__dlog_GOLD,dlog_SOLVPN,dlog_GOLD,0.10412071818669898,0.11359407658882863,-0.00947335840212965,0,2022-12-01,2023-10-30,180.0
2023-02-23,dlog_SOLVPN__dlog_GOLD,dlog_SOLVPN,dlog_GOLD,0.0666586387854507,0.08738031935399629,-0.020721680568545592,0,2022-12-01,2023-10-30,180.0
2023-02-27,dlog_SOLVPN__dlog_GOLD,dlog_SOLVPN,dlog_GOLD,0.0662765397693248,0.08602324564863544,-0.01974670587931064,0,2022-12-01,2023-10-30,180.0
2023-02-28,dlog_SOLVPN__dlog_GOLD,dlog_SOLVPN,dlog_GOLD,0.06398067542900382,0.0863858489446839,-0.022405173515680082,0,2022-12-01,2023-10-30,180.0
2023-03-01,dlog_SOLVPN__dlog_GOLD,dlog_SOLVPN,dlog_GOLD,0.06381554841190347,0.0811757126077856,-0.017360164195882127,0,2022-12-01,2023-10-30,180.0
2023-03-02,dlog_SOLVPN__dlog_GOLD,dlog_SOLVPN,dlog_GOLD,0.055301674356696154,0.0768297847564962,-0.021528110399800043,0,2022-12-01,2023-10-30,180.0
2023-03-06,dlog_SOLVPN__dlog_GOLD,dlog_SOLVPN,dlog_GOLD,0.05394568590893697,0.08076342667360677,-0.0268177407646698,0,2022-12-01,2023-10-30,180.0
2023-03-07,dlog_SOLVPN__dlog_GOLD,dlog_SOLVPN,dlog_GOLD,0.06645184072320136,0.08508257031495967,-0.018630729591758308,0,2022-12-01,2023-10-30,180.0
2023-03-08,dlog_SOLVPN__dlog_GOLD,dlog_SOLVPN,dlog_GOLD,0.07720480912847169,0.08277504016708079,-0.005570231038609097,0,2022-12-01,2023-10-30,180.0
2023-03-09,dlog_SOLVPN__dlog_GOLD,dlog_SOLVPN,dlog_GOLD,0.0889652430924815,0.07056091015587976,0.018404332936601736,0,2022-12-01,2023-10-30,180.0
2023-03-13,dlog_SOLVPN__dlog_GOLD,dlog_SOLVPN,dlog_GOLD,0.01940461292102378,0.07002972811577342,-0.05062511519474964,0,2022-12-01,2023-10-30,180.0
2023-03-14,dlog_SOLVPN__dlog_GOLD,dlog_SOLVPN,dlog_GOLD,0.03843781513385641,0.07199543466646184,-0.03355761953260543,0,2022-12-01,2023-10-30,180.0
2023-03-15,dlog_SOLVPN__dlog_GOLD,dlog_SOLVPN,dlog_GOLD,0.03583293790227781,0.08285001147524944,-0.04701707357297163,0,2022-12-01,2023-10-30,180.0
2023-03-16,dlog_SOLVPN__dlog_GOLD,dlog_SOLVPN,dlog_GOLD,0.03658793760774038,0.06782520076427888,-0.0312372631565385,0,2022-12-01,2023-10-30,180.0
2023-03-20,dlog_SOLVPN__dlog_GOLD,dlog_SOLVPN,dlog_GOLD,0.03604498789352275,0.06580773007452274,-0.029762742180999995,0,2022-12-01,2023-10-30,180.0
2023-03-21,dlog_SOLVPN__dlog_GOLD,dlog_SOLVPN,dlog_GOLD,0.036522247005100136,0.05339334437985944,-0.0168710973747593,0,2022-12-01,2023-10-30,180.0
2023-03-22,dlog_SOLVPN__dlog_GOLD,dlog_SOLVPN,dlog_GOLD,0.0388146853360519,0.07471188894558621,-0.03589720360953431,0,2022-12-01,2023-10-30,180.0
2023-03-23,dlog_SOLVPN__dlog_GOLD,dlog_SOLVPN,dlog_GOLD,0.03313761055958692,0.07847585479414067,-0.045338244234553744,0,2022-12-01,2023-10-30,180.0
2023-03-27,dlog_SOLVPN__dlog_GOLD,dlog_SOLVPN,dlog_GOLD,0.03753747146692754,0.07988258744664414,-0.0423451159797166,0,2022-12-01,2023-10-30,180.0
2023-03-28,dlog_SOLVPN__dlog_GOLD,dlog_SOLVPN,dlog_GOLD,0.036263185240984284,0.07833049176651993,-0.04206730652553565,0,2022-12-01,2023-10-30,180.0
2023-03-29,dlog_SOLVPN__dlog_GOLD,dlog_SOLVPN,dlog_GOLD,0.030373142378611533,0.11426595273624954,-0.083892810357638,0,2022-12-01,2023-10-30,180.0
2023-03-30,dlog_SOLVPN__dlog_GOLD,dlog_SOLVPN,dlog_GOLD,0.022842934155294366,0.08226831514858547,-0.0594253809932911,0,2022-12-01,2023-10-30,180.0
2023-04-03,dlog_SOLVPN__dlog_GOLD,dlog_SOLVPN,dlog_GOLD,0.024689479158412835,0.042783235948125775,-0.01809375678971294,0,2022-12-01,2023-10-30,180.0
2023-04-04,dlog_SOLVPN__dlog_GOLD,dlog_SOLVPN,dlog_GOLD,0.028959506111935724,0.04286337198539774,-0.013903865873462016,0,2022-12-01,2023-10-30,180.0
2023-04-05,dlog_SOLVPN__dlog_GOLD,dlog_SOLVPN,dlog_GOLD,0.027332103246562676,0.06331008525212983,-0.035977982005567156,0,2022-12-01,2023-10-30,180.0
2023-04-10,dlog_SOLVPN__dlog_GOLD,dlog_SOLVPN,dlog_GOLD,0.030019887197239515,0.04884338075627432,-0.018823493559034805,0,2022-12-01,2023-10-30,180.0
2023-04-11,dlog_SOLVPN__dlog_GOLD,dlog_SOLVPN,dlog_GOLD,0.031306625412659966,0.06646702557476841,-0.035160400162108446,0,2022-12-01,2023-10-30,180.0
2023-04-12,dlog_SOLVPN__dlog_GOLD,dlog_SOLVPN,dlog_GOLD,0.03340213037066832,0.065952833728404,-0.03255070335773569,0,2022-12-01,2023-10-30,180.0
2023-04-13,dlog_SOLVPN__dlog_GOLD,dlog_SOLVPN,dlog_GOLD,0.0364553620912151,0.05823472604219973,-0.021779363950984627,0,2022-12-01,2023-10-30,180.0
2023-04-17,dlog_SOLVPN__dlog_GOLD,dlog_SOLVPN,dlog_GOLD,0.028326290488047242,0.018958352582646183,0.00936793790540106,0,2022-12-01,2023-10-30,180.0
2023-04-18,dlog_SOLVPN__dlog_GOLD,dlog_SOLVPN,dlog_GOLD,0.04447695868106211,0.030081360493094345,0.014395598187967769,0,2022-12-01,2023-10-30,180.0
2023-04-19,dlog_SOLVPN__dlog_GOLD,dlog_SOLVPN,dlog_GOLD,0.046877026231238884,0.02725784656002481,0.019619179671214074,0,2022-12-01,2023-10-30,180.0
2023-04-20,dlog_SOLVPN__dlog_GOLD,dlog_SOLVPN,dlog_GOLD,0.04296735372963089,0.04019479843474952,0.0027725552948813723,0,2022-12-01,2023-10-30,180.0
2023-04-24,dlog_SOLVPN__dlog_GOLD,dlog_SOLVPN,dlog_GOLD,0.025494085358751976,0.02651283670379795,-0.0010187513450459727,0,2022-12-01,2023-10-30,180.0
2023-04-25,dlog_SOLVPN__dlog_GOLD,dlog_SOLVPN,dlog_GOLD,0.03471814223042541,0.04422655518251262,-0.009508412952087208,0,2022-12-01,2023-10-30,180.0
2023-04-26,dlog_SOLVPN__dlog_GOLD,dlog_SOLVPN,dlog_GOLD,0.018516598904888378,0.03993398781752968,-0.021417388912641302,0,2022-12-01,2023-10-30,180.0
2023-04-27,dlog_SOLVPN__dlog_GOLD,dlog_SOLVPN,dlog_GOLD,0.016206063108959796,0.03211625712212421,-0.015910194013164413,0,2022-12-01,2023-10-30,180.0
2023-05-01,dlog_SOLVPN__dlog_GOLD,dlog_SOLVPN,dlog_GOLD,0.01727169099561598,0.036034239461988256,-0.018762548466372275,0,2022-12-01,2023-10-30,180.0
2023-05-02,dlog_SOLVPN__dlog_GOLD,dlog_SOLVPN,dlog_GOLD,0.009881135440763382,0.12264498151950186,-0.11276384607873847,0,2022-12-01,2023-10-30,180.0
2023-05-03,dlog_SOLVPN__dlog_GOLD,dlog_SOLVPN,dlog_GOLD,0.023448120129223277,0.0057980206367019655,0.01765009949252131,0,2022-12-01,2023-10-30,180.0
2023-05-04,dlog_SOLVPN__dlog_GOLD,dlog_SOLVPN,dlog_GOLD,0.027712310917258974,0.006918025044105384,0.02079428587315359,0,2022-12-01,2023-10-30,180.0
2023-05-08,dlog_SOLVPN__dlog_GOLD,dlog_SOLVPN,dlog_GOLD,0.031521642167418776,0.012048384873751606,0.019473257293667168,0,2022-12-01,2023-10-30,180.0
2023-05-09,dlog_SOLVPN__dlog_GOLD,dlog_SOLVPN,dlog_GOLD,0.03808368334967796,0.0151503164252914,0.02293336692438656,0,2022-12-01,2023-10-30,180.0
2023-05-10,dlog_SOLVPN__dlog_GOLD,dlog_SOLVPN,dlog_GOLD,0.028440839137948676,0.022251061613387996,0.00618977752456068,0,2022-12-01,2023-10-30,180.0
2023-05-11,dlog_SOLVPN__dlog_GOLD,dlog_SOLVPN,dlog_GOLD,0.03213324700360062,0.028185933279971633,0.003947313723628984,0,2022-12-01,2023-10-30,180.0
2023-05-15,dlog_SOLVPN__dlog_GOLD,dlog_SOLVPN,dlog_GOLD,0.03451841722883908,0.030214362506141852,0.00430405472269723,0,2022-12-01,2023-10-30,180.0
2023-05-16,dlog_SOLVPN__dlog_GOLD,dlog_SOLVPN,dlog_GOLD,0.07875691882217395,0.020963362410679174,0.05779355641149478,0,2022-12-01,2023-10-30,180.0
2023-05-17,dlog_SOLVPN__dlog_GOLD,dlog_SOLVPN,dlog_GOLD,0.01329122936544055,0.002993872273696074,0.010297357091744475,0,2022-12-01,2023-10-30,180.0
2023-05-18,dlog_SOLVPN__dlog_GOLD,dlog_SOLVPN,dlog_GOLD,0.049223201254328934,0.006330404031989268,0.042892797222339664,0,2022-12-01,2023-10-30,180.0
2023-05-22,dlog_SOLVPN__dlog_GOLD,dlog_SOLVPN,dlog_GOLD,0.03532066388081765,0.012396547123289105,0.022924116757528545,0,2022-12-01,2023-10-30,180.0
2023-05-23,dlog_SOLVPN__dlog_GOLD,dlog_SOLVPN,dlog_GOLD,0.02724600596951043,0.025392310316268613,0.0018536956532418172,0,2022-12-01,2023-10-30,180.0
2023-05-24,dlog_SOLVPN__dlog_GOLD,dlog_SOLVPN,dlog_GOLD,0.015097291130533427,0.016861766833777655,-0.0017644757032442282,0,2022-12-01,2023-10-30,180.0
2023-05-25,dlog_SOLVPN__dlog_GOLD,dlog_SOLVPN,dlog_GOLD,0.013544964735186264,0.04516123303773623,-0.03161626830254997,0,2022-12-01,2023-10-30,180.0
2023-05-30,dlog_SOLVPN__dlog_GOLD,dlog_SOLVPN,dlog_GOLD,0.005113855528009506,0.022627895415253445,-0.01751403988724394,0,2022-12-01,2023-10-30,180.0
2023-05-31,dlog_SOLVPN__dlog_GOLD,dlog_SOLVPN,dlog_GOLD,0.008213888888051104,0.01849081214083413,-0.010276923252783027,0,2022-12-01,2023-10-30,180.0
2023-06-01,dlog_SOLVPN__dlog_GOLD,dlog_SOLVPN,dlog_GOLD,0.008714757734574505,0.012894471369218194,-0.004179713634643688,0,2022-12-01,2023-10-30,180.0
2023-06-05,dlog_SOLVPN__dlog_GOLD,dlog_SOLVPN,dlog_GOLD,0.004592684540910056,0.008322731797692258,-0.0037300472567822016,0,2022-12-01,2023-10-30,180.0
2023-06-06,dlog_SOLVPN__dlog_GOLD,dlog_SOLVPN,dlog_GOLD,0.004130914238652312,0.012954037846059162,-0.00882312360740685,0,2022-12-01,2023-10-30,180.0
2023-06-07,dlog_SOLVPN__dlog_GOLD,dlog_SOLVPN,dlog_GOLD,0.005625970209862985,0.021362224688643825,-0.01573625447878084,0,2022-12-01,2023-10-30,180.0
2023-06-08,dlog_SOLVPN__dlog_GOLD,dlog_SOLVPN,dlog_GOLD,0.007596312753044885,0.006255044070449638,0.0013412686825952473,0,2022-12-01,2023-10-30,180.0
2023-06-12,dlog_SOLVPN__dlog_GOLD,dlog_SOLVPN,dlog_GOLD,0.005923652422677612,0.009127678312026306,-0.0032040258893486937,0,2022-12-01,2023-10-30,180.0
2023-06-13,dlog_SOLVPN__dlog_GOLD,dlog_SOLVPN,dlog_GOLD,0.0122970509921096,0.016404933871105698,-0.004107882878996098,0,2022-12-01,2023-10-30,180.0
2023-06-14,dlog_SOLVPN__dlog_GOLD,dlog_SOLVPN,dlog_GOLD,0.009653570255388542,0.018855073505370707,-0.009201503249982165,0,2022-12-01,2023-10-30,180.0
2023-06-15,dlog_SOLVPN__dlog_GOLD,dlog_SOLVPN,dlog_GOLD,0.011239120537339067,0.017093098834683712,-0.005853978297344645,0,2022-12-01,2023-10-30,180.0
2023-06-20,dlog_SOLVPN__dlog_GOLD,dlog_SOLVPN,dlog_GOLD,0.012168448917042078,0.01770254130529674,-0.005534092388254664,0,2022-12-01,2023-10-30,180.0
2023-06-21,dlog_SOLVPN__dlog_GOLD,dlog_SOLVPN,dlog_GOLD,0.014882027125451315,0.004877766495702248,0.010004260629749066,0,2022-12-01,2023-10-30,180.0
2023-06-22,dlog_SOLVPN__dlog_GOLD,dlog_SOLVPN,dlog_GOLD,0.03758554375526287,0.009945377600048771,0.0276401661552141,0,2022-12-01,2023-10-30,180.0
2023-06-26,dlog_SOLVPN__dlog_GOLD,dlog_SOLVPN,dlog_GOLD,0.024231826520761696,0.0019049610649520422,0.022326865455809655,0,2022-12-01,2023-10-30,180.0
2023-06-27,dlog_SOLVPN__dlog_GOLD,dlog_SOLVPN,dlog_GOLD,0.02402296620691927,0.004363973600460099,0.01965899260645917,0,2022-12-01,2023-10-30,180.0
2023-06-28,dlog_SOLVPN__dlog_GOLD,dlog_SOLVPN,dlog_GOLD,0.019618972250888135,0.004043083744448504,0.015575888506439631,0,2022-12-01,2023-10-30,180.0
2023-06-29,dlog_SOLVPN__dlog_GOLD,dlog_SOLVPN,dlog_GOLD,0.01698767258948624,0.0035007518037380083,0.013486920785748232,0,2022-12-01,2023-10-30,180.0
2023-07-03,dlog_SOLVPN__dlog_GOLD,dlog_SOLVPN,dlog_GOLD,0.019992392794073256,0.004227208162362872,0.015765184631710383,0,2022-12-01,2023-10-30,180.0
2023-07-05,dlog_SOLVPN__dlog_GOLD,dlog_SOLVPN,dlog_GOLD,0.007464559612469521,0.0021797985063432817,0.0052847611061262395,0,2022-12-01,2023-10-30,180.0
2023-07-06,dlog_SOLVPN__dlog_GOLD,dlog_SOLVPN,dlog_GOLD,0.017732058812618606,0.016772357575527735,0.0009597012370908715,0,2022-12-01,2023-10-30,180.0
2023-07-10,dlog_SOLVPN__dlog_GOLD,dlog_SOLVPN,dlog_GOLD,0.009879946503866886,0.01265151261902527,-0.002771566115158384,0,2022-12-01,2023-10-30,180.0
2023-07-11,dlog_SOLVPN__dlog_GOLD,dlog_SOLVPN,dlog_GOLD,0.013085095912066042,0.030682324968497193,-0.01759722905643115,0,2022-12-01,2023-10-30,180.0
2023-07-12,dlog_SOLVPN__dlog_GOLD,dlog_SOLVPN,dlog_GOLD,0.013860554462995296,0.0551543886571422,-0.04129383419414691,0,2022-12-01,2023-10-30,180.0
2023-07-13,dlog_SOLVPN__dlog_GOLD,dlog_SOLVPN,dlog_GOLD,0.014035460547603776,0.06536972507142225,-0.05133426452381847,0,2022-12-01,2023-10-30,180.0
2023-07-17,dlog_SOLVPN__dlog_GOLD,dlog_SOLVPN,dlog_GOLD,0.01896929421133833,0.05162989298025701,-0.03266059876891868,0,2022-12-01,2023-10-30,180.0
2023-07-18,dlog_SOLVPN__dlog_GOLD,dlog_SOLVPN,dlog_GOLD,0.025945145161684672,0.05557896771714428,-0.02963382255545961,0,2022-12-01,2023-10-30,180.0
2023-07-19,dlog_SOLVPN__dlog_GOLD,dlog_SOLVPN,dlog_GOLD,0.02615200166166373,0.07255010172467662,-0.046398100063012884,0,2022-12-01,2023-10-30,180.0
2023-07-20,dlog_SOLVPN__dlog_GOLD,dlog_SOLVPN,dlog_GOLD,0.0386247012377672,0.09284177629131786,-0.05421707505355066,0,2022-12-01,2023-10-30,180.0
2023-07-24,dlog_SOLVPN__dlog_GOLD,dlog_SOLVPN,dlog_GOLD,0.02546397187986638,0.04483628461656457,-0.019372312736698188,0,2022-12-01,2023-10-30,180.0
2023-07-25,dlog_SOLVPN__dlog_GOLD,dlog_SOLVPN,dlog_GOLD,0.02297064289219613,0.03794343101286794,-0.014972788120671814,0,2022-12-01,2023-10-30,180.0
2023-07-26,dlog_SOLVPN__dlog_GOLD,dlog_SOLVPN,dlog_GOLD,0.023179280156765524,0.040318086890780314,-0.01713880673401479,0,2022-12-01,2023-10-30,180.0
2023-07-27,dlog_SOLVPN__dlog_GOLD,dlog_SOLVPN,dlog_GOLD,0.03461227657917501,0.07454601303686975,-0.03993373645769474,0,2022-12-01,2023-10-30,180.0
2023-07-31,dlog_SOLVPN__dlog_GOLD,dlog_SOLVPN,dlog_GOLD,0.07465382870585327,0.07451206597464272,0.00014176273121055405,0,2022-12-01,2023-10-30,180.0
2023-08-01,dlog_SOLVPN__dlog_GOLD,dlog_SOLVPN,dlog_GOLD,0.08740078991083862,0.07999883590481119,0.007401954006027431,0,2022-12-01,2023-10-30,180.0
2023-08-02,dlog_SOLVPN__dlog_GOLD,dlog_SOLVPN,dlog_GOLD,0.09377823856026693,0.09640441092114936,-0.002626172360882431,0,2022-12-01,2023-10-30,180.0
2023-08-03,dlog_SOLVPN__dlog_GOLD,dlog_SOLVPN,dlog_GOLD,0.08260755868466994,0.09887580362415002,-0.016268244939480078,0,2022-12-01,2023-10-30,180.0
2023-08-07,dlog_SOLVPN__dlog_GOLD,dlog_SOLVPN,dlog_GOLD,0.08278973266211356,0.10852827946579761,-0.02573854680368405,0,2022-12-01,2023-10-30,180.0
2023-08-08,dlog_SOLVPN__dlog_GOLD,dlog_SOLVPN,dlog_GOLD,0.09687967342336858,0.11449888115814945,-0.017619207734780873,0,2022-12-01,2023-10-30,180.0
2023-08-09,dlog_SOLVPN__dlog_GOLD,dlog_SOLVPN,dlog_GOLD,0.07510399453135143,0.1063497220193741,-0.031245727488022665,0,2022-12-01,2023-10-30,180.0
2023-08-10,dlog_SOLVPN__dlog_GOLD,dlog_SOLVPN,dlog_GOLD,0.07463038360293091,0.10992709316757875,-0.03529670956464784,0,2022-12-01,2023-10-30,180.0
2023-08-14,dlog_SOLVPN__dlog_GOLD,dlog_SOLVPN,dlog_GOLD,0.07167387756869344,0.10739955179561068,-0.03572567422691725,0,2022-12-01,2023-10-30,180.0
2023-08-15,dlog_SOLVPN__dlog_GOLD,dlog_SOLVPN,dlog_GOLD,0.07572992635132597,0.10999574769857702,-0.03426582134725105,0,2022-12-01,2023-10-30,180.0
2023-08-16,dlog_SOLVPN__dlog_GOLD,dlog_SOLVPN,dlog_GOLD,0.07801486055870849,0.12176725612973491,-0.04375239557102642,0,2022-12-01,2023-10-30,180.0
2023-08-17,dlog_SOLVPN__dlog_GOLD,dlog_SOLVPN,dlog_GOLD,0.07712570423839106,0.12234243343735318,-0.04521672919896212,0,2022-12-01,2023-10-30,180.0
2023-08-21,dlog_SOLVPN__dlog_GOLD,dlog_SOLVPN,dlog_GOLD,0.07886654209175588,0.11855606585395691,-0.03968952376220103,0,2022-12-01,2023-10-30,180.0
2023-08-22,dlog_SOLVPN__dlog_GOLD,dlog_SOLVPN,dlog_GOLD,0.07886314100698179,0.1219100698280462,-0.04304692882106441,0,2022-12-01,2023-10-30,180.0
2023-08-23,dlog_SOLVPN__dlog_GOLD,dlog_SOLVPN,dlog_GOLD,0.11268711782089338,0.1397811427369682,-0.02709402491607482,0,2022-12-01,2023-10-30,180.0
2023-08-24,dlog_SOLVPN__dlog_GOLD,dlog_SOLVPN,dlog_GOLD,0.10109421661137596,0.117949261181016,-0.01685504456964003,0,2022-12-01,2023-10-30,180.0
2023-08-28,dlog_SOLVPN__dlog_GOLD,dlog_SOLVPN,dlog_GOLD,0.09822796338898793,0.11104899270167172,-0.012821029312683793,0,2022-12-01,2023-10-30,180.0
2023-08-29,dlog_SOLVPN__dlog_GOLD,dlog_SOLVPN,dlog_GOLD,0.10581158190454548,0.1064544832456363,-0.0006429013410908235,0,2022-12-01,2023-10-30,180.0
2023-08-30,dlog_SOLVPN__dlog_GOLD,dlog_SOLVPN,dlog_GOLD,0.11089352438938604,0.10875966971710284,0.002133854672283206,0,2022-12-01,2023-10-30,180.0
2023-08-31,dlog_SOLVPN__dlog_GOLD,dlog_SOLVPN,dlog_GOLD,0.10955689670698712,0.10915391523962784,0.00040298146735928686,0,2022-12-01,2023-10-30,180.0
2023-09-05,dlog_SOLVPN__dlog_GOLD,dlog_SOLVPN,dlog_GOLD,0.11644932063775484,0.11929455927902806,-0.002845238641273215,0,2022-12-01,2023-10-30,180.0
2023-09-06,dlog_SOLVPN__dlog_GOLD,dlog_SOLVPN,dlog_GOLD,0.12152383046703986,0.12946489908998754,-0.007941068622947675,0,2022-12-01,2023-10-30,180.0
2023-09-07,dlog_SOLVPN__dlog_GOLD,dlog_SOLVPN,dlog_GOLD,0.12451106331605868,0.1289323462772574,-0.0044212829611987026,0,2022-12-01,2023-10-30,180.0
2023-09-11,dlog_SOLVPN__dlog_GOLD,dlog_SOLVPN,dlog_GOLD,0.12432320455679426,0.13258118462548224,-0.008257980068687984,0,2022-12-01,2023-10-30,180.0
2023-09-12,dlog_SOLVPN__dlog_GOLD,dlog_SOLVPN,dlog_GOLD,0.11965075530708744,0.13462597564200654,-0.014975220334919104,0,2022-12-01,2023-10-30,180.0
2023-09-13,dlog_SOLVPN__dlog_GOLD,dlog_SOLVPN,dlog_GOLD,0.12396693860407029,0.1434067143483092,-0.019439775744238913,0,2022-12-01,2023-10-30,180.0
2023-09-14,dlog_SOLVPN__dlog_GOLD,dlog_SOLVPN,dlog_GOLD,0.11435089960735999,0.13552779876686688,-0.021176899159506893,0,2022-12-01,2023-10-30,180.0
2023-09-18,dlog_SOLVPN__dlog_GOLD,dlog_SOLVPN,dlog_GOLD,0.11354265778808799,0.12799833894872495,-0.01445568116063696,0,2022-12-01,2023-10-30,180.0
2023-09-19,dlog_SOLVPN__dlog_GOLD,dlog_SOLVPN,dlog_GOLD,0.12020799722931684,0.10113725244842628,0.01907074478089056,0,2022-12-01,2023-10-30,180.0
2023-09-20,dlog_SOLVPN__dlog_GOLD,dlog_SOLVPN,dlog_GOLD,0.08448084458146272,0.08908384791231715,-0.004603003330854422,0,2022-12-01,2023-10-30,180.0
2023-09-21,dlog_SOLVPN__dlog_GOLD,dlog_SOLVPN,dlog_GOLD,0.11848615892671693,0.06323124256340086,0.05525491636331607,0,2022-12-01,2023-10-30,180.0
2023-09-25,dlog_SOLVPN__dlog_GOLD,dlog_SOLVPN,dlog_GOLD,0.10327863542230045,0.09441149917950552,0.008867136242794935,0,2022-12-01,2023-10-30,180.0
2023-09-26,dlog_SOLVPN__dlog_GOLD,dlog_SOLVPN,dlog_GOLD,0.12243983279385472,0.09527617912750383,0.027163653666350887,0,2022-12-01,2023-10-30,180.0
2023-09-27,dlog_SOLVPN__dlog_GOLD,dlog_SOLVPN,dlog_GOLD,0.14837637402776277,0.09516240564714902,0.05321396838061375,0,2022-12-01,2023-10-30,180.0
2023-09-28,dlog_SOLVPN__dlog_GOLD,dlog_SOLVPN,dlog_GOLD,0.14687404921891428,0.08490461354001944,0.061969435678894846,0,2022-12-01,2023-10-30,180.0
2023-10-02,dlog_SOLVPN__dlog_GOLD,dlog_SOLVPN,dlog_GOLD,0.1081722249478617,0.10293125182347586,0.005240973124385845,0,2022-12-01,2023-10-30,180.0
2023-10-03,dlog_SOLVPN__dlog_GOLD,dlog_SOLVPN,dlog_GOLD,0.09936409642046666,0.0849479557264492,0.014416140694017462,0,2022-12-01,2023-10-30,180.0
2023-10-04,dlog_SOLVPN__dlog_GOLD,dlog_SOLVPN,dlog_GOLD,0.0978102904157696,0.08579432636680369,0.012015964048965905,0,2022-12-01,2023-10-30,180.0
2023-10-05,dlog_SOLVPN__dlog_GOLD,dlog_SOLVPN,dlog_GOLD,0.09695213276031431,0.07770187077217589,0.019250261988138423,0,2022-12-01,2023-10-30,180.0
2023-10-10,dlog_SOLVPN__dlog_GOLD,dlog_SOLVPN,dlog_GOLD,0.10419186777362989,0.0782186617211818,0.025973206052448086,0,2022-12-01,2023-10-30,180.0
2023-10-11,dlog_SOLVPN__dlog_GOLD,dlog_SOLVPN,dlog_GOLD,0.10360406934361091,0.07320509709030203,0.030398972253308884,0,2022-12-01,2023-10-30,180.0
2023-10-12,dlog_SOLVPN__dlog_GOLD,dlog_SOLVPN,dlog_GOLD,0.07689824716706889,0.07298149662714717,0.003916750539921715,0,2022-12-01,2023-10-30,180.0
2023-10-16,dlog_SOLVPN__dlog_GOLD,dlog_SOLVPN,dlog_GOLD,0.09252866846135648,0.10422132037117246,-0.011692651909815985,0,2022-12-01,2023-10-30,180.0
2023-10-17,dlog_SOLVPN__dlog_GOLD,dlog_SOLVPN,dlog_GOLD,0.11335526700549897,0.1197059855973495,-0.006350718591850532,0,2022-12-01,2023-10-30,180.0
2023-10-18,dlog_SOLVPN__dlog_GOLD,dlog_SOLVPN,dlog_GOLD,0.10568684322527974,0.07486514453313024,0.0308216986921495,0,2022-12-01,2023-10-30,180.0
2023-10-19,dlog_SOLVPN__dlog_GOLD,dlog_SOLVPN,dlog_GOLD,0.11381752266658808,0.056116341390874465,0.057701181275713616,0,2022-12-01,2023-10-30,180.0
2023-10-23,dlog_SOLVPN__dlog_GOLD,dlog_SOLVPN,dlog_GOLD,0.12268515101388404,0.06617519562744315,0.056509955386440894,0,2022-12-01,2023-10-30,180.0
2023-10-24,dlog_SOLVPN__dlog_GOLD,dlog_SOLVPN,dlog_GOLD,0.10910391106956695,0.0697113746975684,0.03939253637199855,0,2022-12-01,2023-10-30,180.0
2023-10-25,dlog_SOLVPN__dlog_GOLD,dlog_SOLVPN,dlog_GOLD,0.11464698051247228,0.06817422184328335,0.04647275866918893,0,2022-12-01,2023-10-30,180.0
2023-10-26,dlog_SOLVPN__dlog_GOLD,dlog_SOLVPN,dlog_GOLD,0.0765985420738544,0.062233451572515336,0.014365090501339065,0,2022-12-01,2023-10-30,180.0
2023-10-30,dlog_SOLVPN__dlog_GOLD,dlog_SOLVPN,dlog_GOLD,0.07678783969687657,0.06764993859119028,0.009137901105686283,0,2022-12-01,2023-10-30,180.0
2023-10-31,dlog_SOLVPN__dlog_GOLD,dlog_SOLVPN,dlog_GOLD,0.04654194384132983,0.0315217585882619,0.015020185253067926,1,2023-10-31,2024-07-16,140.0
2023-11-01,dlog_SOLVPN__dlog_GOLD,dlog_SOLVPN,dlog_GOLD,0.03874465231624525,0.033194412533545756,0.005550239782699494,1,2023-10-31,2024-07-16,140.0
2023-11-02,dlog_SOLVPN__dlog_GOLD,dlog_SOLVPN,dlog_GOLD,0.040213659109959596,0.059124728177107844,-0.018911069067148248,1,2023-10-31,2024-07-16,140.0
2023-11-06,dlog_SOLVPN__dlog_GOLD,dlog_SOLVPN,dlog_GOLD,0.056199703034269015,0.06836628921328562,-0.012166586179016607,1,2023-10-31,2024-07-16,140.0
2023-11-07,dlog_SOLVPN__dlog_GOLD,dlog_SOLVPN,dlog_GOLD,0.0522766707342907,0.08407568510525401,-0.03179901437096331,1,2023-10-31,2024-07-16,140.0
2023-11-08,dlog_SOLVPN__dlog_GOLD,dlog_SOLVPN,dlog_GOLD,0.06423160251870734,0.10231684248848018,-0.03808523996977284,1,2023-10-31,2024-07-16,140.0
2023-11-09,dlog_SOLVPN__dlog_GOLD,dlog_SOLVPN,dlog_GOLD,0.061604307868247166,0.06106826380392422,0.0005360440643229422,1,2023-10-31,2024-07-16,140.0
2023-11-13,dlog_SOLVPN__dlog_GOLD,dlog_SOLVPN,dlog_GOLD,0.053264255927727086,0.057357359233139366,-0.0040931033054122795,1,2023-10-31,2024-07-16,140.0
2023-11-14,dlog_SOLVPN__dlog_GOLD,dlog_SOLVPN,dlog_GOLD,0.08213871604304751,0.11295684257886658,-0.03081812653581907,1,2023-10-31,2024-07-16,140.0
2023-11-15,dlog_SOLVPN__dlog_GOLD,dlog_SOLVPN,dlog_GOLD,0.06194283893470194,0.08502008745394869,-0.02307724851924675,1,2023-10-31,2024-07-16,140.0
2023-11-16,dlog_SOLVPN__dlog_GOLD,dlog_SOLVPN,dlog_GOLD,0.05493293117850419,0.0826959699228982,-0.02776303874439401,1,2023-10-31,2024-07-16,140.0
2023-11-20,dlog_SOLVPN__dlog_GOLD,dlog_SOLVPN,dlog_GOLD,0.046112683932681024,0.045647857444031534,0.00046482648864949044,1,2023-10-31,2024-07-16,140.0
2023-11-21,dlog_SOLVPN__dlog_GOLD,dlog_SOLVPN,dlog_GOLD,0.03503919293507057,0.04351083751768253,-0.008471644582611959,1,2023-10-31,2024-07-16,140.0
2023-11-22,dlog_SOLVPN__dlog_GOLD,dlog_SOLVPN,dlog_GOLD,0.036618655746875915,0.043460934260214884,-0.006842278513338969,1,2023-10-31,2024-07-16,140.0
2023-11-27,dlog_SOLVPN__dlog_GOLD,dlog_SOLVPN,dlog_GOLD,0.03566071621030848,0.06334710714308074,-0.02768639093277226,1,2023-10-31,2024-07-16,140.0
2023-11-28,dlog_SOLVPN__dlog_GOLD,dlog_SOLVPN,dlog_GOLD,0.06463748962795428,0.04165239996286071,0.02298508966509357,1,2023-10-31,2024-07-16,140.0
2023-11-29,dlog_SOLVPN__dlog_GOLD,dlog_SOLVPN,dlog_GOLD,0.10896545031879334,0.035101650692235906,0.07386379962655744,1,2023-10-31,2024-07-16,140.0
2023-11-30,dlog_SOLVPN__dlog_GOLD,dlog_SOLVPN,dlog_GOLD,0.05139755014733581,0.03056512323736197,0.02083242690997384,1,2023-10-31,2024-07-16,140.0
2023-12-04,dlog_SOLVPN__dlog_GOLD,dlog_SOLVPN,dlog_GOLD,0.04690679613313836,0.026319668726353745,0.020587127406784617,1,2023-10-31,2024-07-16,140.0
2023-12-05,dlog_SOLVPN__dlog_GOLD,dlog_SOLVPN,dlog_GOLD,0.06332859136417691,0.03698905652554468,0.026339534838632238,1,2023-10-31,2024-07-16,140.0
2023-12-06,dlog_SOLVPN__dlog_GOLD,dlog_SOLVPN,dlog_GOLD,0.06589735371749696,0.02385958302074424,0.04203777069675271,1,2023-10-31,2024-07-16,140.0
2023-12-07,dlog_SOLVPN__dlog_GOLD,dlog_SOLVPN,dlog_GOLD,0.0658492289297835,0.024965138764377937,0.04088409016540556,1,2023-10-31,2024-07-16,140.0
2023-12-11,dlog_SOLVPN__dlog_GOLD,dlog_SOLVPN,dlog_GOLD,0.03244867878851586,0.02796257776788275,0.004486101020633109,1,2023-10-31,2024-07-16,140.0
2023-12-12,dlog_SOLVPN__dlog_GOLD,dlog_SOLVPN,dlog_GOLD,0.028384803559132497,0.029252899489878994,-0.0008680959307464965,1,2023-10-31,2024-07-16,140.0
2023-12-13,dlog_SOLVPN__dlog_GOLD,dlog_SOLVPN,dlog_GOLD,0.037179923815268766,0.04695569301534168,-0.009775769200072913,1,2023-10-31,2024-07-16,140.0
2023-12-14,dlog_SOLVPN__dlog_GOLD,dlog_SOLVPN,dlog_GOLD,0.11087997477785645,0.055435571747653005,0.05544440303020345,1,2023-10-31,2024-07-16,140.0
2023-12-18,dlog_SOLVPN__dlog_GOLD,dlog_SOLVPN,dlog_GOLD,0.07338596040852449,0.04123606491744716,0.03214989549107733,1,2023-10-31,2024-07-16,140.0
2023-12-19,dlog_SOLVPN__dlog_GOLD,dlog_SOLVPN,dlog_GOLD,0.07274225465040102,0.03966673866544935,0.03307551598495167,1,2023-10-31,2024-07-16,140.0
2023-12-20,dlog_SOLVPN__dlog_GOLD,dlog_SOLVPN,dlog_GOLD,0.07234858736397251,0.04235932345625534,0.029989263907717167,1,2023-10-31,2024-07-16,140.0
2023-12-21,dlog_SOLVPN__dlog_GOLD,dlog_SOLVPN,dlog_GOLD,0.0789868687102225,0.03989587940448713,0.03909098930573536,1,2023-10-31,2024-07-16,140.0
2023-12-26,dlog_SOLVPN__dlog_GOLD,dlog_SOLVPN,dlog_GOLD,0.10022430133807303,0.04894019018748126,0.05128411115059177,1,2023-10-31,2024-07-16,140.0
2023-12-27,dlog_SOLVPN__dlog_GOLD,dlog_SOLVPN,dlog_GOLD,0.1178677002223924,0.036849059948215204,0.0810186402741772,1,2023-10-31,2024-07-16,140.0
2023-12-28,dlog_SOLVPN__dlog_GOLD,dlog_SOLVPN,dlog_GOLD,0.10422136978018269,0.0378369397293197,0.06638443005086299,1,2023-10-31,2024-07-16,140.0
2024-01-02,dlog_SOLVPN__dlog_GOLD,dlog_SOLVPN,dlog_GOLD,0.10065722909340905,0.0365102317631411,0.06414699733026794,1,2023-10-31,2024-07-16,140.0
2024-01-03,dlog_SOLVPN__dlog_GOLD,dlog_SOLVPN,dlog_GOLD,0.11739755339706025,0.04913612019001739,0.06826143320704287,1,2023-10-31,2024-07-16,140.0
2024-01-04,dlog_SOLVPN__dlog_GOLD,dlog_SOLVPN,dlog_GOLD,0.11179708500995501,0.04236627525894904,0.06943080975100598,1,2023-10-31,2024-07-16,140.0
2024-01-08,dlog_SOLVPN__dlog_GOLD,dlog_SOLVPN,dlog_GOLD,0.11729626696338324,0.030491544078900208,0.08680472288448304,1,2023-10-31,2024-07-16,140.0
2024-01-09,dlog_SOLVPN__dlog_GOLD,dlog_SOLVPN,dlog_GOLD,0.10939545185047479,0.03937275455075708,0.07002269729971772,1,2023-10-31,2024-07-16,140.0
2024-01-10,dlog_SOLVPN__dlog_GOLD,dlog_SOLVPN,dlog_GOLD,0.1038536957047961,0.04695210276610952,0.05690159293868659,1,2023-10-31,2024-07-16,140.0
2024-01-11,dlog_SOLVPN__dlog_GOLD,dlog_SOLVPN,dlog_GOLD,0.1051627993370738,0.051489191938754744,0.053673607398319056,1,2023-10-31,2024-07-16,140.0
2024-01-16,dlog_SOLVPN__dlog_GOLD,dlog_SOLVPN,dlog_GOLD,0.07721345318386003,0.06385118114650624,0.013362272037353781,1,2023-10-31,2024-07-16,140.0
2024-01-17,dlog_SOLVPN__dlog_GOLD,dlog_SOLVPN,dlog_GOLD,0.1185655077239454,0.006230805469594187,0.11233470225435122,1,2023-10-31,2024-07-16,140.0
2024-01-18,dlog_SOLVPN__dlog_GOLD,dlog_SOLVPN,dlog_GOLD,0.07749447634676623,0.027392651617311584,0.05010182472945465,1,2023-10-31,2024-07-16,140.0
2024-01-22,dlog_SOLVPN__dlog_GOLD,dlog_SOLVPN,dlog_GOLD,0.08450028913001859,0.0012306179478053729,0.0832696711822132,1,2023-10-31,2024-07-16,140.0
2024-01-23,dlog_SOLVPN__dlog_GOLD,dlog_SOLVPN,dlog_GOLD,0.07457453303338916,0.0010757723386419999,0.07349876069474716,1,2023-10-31,2024-07-16,140.0
2024-01-24,dlog_SOLVPN__dlog_GOLD,dlog_SOLVPN,dlog_GOLD,0.07976755438924468,0.0013139565020774584,0.07845359788716723,1,2023-10-31,2024-07-16,140.0
2024-01-25,dlog_SOLVPN__dlog_GOLD,dlog_SOLVPN,dlog_GOLD,0.07606830495838489,0.0032779251171668267,0.07279037984121806,1,2023-10-31,2024-07-16,140.0
2024-01-29,dlog_SOLVPN__dlog_GOLD,dlog_SOLVPN,dlog_GOLD,0.0691224681892849,0.00041368238556086586,0.06870878580372404,1,2023-10-31,2024-07-16,140.0
2024-01-30,dlog_SOLVPN__dlog_GOLD,dlog_SOLVPN,dlog_GOLD,0.09269791297032945,0.0008528305260625738,0.09184508244426688,1,2023-10-31,2024-07-16,140.0
2024-01-31,dlog_SOLVPN__dlog_GOLD,dlog_SOLVPN,dlog_GOLD,0.06673266658453808,0.006514029618005347,0.060218636966532735,1,2023-10-31,2024-07-16,140.0
2024-02-01,dlog_SOLVPN__dlog_GOLD,dlog_SOLVPN,dlog_GOLD,0.07440749581303467,0.007085917664186354,0.06732157814884832,1,2023-10-31,2024-07-16,140.0
2024-02-05,dlog_SOLVPN__dlog_GOLD,dlog_SOLVPN,dlog_GOLD,0.014335353808123213,0.004309049928917799,0.010026303879205414,1,2023-10-31,2024-07-16,140.0
2024-02-06,dlog_SOLVPN__dlog_GOLD,dlog_SOLVPN,dlog_GOLD,0.008215462847776857,0.01611277066654799,-0.007897307818771132,1,2023-10-31,2024-07-16,140.0
2024-02-07,dlog_SOLVPN__dlog_GOLD,dlog_SOLVPN,dlog_GOLD,0.018535669844872246,0.014507357845039124,0.004028311999833122,1,2023-10-31,2024-07-16,140.0
2024-02-08,dlog_SOLVPN__dlog_GOLD,dlog_SOLVPN,dlog_GOLD,0.015071305043068216,0.013257100574702254,0.0018142044683659622,1,2023-10-31,2024-07-16,140.0
2024-02-12,dlog_SOLVPN__dlog_GOLD,dlog_SOLVPN,dlog_GOLD,0.003854477439770899,0.012585195536777454,-0.008730718097006556,1,2023-10-31,2024-07-16,140.0
2024-02-13,dlog_SOLVPN__dlog_GOLD,dlog_SOLVPN,dlog_GOLD,0.01392195120898455,0.01761390453046386,-0.0036919533214793097,1,2023-10-31,2024-07-16,140.0
2024-02-14,dlog_SOLVPN__dlog_GOLD,dlog_SOLVPN,dlog_GOLD,0.01935597195220825,0.016362071143390312,0.002993900808817937,1,2023-10-31,2024-07-16,140.0
2024-02-15,dlog_SOLVPN__dlog_GOLD,dlog_SOLVPN,dlog_GOLD,0.02579910732166467,0.031127999161775746,-0.005328891840111077,1,2023-10-31,2024-07-16,140.0
2024-02-20,dlog_SOLVPN__dlog_GOLD,dlog_SOLVPN,dlog_GOLD,0.055185526989165054,0.02650451282901571,0.028681014160149343,1,2023-10-31,2024-07-16,140.0
2024-02-21,dlog_SOLVPN__dlog_GOLD,dlog_SOLVPN,dlog_GOLD,0.05172963708816526,0.02865118445175822,0.02307845263640704,1,2023-10-31,2024-07-16,140.0
2024-02-22,dlog_SOLVPN__dlog_GOLD,dlog_SOLVPN,dlog_GOLD,0.04323461922879694,0.0432160037713952,1.8615457401741087e-05,1,2023-10-31,2024-07-16,140.0
2024-02-26,dlog_SOLVPN__dlog_GOLD,dlog_SOLVPN,dlog_GOLD,0.045937625573002114,0.033857919058947195,0.01207970651405492,1,2023-10-31,2024-07-16,140.0
2024-02-27,dlog_SOLVPN__dlog_GOLD,dlog_SOLVPN,dlog_GOLD,0.04619147516321306,0.029067079205100103,0.017124395958112954,1,2023-10-31,2024-07-16,140.0
2024-02-28,dlog_SOLVPN__dlog_GOLD,dlog_SOLVPN,dlog_GOLD,0.04079819951657263,0.032796240208299784,0.008001959308272848,1,2023-10-31,2024-07-16,140.0
2024-02-29,dlog_SOLVPN__dlog_GOLD,dlog_SOLVPN,dlog_GOLD,0.056453282014553526,0.030971351937352776,0.02548193007720075,1,2023-10-31,2024-07-16,140.0
2024-03-04,dlog_SOLVPN__dlog_GOLD,dlog_SOLVPN,dlog_GOLD,0.1783849909075604,0.07876984704541032,0.09961514386215009,1,2023-10-31,2024-07-16,140.0
2024-03-05,dlog_SOLVPN__dlog_GOLD,dlog_SOLVPN,dlog_GOLD,0.11361633142774057,0.05854436315903806,0.055071968268702504,1,2023-10-31,2024-07-16,140.0
2024-03-06,dlog_SOLVPN__dlog_GOLD,dlog_SOLVPN,dlog_GOLD,0.11480708387647341,0.053997533725874604,0.06080955015059881,1,2023-10-31,2024-07-16,140.0
2024-03-07,dlog_SOLVPN__dlog_GOLD,dlog_SOLVPN,dlog_GOLD,0.09544430583961341,0.04568491831431101,0.0497593875253024,1,2023-10-31,2024-07-16,140.0
2024-03-11,dlog_SOLVPN__dlog_GOLD,dlog_SOLVPN,dlog_GOLD,0.11625538814594581,0.04020874647881683,0.07604664166712899,1,2023-10-31,2024-07-16,140.0
2024-03-12,dlog_SOLVPN__dlog_GOLD,dlog_SOLVPN,dlog_GOLD,0.13556608513744575,0.03084552465571325,0.1047205604817325,1,2023-10-31,2024-07-16,140.0
2024-03-13,dlog_SOLVPN__dlog_GOLD,dlog_SOLVPN,dlog_GOLD,0.14236041782550524,0.02781993264895159,0.11454048517655364,1,2023-10-31,2024-07-16,140.0
2024-03-14,dlog_SOLVPN__dlog_GOLD,dlog_SOLVPN,dlog_GOLD,0.14449111683659624,0.02979623058502593,0.11469488625157032,1,2023-10-31,2024-07-16,140.0
2024-03-18,dlog_SOLVPN__dlog_GOLD,dlog_SOLVPN,dlog_GOLD,0.12146856023967369,0.02796197412960917,0.09350658611006452,1,2023-10-31,2024-07-16,140.0
2024-03-19,dlog_SOLVPN__dlog_GOLD,dlog_SOLVPN,dlog_GOLD,0.11972292060723437,0.030315863261929102,0.08940705734530527,1,2023-10-31,2024-07-16,140.0
2024-03-20,dlog_SOLVPN__dlog_GOLD,dlog_SOLVPN,dlog_GOLD,0.1277094828153263,0.03595246754528381,0.09175701527004249,1,2023-10-31,2024-07-16,140.0
2024-03-21,dlog_SOLVPN__dlog_GOLD,dlog_SOLVPN,dlog_GOLD,0.12057352571869666,0.04298178701330381,0.07759173870539285,1,2023-10-31,2024-07-16,140.0
2024-03-25,dlog_SOLVPN__dlog_GOLD,dlog_SOLVPN,dlog_GOLD,0.09178605411768291,0.034675863983229666,0.057110190134453245,1,2023-10-31,2024-07-16,140.0
2024-03-26,dlog_SOLVPN__dlog_GOLD,dlog_SOLVPN,dlog_GOLD,0.08946922828166816,0.03520909255860557,0.05426013572306259,1,2023-10-31,2024-07-16,140.0
2024-03-27,dlog_SOLVPN__dlog_GOLD,dlog_SOLVPN,dlog_GOLD,0.05177561553666735,0.03764894980789248,0.01412666572877487,1,2023-10-31,2024-07-16,140.0
2024-04-01,dlog_SOLVPN__dlog_GOLD,dlog_SOLVPN,dlog_GOLD,0.08510428099676796,0.018756477042790206,0.06634780395397775,1,2023-10-31,2024-07-16,140.0
2024-04-02,dlog_SOLVPN__dlog_GOLD,dlog_SOLVPN,dlog_GOLD,0.04653436648765523,0.024903781445384462,0.021630585042270768,1,2023-10-31,2024-07-16,140.0
2024-04-03,dlog_SOLVPN__dlog_GOLD,dlog_SOLVPN,dlog_GOLD,0.03528238881564058,0.025533145934358334,0.009749242881282247,1,2023-10-31,2024-07-16,140.0
2024-04-04,dlog_SOLVPN__dlog_GOLD,dlog_SOLVPN,dlog_GOLD,0.038994325552555976,0.06679517888155453,-0.027800853328998558,1,2023-10-31,2024-07-16,140.0
2024-04-08,dlog_SOLVPN__dlog_GOLD,dlog_SOLVPN,dlog_GOLD,0.025596135741483693,0.06251297280015275,-0.03691683705866906,1,2023-10-31,2024-07-16,140.0
2024-04-09,dlog_SOLVPN__dlog_GOLD,dlog_SOLVPN,dlog_GOLD,0.026030706329875933,0.03330739869166772,-0.007276692361791785,1,2023-10-31,2024-07-16,140.0
2024-04-10,dlog_SOLVPN__dlog_GOLD,dlog_SOLVPN,dlog_GOLD,0.04098166655208059,0.04337022041343421,-0.002388553861353622,1,2023-10-31,2024-07-16,140.0
2024-04-11,dlog_SOLVPN__dlog_GOLD,dlog_SOLVPN,dlog_GOLD,0.07157998434017072,0.039592902337592877,0.03198708200257785,1,2023-10-31,2024-07-16,140.0
2024-04-15,dlog_SOLVPN__dlog_GOLD,dlog_SOLVPN,dlog_GOLD,0.06618606345607912,0.05621590293250061,0.009970160523578513,1,2023-10-31,2024-07-16,140.0
2024-04-16,dlog_SOLVPN__dlog_GOLD,dlog_SOLVPN,dlog_GOLD,0.07872551574043739,0.05621073403217257,0.02251478170826482,1,2023-10-31,2024-07-16,140.0
2024-04-17,dlog_SOLVPN__dlog_GOLD,dlog_SOLVPN,dlog_GOLD,0.062034125925996886,0.08897857346423572,-0.02694444753823884,1,2023-10-31,2024-07-16,140.0
2024-04-18,dlog_SOLVPN__dlog_GOLD,dlog_SOLVPN,dlog_GOLD,0.06535787609420825,0.07456610337929379,-0.009208227285085538,1,2023-10-31,2024-07-16,140.0
2024-04-22,dlog_SOLVPN__dlog_GOLD,dlog_SOLVPN,dlog_GOLD,0.04235033562329374,0.07612100183780279,-0.033770666214509054,1,2023-10-31,2024-07-16,140.0
2024-04-23,dlog_SOLVPN__dlog_GOLD,dlog_SOLVPN,dlog_GOLD,0.04583437286353752,0.09792551142449701,-0.052091138560959496,1,2023-10-31,2024-07-16,140.0
2024-04-24,dlog_SOLVPN__dlog_GOLD,dlog_SOLVPN,dlog_GOLD,0.039607792610565046,0.09632934201792306,-0.05672154940735802,1,2023-10-31,2024-07-16,140.0
2024-04-25,dlog_SOLVPN__dlog_GOLD,dlog_SOLVPN,dlog_GOLD,0.04025937371191625,0.09763909484892253,-0.057379721137006276,1,2023-10-31,2024-07-16,140.0
2024-04-29,dlog_SOLVPN__dlog_GOLD,dlog_SOLVPN,dlog_GOLD,0.06490524724526908,0.09691453219484927,-0.03200928494958019,1,2023-10-31,2024-07-16,140.0
2024-04-30,dlog_SOLVPN__dlog_GOLD,dlog_SOLVPN,dlog_GOLD,0.1284310138165878,0.11837116528705703,0.010059848529530777,1,2023-10-31,2024-07-16,140.0
2024-05-01,dlog_SOLVPN__dlog_GOLD,dlog_SOLVPN,dlog_GOLD,0.10294446343673976,0.050774807080917965,0.05216965635582179,1,2023-10-31,2024-07-16,140.0
2024-05-02,dlog_SOLVPN__dlog_GOLD,dlog_SOLVPN,dlog_GOLD,0.07776668365374244,0.051873730284729705,0.025892953369012733,1,2023-10-31,2024-07-16,140.0
2024-05-06,dlog_SOLVPN__dlog_GOLD,dlog_SOLVPN,dlog_GOLD,0.04573329286939347,0.05146514623197943,-0.005731853362585963,1,2023-10-31,2024-07-16,140.0
2024-05-07,dlog_SOLVPN__dlog_GOLD,dlog_SOLVPN,dlog_GOLD,0.04254853138889198,0.04412613074548074,-0.0015775993565887575,1,2023-10-31,2024-07-16,140.0
2024-05-08,dlog_SOLVPN__dlog_GOLD,dlog_SOLVPN,dlog_GOLD,0.04329359965105482,0.046740825966022755,-0.0034472263149679314,1,2023-10-31,2024-07-16,140.0
2024-05-09,dlog_SOLVPN__dlog_GOLD,dlog_SOLVPN,dlog_GOLD,0.044282064487841916,0.04816174352930385,-0.003879679041461935,1,2023-10-31,2024-07-16,140.0
2024-05-13,dlog_SOLVPN__dlog_GOLD,dlog_SOLVPN,dlog_GOLD,0.03912633050096753,0.04930845284203185,-0.010182122341064317,1,2023-10-31,2024-07-16,140.0
2024-05-14,dlog_SOLVPN__dlog_GOLD,dlog_SOLVPN,dlog_GOLD,0.047129967275219675,0.04503265717345954,0.002097310101760133,1,2023-10-31,2024-07-16,140.0
2024-05-15,dlog_SOLVPN__dlog_GOLD,dlog_SOLVPN,dlog_GOLD,0.06708745639660722,0.065518998819892,0.0015684575767152265,1,2023-10-31,2024-07-16,140.0
2024-05-16,dlog_SOLVPN__dlog_GOLD,dlog_SOLVPN,dlog_GOLD,0.07917070624698826,0.0689458773268661,0.01022482892012215,1,2023-10-31,2024-07-16,140.0
2024-05-20,dlog_SOLVPN__dlog_GOLD,dlog_SOLVPN,dlog_GOLD,0.08198270910006361,0.06629019096043495,0.01569251813962866,1,2023-10-31,2024-07-16,140.0
2024-05-21,dlog_SOLVPN__dlog_GOLD,dlog_SOLVPN,dlog_GOLD,0.07871059723204682,0.06494871904179464,0.01376187819025218,1,2023-10-31,2024-07-16,140.0
2024-05-22,dlog_SOLVPN__dlog_GOLD,dlog_SOLVPN,dlog_GOLD,0.08825546834800087,0.08034254945381733,0.007912918894183538,1,2023-10-31,2024-07-16,140.0
2024-05-23,dlog_SOLVPN__dlog_GOLD,dlog_SOLVPN,dlog_GOLD,0.07090670740605282,0.05076516842726372,0.0201415389787891,1,2023-10-31,2024-07-16,140.0
2024-05-28,dlog_SOLVPN__dlog_GOLD,dlog_SOLVPN,dlog_GOLD,0.05701044805111992,0.05119516209744455,0.005815285953675371,1,2023-10-31,2024-07-16,140.0
2024-05-29,dlog_SOLVPN__dlog_GOLD,dlog_SOLVPN,dlog_GOLD,0.06475324205659895,0.05714293893147991,0.007610303125119039,1,2023-10-31,2024-07-16,140.0
2024-05-30,dlog_SOLVPN__dlog_GOLD,dlog_SOLVPN,dlog_GOLD,0.06249213710182941,0.060736403449795834,0.0017557336520335753,1,2023-10-31,2024-07-16,140.0
2024-06-03,dlog_SOLVPN__dlog_GOLD,dlog_SOLVPN,dlog_GOLD,0.06465271791079098,0.060406203640810875,0.0042465142699801076,1,2023-10-31,2024-07-16,140.0
2024-06-04,dlog_SOLVPN__dlog_GOLD,dlog_SOLVPN,dlog_GOLD,0.06179138196302766,0.0605159247188039,0.00127545724422376,1,2023-10-31,2024-07-16,140.0
2024-06-05,dlog_SOLVPN__dlog_GOLD,dlog_SOLVPN,dlog_GOLD,0.07446349571233053,0.08185045371178826,-0.0073869579994577245,1,2023-10-31,2024-07-16,140.0
2024-06-06,dlog_SOLVPN__dlog_GOLD,dlog_SOLVPN,dlog_GOLD,0.07430002595027027,0.08129451785011647,-0.006994491899846203,1,2023-10-31,2024-07-16,140.0
2024-06-10,dlog_SOLVPN__dlog_GOLD,dlog_SOLVPN,dlog_GOLD,0.04088458456499047,0.0771310537936354,-0.036246469228644926,1,2023-10-31,2024-07-16,140.0
2024-06-11,dlog_SOLVPN__dlog_GOLD,dlog_SOLVPN,dlog_GOLD,0.06564175068000994,0.05643591543148218,0.009205835248527756,1,2023-10-31,2024-07-16,140.0
2024-06-12,dlog_SOLVPN__dlog_GOLD,dlog_SOLVPN,dlog_GOLD,0.05014569086612652,0.05832661718248304,-0.008180926316356522,1,2023-10-31,2024-07-16,140.0
2024-06-13,dlog_SOLVPN__dlog_GOLD,dlog_SOLVPN,dlog_GOLD,0.0319032218681729,0.05611384389956967,-0.024210622031396775,1,2023-10-31,2024-07-16,140.0
2024-06-17,dlog_SOLVPN__dlog_GOLD,dlog_SOLVPN,dlog_GOLD,0.03797350747903532,0.05462093518197334,-0.01664742770293802,1,2023-10-31,2024-07-16,140.0
2024-06-18,dlog_SOLVPN__dlog_GOLD,dlog_SOLVPN,dlog_GOLD,0.04852747828607947,0.061915710773502414,-0.013388232487422942,1,2023-10-31,2024-07-16,140.0
2024-06-20,dlog_SOLVPN__dlog_GOLD,dlog_SOLVPN,dlog_GOLD,0.054294132814805454,0.036848947201387185,0.01744518561341827,1,2023-10-31,2024-07-16,140.0
2024-06-24,dlog_SOLVPN__dlog_GOLD,dlog_SOLVPN,dlog_GOLD,0.06723520297015234,0.03302793973835573,0.03420726323179661,1,2023-10-31,2024-07-16,140.0
2024-06-25,dlog_SOLVPN__dlog_GOLD,dlog_SOLVPN,dlog_GOLD,0.05994186576931755,0.05122516522273677,0.008716700546580781,1,2023-10-31,2024-07-16,140.0
2024-06-26,dlog_SOLVPN__dlog_GOLD,dlog_SOLVPN,dlog_GOLD,0.06214358176287389,0.05463516122712273,0.0075084205357511605,1,2023-10-31,2024-07-16,140.0
2024-06-27,dlog_SOLVPN__dlog_GOLD,dlog_SOLVPN,dlog_GOLD,0.052602172005731675,0.05977517702023051,-0.007173005014498836,1,2023-10-31,2024-07-16,140.0
2024-07-01,dlog_SOLVPN__dlog_GOLD,dlog_SOLVPN,dlog_GOLD,0.047334341205810426,0.056774011235539844,-0.009439670029729418,1,2023-10-31,2024-07-16,140.0
2024-07-02,dlog_SOLVPN__dlog_GOLD,dlog_SOLVPN,dlog_GOLD,0.05616967159543586,0.0592735711131417,-0.0031038995177058437,1,2023-10-31,2024-07-16,140.0
2024-07-03,dlog_SOLVPN__dlog_GOLD,dlog_SOLVPN,dlog_GOLD,0.07431681347182727,0.06516213944715096,0.009154674024676304,1,2023-10-31,2024-07-16,140.0
2024-07-08,dlog_SOLVPN__dlog_GOLD,dlog_SOLVPN,dlog_GOLD,0.052472664761366215,0.08347661398654273,-0.031003949225176512,1,2023-10-31,2024-07-16,140.0
2024-07-09,dlog_SOLVPN__dlog_GOLD,dlog_SOLVPN,dlog_GOLD,0.05228028680876077,0.07790752433186127,-0.025627237523100498,1,2023-10-31,2024-07-16,140.0
2024-07-10,dlog_SOLVPN__dlog_GOLD,dlog_SOLVPN,dlog_GOLD,0.050490782092652516,0.0844079974703664,-0.03391721537771388,1,2023-10-31,2024-07-16,140.0
2024-07-11,dlog_SOLVPN__dlog_GOLD,dlog_SOLVPN,dlog_GOLD,0.07387984679832653,0.09907793697372883,-0.025198090175402296,1,2023-10-31,2024-07-16,140.0
2024-07-15,dlog_SOLVPN__dlog_GOLD,dlog_SOLVPN,dlog_GOLD,0.06890902225564571,0.09365956248784094,-0.024750540232195223,1,2023-10-31,2024-07-16,140.0
2024-07-16,dlog_SOLVPN__dlog_GOLD,dlog_SOLVPN,dlog_GOLD,0.07144393245451366,0.10114348595274958,-0.029699553498235914,1,2023-10-31,2024-07-16,140.0
2024-07-17,dlog_SOLVPN__dlog_GOLD,dlog_SOLVPN,dlog_GOLD,0.07156599092780226,0.0778828560999952,-0.006316865172192945,2,2024-07-17,2025-04-15,145.0
2024-07-18,dlog_SOLVPN__dlog_GOLD,dlog_SOLVPN,dlog_GOLD,0.08480148720761521,0.07539493240988879,0.009406554797726424,2,2024-07-17,2025-04-15,145.0
2024-07-22,dlog_SOLVPN__dlog_GOLD,dlog_SOLVPN,dlog_GOLD,0.07850548603631495,0.03690864082288841,0.04159684521342654,2,2024-07-17,2025-04-15,145.0
2024-07-23,dlog_SOLVPN__dlog_GOLD,dlog_SOLVPN,dlog_GOLD,0.06576838467403126,0.02164857735205325,0.04411980732197801,2,2024-07-17,2025-04-15,145.0
2024-07-24,dlog_SOLVPN__dlog_GOLD,dlog_SOLVPN,dlog_GOLD,0.08040229208829712,0.034798298713456056,0.04560399337484106,2,2024-07-17,2025-04-15,145.0
2024-07-25,dlog_SOLVPN__dlog_GOLD,dlog_SOLVPN,dlog_GOLD,0.1062062381470582,0.0283498856438501,0.07785635250320809,2,2024-07-17,2025-04-15,145.0
2024-07-29,dlog_SOLVPN__dlog_GOLD,dlog_SOLVPN,dlog_GOLD,0.0865555340064427,0.03007059843231131,0.05648493557413139,2,2024-07-17,2025-04-15,145.0
2024-07-30,dlog_SOLVPN__dlog_GOLD,dlog_SOLVPN,dlog_GOLD,0.08423205505208754,0.029575968832049746,0.0546560862200378,2,2024-07-17,2025-04-15,145.0
2024-07-31,dlog_SOLVPN__dlog_GOLD,dlog_SOLVPN,dlog_GOLD,0.10664336193599161,0.10068186397019585,0.005961497965795759,2,2024-07-17,2025-04-15,145.0
2024-08-01,dlog_SOLVPN__dlog_GOLD,dlog_SOLVPN,dlog_GOLD,0.09171998913580492,0.08509071657658991,0.006629272559215013,2,2024-07-17,2025-04-15,145.0
2024-08-05,dlog_SOLVPN__dlog_GOLD,dlog_SOLVPN,dlog_GOLD,0.08998328331592673,0.07785262015817215,0.012130663157754573,2,2024-07-17,2025-04-15,145.0
2024-08-06,dlog_SOLVPN__dlog_GOLD,dlog_SOLVPN,dlog_GOLD,0.15079727285178202,0.14216544439081644,0.00863182846096558,2,2024-07-17,2025-04-15,145.0
2024-08-07,dlog_SOLVPN__dlog_GOLD,dlog_SOLVPN,dlog_GOLD,0.13308174671988798,0.14274412245738674,-0.009662375737498757,2,2024-07-17,2025-04-15,145.0
2024-08-08,dlog_SOLVPN__dlog_GOLD,dlog_SOLVPN,dlog_GOLD,0.15151185705268988,0.14512907582531942,0.00638278122737046,2,2024-07-17,2025-04-15,145.0
2024-08-12,dlog_SOLVPN__dlog_GOLD,dlog_SOLVPN,dlog_GOLD,0.14613616972241855,0.14703920657560274,-0.0009030368531841859,2,2024-07-17,2025-04-15,145.0
2024-08-13,dlog_SOLVPN__dlog_GOLD,dlog_SOLVPN,dlog_GOLD,0.14871563937658905,0.14872161230079095,-5.97292420190243e-06,2,2024-07-17,2025-04-15,145.0
2024-08-14,dlog_SOLVPN__dlog_GOLD,dlog_SOLVPN,dlog_GOLD,0.12456671097086142,0.14922050095465436,-0.024653789983792945,2,2024-07-17,2025-04-15,145.0
2024-08-15,dlog_SOLVPN__dlog_GOLD,dlog_SOLVPN,dlog_GOLD,0.1286764995495856,0.14112922557064234,-0.012452726021056737,2,2024-07-17,2025-04-15,145.0
2024-08-19,dlog_SOLVPN__dlog_GOLD,dlog_SOLVPN,dlog_GOLD,0.12750554927280613,0.1368450101130659,-0.009339460840259772,2,2024-07-17,2025-04-15,145.0
2024-08-20,dlog_SOLVPN__dlog_GOLD,dlog_SOLVPN,dlog_GOLD,0.12973342585427233,0.1351584466381105,-0.005425020783838164,2,2024-07-17,2025-04-15,145.0
2024-08-21,dlog_SOLVPN__dlog_GOLD,dlog_SOLVPN,dlog_GOLD,0.12776329898359548,0.14519760926467756,-0.017434310281082083,2,2024-07-17,2025-04-15,145.0
2024-08-22,dlog_SOLVPN__dlog_GOLD,dlog_SOLVPN,dlog_GOLD,0.12025401121826718,0.1376963519531243,-0.01744234073485712,2,2024-07-17,2025-04-15,145.0
2024-08-26,dlog_SOLVPN__dlog_GOLD,dlog_SOLVPN,dlog_GOLD,0.11741680083981872,0.12711758035510112,-0.009700779515282407,2,2024-07-17,2025-04-15,145.0
2024-08-27,dlog_SOLVPN__dlog_GOLD,dlog_SOLVPN,dlog_GOLD,0.1114971993217257,0.13479117719631095,-0.023293977874585245,2,2024-07-17,2025-04-15,145.0
2024-08-28,dlog_SOLVPN__dlog_GOLD,dlog_SOLVPN,dlog_GOLD,0.11640557650181384,0.12715928663365964,-0.010753710131845798,2,2024-07-17,2025-04-15,145.0
2024-08-29,dlog_SOLVPN__dlog_GOLD,dlog_SOLVPN,dlog_GOLD,0.11657872878444642,0.1510399848661517,-0.03446125608170528,2,2024-07-17,2025-04-15,145.0
2024-09-03,dlog_SOLVPN__dlog_GOLD,dlog_SOLVPN,dlog_GOLD,0.139425782057507,0.1389418329162209,0.0004839491412861052,2,2024-07-17,2025-04-15,145.0
2024-09-04,dlog_SOLVPN__dlog_GOLD,dlog_SOLVPN,dlog_GOLD,0.15487588346346154,0.13950455597160852,0.01537132749185302,2,2024-07-17,2025-04-15,145.0
2024-09-05,dlog_SOLVPN__dlog_GOLD,dlog_SOLVPN,dlog_GOLD,0.1474273428435276,0.12596421516734038,0.021463127676187216,2,2024-07-17,2025-04-15,145.0
2024-09-09,dlog_SOLVPN__dlog_GOLD,dlog_SOLVPN,dlog_GOLD,0.14670401967610835,0.0993076017726808,0.04739641790342755,2,2024-07-17,2025-04-15,145.0
2024-09-10,dlog_SOLVPN__dlog_GOLD,dlog_SOLVPN,dlog_GOLD,0.1376807456645123,0.1168740241170394,0.0208067215474729,2,2024-07-17,2025-04-15,145.0
2024-09-11,dlog_SOLVPN__dlog_GOLD,dlog_SOLVPN,dlog_GOLD,0.13718685440380934,0.11633963171555306,0.020847222688256284,2,2024-07-17,2025-04-15,145.0
2024-09-12,dlog_SOLVPN__dlog_GOLD,dlog_SOLVPN,dlog_GOLD,0.12146898579649153,0.11466021746454295,0.0068087683319485726,2,2024-07-17,2025-04-15,145.0
2024-09-16,dlog_SOLVPN__dlog_GOLD,dlog_SOLVPN,dlog_GOLD,0.1132855182271941,0.13240933954159648,-0.01912382131440238,2,2024-07-17,2025-04-15,145.0
2024-09-17,dlog_SOLVPN__dlog_GOLD,dlog_SOLVPN,dlog_GOLD,0.11326908921879902,0.12096678661825988,-0.007697697399460857,2,2024-07-17,2025-04-15,145.0
2024-09-18,dlog_SOLVPN__dlog_GOLD,dlog_SOLVPN,dlog_GOLD,0.1096632411576474,0.10839855715436528,0.0012646840032821266,2,2024-07-17,2025-04-15,145.0
2024-09-19,dlog_SOLVPN__dlog_GOLD,dlog_SOLVPN,dlog_GOLD,0.10541486609607656,0.09900445885109584,0.006410407244980723,2,2024-07-17,2025-04-15,145.0
2024-09-23,dlog_SOLVPN__dlog_GOLD,dlog_SOLVPN,dlog_GOLD,0.1081463818720233,0.10526411524724408,0.002882266624779223,2,2024-07-17,2025-04-15,145.0
2024-09-24,dlog_SOLVPN__dlog_GOLD,dlog_SOLVPN,dlog_GOLD,0.12775483168733895,0.11428145038315365,0.013473381304185295,2,2024-07-17,2025-04-15,145.0
2024-09-25,dlog_SOLVPN__dlog_GOLD,dlog_SOLVPN,dlog_GOLD,0.12550669555619065,0.10881240382639934,0.01669429172979131,2,2024-07-17,2025-04-15,145.0
2024-09-26,dlog_SOLVPN__dlog_GOLD,dlog_SOLVPN,dlog_GOLD,0.12872772604611948,0.10924326591783005,0.01948446012828943,2,2024-07-17,2025-04-15,145.0
2024-09-30,dlog_SOLVPN__dlog_GOLD,dlog_SOLVPN,dlog_GOLD,0.12957372715492993,0.11255044048776497,0.01702328666716496,2,2024-07-17,2025-04-15,145.0
2024-10-01,dlog_SOLVPN__dlog_GOLD,dlog_SOLVPN,dlog_GOLD,0.13050642024326212,0.11375807562029072,0.016748344622971395,2,2024-07-17,2025-04-15,145.0
2024-10-02,dlog_SOLVPN__dlog_GOLD,dlog_SOLVPN,dlog_GOLD,0.11207739263802062,0.10595721020115663,0.006120182436863991,2,2024-07-17,2025-04-15,145.0
2024-10-03,dlog_SOLVPN__dlog_GOLD,dlog_SOLVPN,dlog_GOLD,0.11352051091675851,0.10214845209355,0.011372058823208506,2,2024-07-17,2025-04-15,145.0
2024-10-07,dlog_SOLVPN__dlog_GOLD,dlog_SOLVPN,dlog_GOLD,0.1290791841357114,0.09025661704120799,0.03882256709450341,2,2024-07-17,2025-04-15,145.0
2024-10-08,dlog_SOLVPN__dlog_GOLD,dlog_SOLVPN,dlog_GOLD,0.14583604595571292,0.10011758045648304,0.04571846549922988,2,2024-07-17,2025-04-15,145.0
2024-10-09,dlog_SOLVPN__dlog_GOLD,dlog_SOLVPN,dlog_GOLD,0.15610389965096455,0.11719222207821829,0.03891167757274626,2,2024-07-17,2025-04-15,145.0
2024-10-10,dlog_SOLVPN__dlog_GOLD,dlog_SOLVPN,dlog_GOLD,0.15679785397431314,0.11698703717498816,0.03981081679932498,2,2024-07-17,2025-04-15,145.0
2024-10-15,dlog_SOLVPN__dlog_GOLD,dlog_SOLVPN,dlog_GOLD,0.15416721219158067,0.11292952562428239,0.04123768656729827,2,2024-07-17,2025-04-15,145.0
2024-10-16,dlog_SOLVPN__dlog_GOLD,dlog_SOLVPN,dlog_GOLD,0.1575633225139657,0.11681972507353405,0.040743597440431656,2,2024-07-17,2025-04-15,145.0
2024-10-17,dlog_SOLVPN__dlog_GOLD,dlog_SOLVPN,dlog_GOLD,0.15226936717536443,0.09736328790062707,0.05490607927473737,2,2024-07-17,2025-04-15,145.0
2024-10-21,dlog_SOLVPN__dlog_GOLD,dlog_SOLVPN,dlog_GOLD,0.11718626497663623,0.09207917110383863,0.025107093872797595,2,2024-07-17,2025-04-15,145.0
2024-10-22,dlog_SOLVPN__dlog_GOLD,dlog_SOLVPN,dlog_GOLD,0.12275973691971559,0.09147526306606371,0.03128447385365188,2,2024-07-17,2025-04-15,145.0
2024-10-23,dlog_SOLVPN__dlog_GOLD,dlog_SOLVPN,dlog_GOLD,0.10775694539966087,0.08841491074466636,0.01934203465499451,2,2024-07-17,2025-04-15,145.0
2024-10-24,dlog_SOLVPN__dlog_GOLD,dlog_SOLVPN,dlog_GOLD,0.09997580465530179,0.10177058040480468,-0.0017947757495028888,2,2024-07-17,2025-04-15,145.0
2024-10-28,dlog_SOLVPN__dlog_GOLD,dlog_SOLVPN,dlog_GOLD,0.09027092942648739,0.09762734810015829,-0.0073564186736709,2,2024-07-17,2025-04-15,145.0
2024-10-29,dlog_SOLVPN__dlog_GOLD,dlog_SOLVPN,dlog_GOLD,0.08870577956691712,0.0766163761753524,0.012089403391564724,2,2024-07-17,2025-04-15,145.0
2024-10-30,dlog_SOLVPN__dlog_GOLD,dlog_SOLVPN,dlog_GOLD,0.05537250238749158,0.055212609671492635,0.00015989271599894245,2,2024-07-17,2025-04-15,145.0
2024-10-31,dlog_SOLVPN__dlog_GOLD,dlog_SOLVPN,dlog_GOLD,0.08612756527087527,0.06709448405111222,0.01903308121976305,2,2024-07-17,2025-04-15,145.0
2024-11-04,dlog_SOLVPN__dlog_GOLD,dlog_SOLVPN,dlog_GOLD,0.0913937598935962,0.08101634003027151,0.010377419863324688,2,2024-07-17,2025-04-15,145.0
2024-11-05,dlog_SOLVPN__dlog_GOLD,dlog_SOLVPN,dlog_GOLD,0.08887766364028903,0.08468468107463585,0.004192982565653175,2,2024-07-17,2025-04-15,145.0
2024-11-06,dlog_SOLVPN__dlog_GOLD,dlog_SOLVPN,dlog_GOLD,0.09568133523416203,0.09819280933819047,-0.0025114741040284383,2,2024-07-17,2025-04-15,145.0
2024-11-07,dlog_SOLVPN__dlog_GOLD,dlog_SOLVPN,dlog_GOLD,0.062379769155830905,0.07571667253738547,-0.013336903381554563,2,2024-07-17,2025-04-15,145.0
2024-11-12,dlog_SOLVPN__dlog_GOLD,dlog_SOLVPN,dlog_GOLD,0.15702331879138431,0.0751761017568802,0.08184721703450411,2,2024-07-17,2025-04-15,145.0
2024-11-13,dlog_SOLVPN__dlog_GOLD,dlog_SOLVPN,dlog_GOLD,0.05569572784185071,0.06814814950782658,-0.01245242166597587,2,2024-07-17,2025-04-15,145.0
2024-11-14,dlog_SOLVPN__dlog_GOLD,dlog_SOLVPN,dlog_GOLD,0.05696257117019949,0.06636989131134248,-0.00940732014114299,2,2024-07-17,2025-04-15,145.0
2024-11-18,dlog_SOLVPN__dlog_GOLD,dlog_SOLVPN,dlog_GOLD,0.09146762553520578,0.09105261835631513,0.0004150071788906473,2,2024-07-17,2025-04-15,145.0
2024-11-19,dlog_SOLVPN__dlog_GOLD,dlog_SOLVPN,dlog_GOLD,0.08322658057382548,0.07983274773021387,0.0033938328436116105,2,2024-07-17,2025-04-15,145.0
2024-11-20,dlog_SOLVPN__dlog_GOLD,dlog_SOLVPN,dlog_GOLD,0.07846661979166733,0.07726337398742099,0.0012032458042463418,2,2024-07-17,2025-04-15,145.0
2024-11-21,dlog_SOLVPN__dlog_GOLD,dlog_SOLVPN,dlog_GOLD,0.07739994066647432,0.07655062961736778,0.0008493110491065436,2,2024-07-17,2025-04-15,145.0
2024-11-25,dlog_SOLVPN__dlog_GOLD,dlog_SOLVPN,dlog_GOLD,0.05006233174317557,0.041656768812763374,0.008405562930412197,2,2024-07-17,2025-04-15,145.0
2024-11-26,dlog_SOLVPN__dlog_GOLD,dlog_SOLVPN,dlog_GOLD,0.0303263845373142,0.029126490295015434,0.0011998942422987678,2,2024-07-17,2025-04-15,145.0
2024-11-27,dlog_SOLVPN__dlog_GOLD,dlog_SOLVPN,dlog_GOLD,0.056094134994931925,0.027883157613849553,0.028210977381082372,2,2024-07-17,2025-04-15,145.0
2024-12-02,dlog_SOLVPN__dlog_GOLD,dlog_SOLVPN,dlog_GOLD,0.05516302364544814,0.018891779025711285,0.03627124461973685,2,2024-07-17,2025-04-15,145.0
2024-12-03,dlog_SOLVPN__dlog_GOLD,dlog_SOLVPN,dlog_GOLD,0.05463229942637352,0.023213658995982652,0.03141864043039087,2,2024-07-17,2025-04-15,145.0
2024-12-04,dlog_SOLVPN__dlog_GOLD,dlog_SOLVPN,dlog_GOLD,0.05625726287428502,0.025206029378387344,0.031051233495897678,2,2024-07-17,2025-04-15,145.0
2024-12-05,dlog_SOLVPN__dlog_GOLD,dlog_SOLVPN,dlog_GOLD,0.052774851331427786,0.02636543169006706,0.026409419641360725,2,2024-07-17,2025-04-15,145.0
2024-12-09,dlog_SOLVPN__dlog_GOLD,dlog_SOLVPN,dlog_GOLD,0.04729544770877107,0.015873810062957145,0.03142163764581392,2,2024-07-17,2025-04-15,145.0
2024-12-10,dlog_SOLVPN__dlog_GOLD,dlog_SOLVPN,dlog_GOLD,0.04624168097732419,0.03538285419038738,0.01085882678693681,2,2024-07-17,2025-04-15,145.0
2024-12-11,dlog_SOLVPN__dlog_GOLD,dlog_SOLVPN,dlog_GOLD,0.06941137765162354,0.03145526623685007,0.03795611141477347,2,2024-07-17,2025-04-15,145.0
2024-12-12,dlog_SOLVPN__dlog_GOLD,dlog_SOLVPN,dlog_GOLD,0.08850944965531835,0.04178720463168438,0.046722245023633965,2,2024-07-17,2025-04-15,145.0
2024-12-16,dlog_SOLVPN__dlog_GOLD,dlog_SOLVPN,dlog_GOLD,0.025027046315469096,0.024892408245027906,0.0001346380704411905,2,2024-07-17,2025-04-15,145.0
2024-12-17,dlog_SOLVPN__dlog_GOLD,dlog_SOLVPN,dlog_GOLD,0.02154740883109697,0.02426610529409981,-0.0027186964630028405,2,2024-07-17,2025-04-15,145.0
2024-12-18,dlog_SOLVPN__dlog_GOLD,dlog_SOLVPN,dlog_GOLD,0.04221706005391431,0.08054469203541886,-0.03832763198150455,2,2024-07-17,2025-04-15,145.0
2024-12-19,dlog_SOLVPN__dlog_GOLD,dlog_SOLVPN,dlog_GOLD,0.055758647942739444,0.033634401150911736,0.022124246791827708,2,2024-07-17,2025-04-15,145.0
2024-12-23,dlog_SOLVPN__dlog_GOLD,dlog_SOLVPN,dlog_GOLD,0.04104251701973247,0.028045167580947567,0.012997349438784906,2,2024-07-17,2025-04-15,145.0
2024-12-26,dlog_SOLVPN__dlog_GOLD,dlog_SOLVPN,dlog_GOLD,0.044542189509643663,0.025611410091069674,0.01893077941857399,2,2024-07-17,2025-04-15,145.0
2024-12-30,dlog_SOLVPN__dlog_GOLD,dlog_SOLVPN,dlog_GOLD,0.027217531393343913,0.033028984923128855,-0.005811453529784943,2,2024-07-17,2025-04-15,145.0
2025-01-02,dlog_SOLVPN__dlog_GOLD,dlog_SOLVPN,dlog_GOLD,0.02844278530927153,0.06419185260386091,-0.03574906729458938,2,2024-07-17,2025-04-15,145.0
2025-01-06,dlog_SOLVPN__dlog_GOLD,dlog_SOLVPN,dlog_GOLD,0.028359091976523556,0.06579608026820401,-0.03743698829168045,2,2024-07-17,2025-04-15,145.0
2025-01-07,dlog_SOLVPN__dlog_GOLD,dlog_SOLVPN,dlog_GOLD,0.007469542734984646,0.016978585697774766,-0.00950904296279012,2,2024-07-17,2025-04-15,145.0
2025-01-08,dlog_SOLVPN__dlog_GOLD,dlog_SOLVPN,dlog_GOLD,0.0027365144682861965,0.03294525025888532,-0.03020873579059912,2,2024-07-17,2025-04-15,145.0
2025-01-13,dlog_SOLVPN__dlog_GOLD,dlog_SOLVPN,dlog_GOLD,0.026433251559357156,0.0260052771306745,0.00042797442868265645,2,2024-07-17,2025-04-15,145.0
2025-01-14,dlog_SOLVPN__dlog_GOLD,dlog_SOLVPN,dlog_GOLD,0.01674406772728117,0.0325162279137327,-0.01577216018645153,2,2024-07-17,2025-04-15,145.0
2025-01-15,dlog_SOLVPN__dlog_GOLD,dlog_SOLVPN,dlog_GOLD,0.04190118685197278,0.03669918176448571,0.005202005087487069,2,2024-07-17,2025-04-15,145.0
2025-01-16,dlog_SOLVPN__dlog_GOLD,dlog_SOLVPN,dlog_GOLD,0.03681200955218651,0.06698516413963401,-0.0301731545874475,2,2024-07-17,2025-04-15,145.0
2025-01-21,dlog_SOLVPN__dlog_GOLD,dlog_SOLVPN,dlog_GOLD,0.12243557155816681,0.07292111068834994,0.04951446086981687,2,2024-07-17,2025-04-15,145.0
2025-01-22,dlog_SOLVPN__dlog_GOLD,dlog_SOLVPN,dlog_GOLD,0.099736562593347,0.03973367465246765,0.060002887940879344,2,2024-07-17,2025-04-15,145.0
2025-01-23,dlog_SOLVPN__dlog_GOLD,dlog_SOLVPN,dlog_GOLD,0.07327037746717491,0.01752562746591376,0.05574475000126115,2,2024-07-17,2025-04-15,145.0
2025-01-27,dlog_SOLVPN__dlog_GOLD,dlog_SOLVPN,dlog_GOLD,0.13293269177484407,0.07486932551941325,0.05806336625543082,2,2024-07-17,2025-04-15,145.0
2025-01-28,dlog_SOLVPN__dlog_GOLD,dlog_SOLVPN,dlog_GOLD,0.021515925347827054,0.08455751652040504,-0.06304159117257799,2,2024-07-17,2025-04-15,145.0
2025-01-29,dlog_SOLVPN__dlog_GOLD,dlog_SOLVPN,dlog_GOLD,0.023929414433973645,0.07011771832387019,-0.046188303889896545,2,2024-07-17,2025-04-15,145.0
2025-01-30,dlog_SOLVPN__dlog_GOLD,dlog_SOLVPN,dlog_GOLD,0.02767038519014541,0.07691080253578077,-0.04924041734563536,2,2024-07-17,2025-04-15,145.0
2025-02-03,dlog_SOLVPN__dlog_GOLD,dlog_SOLVPN,dlog_GOLD,0.022825583414446467,0.037327964138856425,-0.014502380724409958,2,2024-07-17,2025-04-15,145.0
2025-02-04,dlog_SOLVPN__dlog_GOLD,dlog_SOLVPN,dlog_GOLD,0.024650219338499944,0.035460439525454746,-0.010810220186954801,2,2024-07-17,2025-04-15,145.0
2025-02-05,dlog_SOLVPN__dlog_GOLD,dlog_SOLVPN,dlog_GOLD,0.03713057602524387,0.041944436189898474,-0.004813860164654606,2,2024-07-17,2025-04-15,145.0
2025-02-06,dlog_SOLVPN__dlog_GOLD,dlog_SOLVPN,dlog_GOLD,0.07498158906830002,0.049293927077418344,0.025687661990881676,2,2024-07-17,2025-04-15,145.0
2025-02-10,dlog_SOLVPN__dlog_GOLD,dlog_SOLVPN,dlog_GOLD,0.05319774372705499,0.04438080142431521,0.008816942302739779,2,2024-07-17,2025-04-15,145.0
2025-02-11,dlog_SOLVPN__dlog_GOLD,dlog_SOLVPN,dlog_GOLD,0.04583972839706509,0.04543438073049584,0.00040534766656925153,2,2024-07-17,2025-04-15,145.0
2025-02-12,dlog_SOLVPN__dlog_GOLD,dlog_SOLVPN,dlog_GOLD,0.04748978810393645,0.04545818352392721,0.0020316045800092344,2,2024-07-17,2025-04-15,145.0
2025-02-13,dlog_SOLVPN__dlog_GOLD,dlog_SOLVPN,dlog_GOLD,0.04220307035040119,0.03951224996928211,0.0026908203811190773,2,2024-07-17,2025-04-15,145.0
2025-02-18,dlog_SOLVPN__dlog_GOLD,dlog_SOLVPN,dlog_GOLD,0.041529537934070715,0.034994662840140606,0.006534875093930109,2,2024-07-17,2025-04-15,145.0
2025-02-19,dlog_SOLVPN__dlog_GOLD,dlog_SOLVPN,dlog_GOLD,0.04044812943826235,0.035890423472570335,0.004557705965692015,2,2024-07-17,2025-04-15,145.0
2025-02-20,dlog_SOLVPN__dlog_GOLD,dlog_SOLVPN,dlog_GOLD,0.053229660947166864,0.03657667687181726,0.016652984075349604,2,2024-07-17,2025-04-15,145.0
2025-02-24,dlog_SOLVPN__dlog_GOLD,dlog_SOLVPN,dlog_GOLD,0.058553122911149794,0.03620657709886732,0.022346545812282473,2,2024-07-17,2025-04-15,145.0
2025-02-25,dlog_SOLVPN__dlog_GOLD,dlog_SOLVPN,dlog_GOLD,0.08261604325871666,0.043048248119821775,0.039567795138894885,2,2024-07-17,2025-04-15,145.0
2025-02-26,dlog_SOLVPN__dlog_GOLD,dlog_SOLVPN,dlog_GOLD,0.07575831212012142,0.044570607177982766,0.031187704942138655,2,2024-07-17,2025-04-15,145.0
2025-02-27,dlog_SOLVPN__dlog_GOLD,dlog_SOLVPN,dlog_GOLD,0.082711981068044,0.05218124688948837,0.030530734178555632,2,2024-07-17,2025-04-15,145.0
2025-03-03,dlog_SOLVPN__dlog_GOLD,dlog_SOLVPN,dlog_GOLD,0.07117838642937627,0.04626677918434574,0.024911607245030526,2,2024-07-17,2025-04-15,145.0
2025-03-04,dlog_SOLVPN__dlog_GOLD,dlog_SOLVPN,dlog_GOLD,0.07265331281650307,0.03529986868491168,0.03735344413159139,2,2024-07-17,2025-04-15,145.0
2025-03-05,dlog_SOLVPN__dlog_GOLD,dlog_SOLVPN,dlog_GOLD,0.05746636956756246,0.03535675350308297,0.02210961606447949,2,2024-07-17,2025-04-15,145.0
2025-03-06,dlog_SOLVPN__dlog_GOLD,dlog_SOLVPN,dlog_GOLD,0.10074456031046801,0.04935830046729182,0.05138625984317619,2,2024-07-17,2025-04-15,145.0
2025-03-10,dlog_SOLVPN__dlog_GOLD,dlog_SOLVPN,dlog_GOLD,0.09709309260255303,0.05923514787108595,0.03785794473146708,2,2024-07-17,2025-04-15,145.0
2025-03-11,dlog_SOLVPN__dlog_GOLD,dlog_SOLVPN,dlog_GOLD,0.09864943965822139,0.06470250002342635,0.03394693963479503,2,2024-07-17,2025-04-15,145.0
2025-03-12,dlog_SOLVPN__dlog_GOLD,dlog_SOLVPN,dlog_GOLD,0.10387812150471082,0.06528863924546435,0.038589482259246466,2,2024-07-17,2025-04-15,145.0
2025-03-13,dlog_SOLVPN__dlog_GOLD,dlog_SOLVPN,dlog_GOLD,0.09230098106941183,0.0631790297047603,0.029121951364651524,2,2024-07-17,2025-04-15,145.0
2025-03-17,dlog_SOLVPN__dlog_GOLD,dlog_SOLVPN,dlog_GOLD,0.09231033396935795,0.06540219323935587,0.026908140730002084,2,2024-07-17,2025-04-15,145.0
2025-03-18,dlog_SOLVPN__dlog_GOLD,dlog_SOLVPN,dlog_GOLD,0.05642705455995798,0.05239899692822275,0.004028057631735228,2,2024-07-17,2025-04-15,145.0
2025-03-19,dlog_SOLVPN__dlog_GOLD,dlog_SOLVPN,dlog_GOLD,0.05723507715819728,0.0642988894487638,-0.007063812290566525,2,2024-07-17,2025-04-15,145.0
2025-03-20,dlog_SOLVPN__dlog_GOLD,dlog_SOLVPN,dlog_GOLD,0.06345676972980954,0.05692125459696632,0.006535515132843221,2,2024-07-17,2025-04-15,145.0
2025-03-24,dlog_SOLVPN__dlog_GOLD,dlog_SOLVPN,dlog_GOLD,0.07068331231554563,0.05052058369696984,0.020162728618575793,2,2024-07-17,2025-04-15,145.0
2025-03-25,dlog_SOLVPN__dlog_GOLD,dlog_SOLVPN,dlog_GOLD,0.06402918589235171,0.03931305782878469,0.024716128063567017,2,2024-07-17,2025-04-15,145.0
2025-03-26,dlog_SOLVPN__dlog_GOLD,dlog_SOLVPN,dlog_GOLD,0.07262446669256056,0.041262125708213734,0.03136234098434683,2,2024-07-17,2025-04-15,145.0
2025-03-27,dlog_SOLVPN__dlog_GOLD,dlog_SOLVPN,dlog_GOLD,0.040718034541537905,0.027477893452463504,0.013240141089074401,2,2024-07-17,2025-04-15,145.0
2025-03-31,dlog_SOLVPN__dlog_GOLD,dlog_SOLVPN,dlog_GOLD,0.01149388490689041,0.012907866291947076,-0.001413981385056667,2,2024-07-17,2025-04-15,145.0
2025-04-01,dlog_SOLVPN__dlog_GOLD,dlog_SOLVPN,dlog_GOLD,0.01047399605759506,0.010256940880258672,0.00021705517733638761,2,2024-07-17,2025-04-15,145.0
2025-04-02,dlog_SOLVPN__dlog_GOLD,dlog_SOLVPN,dlog_GOLD,0.008358757268643848,0.01348530651191108,-0.005126549243267232,2,2024-07-17,2025-04-15,145.0
2025-04-03,dlog_SOLVPN__dlog_GOLD,dlog_SOLVPN,dlog_GOLD,0.014179163666403656,0.11305658682041861,-0.09887742315401496,2,2024-07-17,2025-04-15,145.0
2025-04-07,dlog_SOLVPN__dlog_GOLD,dlog_SOLVPN,dlog_GOLD,0.1482341140087086,0.09500478448226435,0.05322932952644424,2,2024-07-17,2025-04-15,145.0
2025-04-08,dlog_SOLVPN__dlog_GOLD,dlog_SOLVPN,dlog_GOLD,0.07303365436068651,0.05215500877027642,0.02087864559041009,2,2024-07-17,2025-04-15,145.0
2025-04-09,dlog_SOLVPN__dlog_GOLD,dlog_SOLVPN,dlog_GOLD,0.10373866272090444,0.03672869109914951,0.06700997162175493,2,2024-07-17,2025-04-15,145.0
2025-04-10,dlog_SOLVPN__dlog_GOLD,dlog_SOLVPN,dlog_GOLD,0.10795827358933345,0.07845927025814711,0.029499003331186338,2,2024-07-17,2025-04-15,145.0
2025-04-14,dlog_SOLVPN__dlog_GOLD,dlog_SOLVPN,dlog_GOLD,0.0946649069999668,0.09097521757693285,0.003689689423033951,2,2024-07-17,2025-04-15,145.0
2025-04-15,dlog_SOLVPN__dlog_GOLD,dlog_SOLVPN,dlog_GOLD,0.07656575835504677,0.08349113688785958,-0.006925378532812818,2,2024-07-17,2025-04-15,145.0
2025-04-16,dlog_SOLVPN__dlog_GOLD,dlog_SOLVPN,dlog_GOLD,0.05551941386431375,0.06344997749944475,-0.007930563635131005,3,2025-04-16,2026-01-06,141.0
2025-04-21,dlog_SOLVPN__dlog_GOLD,dlog_SOLVPN,dlog_GOLD,0.028264333090425857,0.043964628266157345,-0.015700295175731488,3,2025-04-16,2026-01-06,141.0
2025-04-22,dlog_SOLVPN__dlog_GOLD,dlog_SOLVPN,dlog_GOLD,0.038254687226059195,0.04322561594096605,-0.004970928714906855,3,2025-04-16,2026-01-06,141.0
2025-04-23,dlog_SOLVPN__dlog_GOLD,dlog_SOLVPN,dlog_GOLD,0.03175871299276097,0.021857723535146114,0.009900989457614858,3,2025-04-16,2026-01-06,141.0
2025-04-24,dlog_SOLVPN__dlog_GOLD,dlog_SOLVPN,dlog_GOLD,0.06534485819678697,0.03133159701526747,0.0340132611815195,3,2025-04-16,2026-01-06,141.0
2025-04-28,dlog_SOLVPN__dlog_GOLD,dlog_SOLVPN,dlog_GOLD,0.061103299629456806,0.03214437059199229,0.02895892903746452,3,2025-04-16,2026-01-06,141.0
2025-04-29,dlog_SOLVPN__dlog_GOLD,dlog_SOLVPN,dlog_GOLD,0.059757380920660505,0.04488355406800687,0.014873826852653635,3,2025-04-16,2026-01-06,141.0
2025-04-30,dlog_SOLVPN__dlog_GOLD,dlog_SOLVPN,dlog_GOLD,0.08366403891552675,0.05248636705210552,0.031177671863421227,3,2025-04-16,2026-01-06,141.0
2025-05-01,dlog_SOLVPN__dlog_GOLD,dlog_SOLVPN,dlog_GOLD,0.09218988932957485,0.061378514317452074,0.030811375012122777,3,2025-04-16,2026-01-06,141.0
2025-05-05,dlog_SOLVPN__dlog_GOLD,dlog_SOLVPN,dlog_GOLD,0.08465055709240506,0.03491640686068841,0.049734150231716644,3,2025-04-16,2026-01-06,141.0
2025-05-06,dlog_SOLVPN__dlog_GOLD,dlog_SOLVPN,dlog_GOLD,0.11921095619198177,0.013152443355750392,0.10605851283623138,3,2025-04-16,2026-01-06,141.0
2025-05-07,dlog_SOLVPN__dlog_GOLD,dlog_SOLVPN,dlog_GOLD,0.10666387828172491,0.0112168244708105,0.09544705381091441,3,2025-04-16,2026-01-06,141.0
2025-05-08,dlog_SOLVPN__dlog_GOLD,dlog_SOLVPN,dlog_GOLD,0.09319604922893643,0.015448280411905085,0.07774776881703134,3,2025-04-16,2026-01-06,141.0
2025-05-12,dlog_SOLVPN__dlog_GOLD,dlog_SOLVPN,dlog_GOLD,0.03907219064624838,0.011200261750930618,0.02787192889531776,3,2025-04-16,2026-01-06,141.0
2025-05-13,dlog_SOLVPN__dlog_GOLD,dlog_SOLVPN,dlog_GOLD,0.023412918946163784,0.010636271371781348,0.012776647574382436,3,2025-04-16,2026-01-06,141.0
2025-05-14,dlog_SOLVPN__dlog_GOLD,dlog_SOLVPN,dlog_GOLD,0.05798881866165918,0.012790853482585999,0.045197965179073187,3,2025-04-16,2026-01-06,141.0
2025-05-15,dlog_SOLVPN__dlog_GOLD,dlog_SOLVPN,dlog_GOLD,0.042858692579748045,0.0131690663071763,0.029689626272571747,3,2025-04-16,2026-01-06,141.0
2025-05-19,dlog_SOLVPN__dlog_GOLD,dlog_SOLVPN,dlog_GOLD,0.04746372487317763,0.013371506430039051,0.03409221844313858,3,2025-04-16,2026-01-06,141.0
2025-05-20,dlog_SOLVPN__dlog_GOLD,dlog_SOLVPN,dlog_GOLD,0.05274052046627847,0.01936956530235971,0.03337095516391876,3,2025-04-16,2026-01-06,141.0
2025-05-21,dlog_SOLVPN__dlog_GOLD,dlog_SOLVPN,dlog_GOLD,0.0434525107503056,0.012481242354198696,0.030971268396106907,3,2025-04-16,2026-01-06,141.0
2025-05-22,dlog_SOLVPN__dlog_GOLD,dlog_SOLVPN,dlog_GOLD,0.017655446682052857,0.010489634570044166,0.007165812112008691,3,2025-04-16,2026-01-06,141.0
2025-05-27,dlog_SOLVPN__dlog_GOLD,dlog_SOLVPN,dlog_GOLD,0.040516851695039886,0.020896793138634483,0.019620058556405404,3,2025-04-16,2026-01-06,141.0
2025-05-28,dlog_SOLVPN__dlog_GOLD,dlog_SOLVPN,dlog_GOLD,0.041635191318394243,0.008803374650198037,0.032831816668196206,3,2025-04-16,2026-01-06,141.0
2025-05-29,dlog_SOLVPN__dlog_GOLD,dlog_SOLVPN,dlog_GOLD,0.01142600263925917,0.013753639734431796,-0.002327637095172627,3,2025-04-16,2026-01-06,141.0
2025-06-02,dlog_SOLVPN__dlog_GOLD,dlog_SOLVPN,dlog_GOLD,0.01696145077957473,0.029090533995992957,-0.012129083216418226,3,2025-04-16,2026-01-06,141.0
2025-06-03,dlog_SOLVPN__dlog_GOLD,dlog_SOLVPN,dlog_GOLD,0.018328249423133595,0.02668004813672734,-0.008351798713593744,3,2025-04-16,2026-01-06,141.0
2025-06-04,dlog_SOLVPN__dlog_GOLD,dlog_SOLVPN,dlog_GOLD,0.01475520466705695,0.01677943925174921,-0.002024234584692258,3,2025-04-16,2026-01-06,141.0
2025-06-05,dlog_SOLVPN__dlog_GOLD,dlog_SOLVPN,dlog_GOLD,0.01814196108303852,0.015482935574102241,0.0026590255089362774,3,2025-04-16,2026-01-06,141.0
2025-06-09,dlog_SOLVPN__dlog_GOLD,dlog_SOLVPN,dlog_GOLD,0.015665734935612498,0.01686813469853542,-0.0012023997629229226,3,2025-04-16,2026-01-06,141.0
2025-06-10,dlog_SOLVPN__dlog_GOLD,dlog_SOLVPN,dlog_GOLD,0.016067471655929342,0.015831297917216863,0.00023617373871247932,3,2025-04-16,2026-01-06,141.0
2025-06-11,dlog_SOLVPN__dlog_GOLD,dlog_SOLVPN,dlog_GOLD,0.020586055047251677,0.022756237481942873,-0.002170182434691196,3,2025-04-16,2026-01-06,141.0
2025-06-12,dlog_SOLVPN__dlog_GOLD,dlog_SOLVPN,dlog_GOLD,0.02644310525845696,0.018302234585816476,0.008140870672640483,3,2025-04-16,2026-01-06,141.0
2025-06-16,dlog_SOLVPN__dlog_GOLD,dlog_SOLVPN,dlog_GOLD,0.02397918931469585,0.06675523139320873,-0.04277604207851288,3,2025-04-16,2026-01-06,141.0
2025-06-17,dlog_SOLVPN__dlog_GOLD,dlog_SOLVPN,dlog_GOLD,0.04422866937845263,0.06173156377496389,-0.01750289439651126,3,2025-04-16,2026-01-06,141.0
2025-06-18,dlog_SOLVPN__dlog_GOLD,dlog_SOLVPN,dlog_GOLD,0.039999282768484204,0.06822052308744668,-0.028221240318962476,3,2025-04-16,2026-01-06,141.0
2025-06-23,dlog_SOLVPN__dlog_GOLD,dlog_SOLVPN,dlog_GOLD,0.04285383306018181,0.06195287097287426,-0.01909903791269245,3,2025-04-16,2026-01-06,141.0
2025-06-24,dlog_SOLVPN__dlog_GOLD,dlog_SOLVPN,dlog_GOLD,0.028477180295467565,0.05272778356459576,-0.024250603269128194,3,2025-04-16,2026-01-06,141.0
2025-06-25,dlog_SOLVPN__dlog_GOLD,dlog_SOLVPN,dlog_GOLD,0.002671296721414974,0.02655495194550134,-0.023883655224086368,3,2025-04-16,2026-01-06,141.0
2025-06-26,dlog_SOLVPN__dlog_GOLD,dlog_SOLVPN,dlog_GOLD,0.006467997131335246,0.025694658494480573,-0.019226661363145325,3,2025-04-16,2026-01-06,141.0
2025-06-30,dlog_SOLVPN__dlog_GOLD,dlog_SOLVPN,dlog_GOLD,0.004049839754570086,0.031770509559321626,-0.02772066980475154,3,2025-04-16,2026-01-06,141.0
2025-07-01,dlog_SOLVPN__dlog_GOLD,dlog_SOLVPN,dlog_GOLD,0.004048169989186689,0.04232226130374362,-0.03827409131455693,3,2025-04-16,2026-01-06,141.0
2025-07-02,dlog_SOLVPN__dlog_GOLD,dlog_SOLVPN,dlog_GOLD,0.003831878329919691,0.0635755043084084,-0.05974362597848871,3,2025-04-16,2026-01-06,141.0
2025-07-03,dlog_SOLVPN__dlog_GOLD,dlog_SOLVPN,dlog_GOLD,0.0052337482535094295,0.06486729602284404,-0.059633547769334605,3,2025-04-16,2026-01-06,141.0
2025-07-07,dlog_SOLVPN__dlog_GOLD,dlog_SOLVPN,dlog_GOLD,0.006404281360889461,0.10302929810814716,-0.09662501674725771,3,2025-04-16,2026-01-06,141.0
2025-07-08,dlog_SOLVPN__dlog_GOLD,dlog_SOLVPN,dlog_GOLD,0.1058899575306396,0.07839900239522224,0.027490955135417355,3,2025-04-16,2026-01-06,141.0
2025-07-09,dlog_SOLVPN__dlog_GOLD,dlog_SOLVPN,dlog_GOLD,0.038852626516905346,0.14350829764691272,-0.10465567113000737,3,2025-04-16,2026-01-06,141.0
2025-07-10,dlog_SOLVPN__dlog_GOLD,dlog_SOLVPN,dlog_GOLD,0.038856169506225474,0.1440102843447548,-0.10515411483852932,3,2025-04-16,2026-01-06,141.0
2025-07-14,dlog_SOLVPN__dlog_GOLD,dlog_SOLVPN,dlog_GOLD,0.03520176891599305,0.14731614239185897,-0.11211437347586592,3,2025-04-16,2026-01-06,141.0
2025-07-15,dlog_SOLVPN__dlog_GOLD,dlog_SOLVPN,dlog_GOLD,0.03520501527451951,0.16389004724402492,-0.12868503196950543,3,2025-04-16,2026-01-06,141.0
2025-07-16,dlog_SOLVPN__dlog_GOLD,dlog_SOLVPN,dlog_GOLD,0.030296487769862185,0.07486687028406971,-0.04457038251420753,3,2025-04-16,2026-01-06,141.0
2025-07-17,dlog_SOLVPN__dlog_GOLD,dlog_SOLVPN,dlog_GOLD,0.02992492790674512,0.07659346792943096,-0.04666854002268584,3,2025-04-16,2026-01-06,141.0
2025-07-21,dlog_SOLVPN__dlog_GOLD,dlog_SOLVPN,dlog_GOLD,0.034053737443920803,0.12619210752334084,-0.09213837007942004,3,2025-04-16,2026-01-06,141.0
2025-07-22,dlog_SOLVPN__dlog_GOLD,dlog_SOLVPN,dlog_GOLD,0.03968249143476109,0.05461580045540165,-0.014933309020640564,3,2025-04-16,2026-01-06,141.0
2025-07-23,dlog_SOLVPN__dlog_GOLD,dlog_SOLVPN,dlog_GOLD,0.03847259046238908,0.05917161008875443,-0.020699019626365348,3,2025-04-16,2026-01-06,141.0
2025-07-24,dlog_SOLVPN__dlog_GOLD,dlog_SOLVPN,dlog_GOLD,0.046136953392767494,0.05286993707509555,-0.006732983682328053,3,2025-04-16,2026-01-06,141.0
2025-07-28,dlog_SOLVPN__dlog_GOLD,dlog_SOLVPN,dlog_GOLD,0.024020556668536086,0.045117484552049725,-0.02109692788351364,3,2025-04-16,2026-01-06,141.0
2025-07-29,dlog_SOLVPN__dlog_GOLD,dlog_SOLVPN,dlog_GOLD,0.028505208309298473,0.05218770683412458,-0.02368249852482611,3,2025-04-16,2026-01-06,141.0
2025-07-30,dlog_SOLVPN__dlog_GOLD,dlog_SOLVPN,dlog_GOLD,0.0344341365414234,0.039617388807058944,-0.005183252265635541,3,2025-04-16,2026-01-06,141.0
2025-07-31,dlog_SOLVPN__dlog_GOLD,dlog_SOLVPN,dlog_GOLD,0.027625806123538096,0.0578309367163998,-0.030205130592861704,3,2025-04-16,2026-01-06,141.0
2025-08-04,dlog_SOLVPN__dlog_GOLD,dlog_SOLVPN,dlog_GOLD,0.025025473421163732,0.02685519011086546,-0.0018297166897017283,3,2025-04-16,2026-01-06,141.0
2025-08-05,dlog_SOLVPN__dlog_GOLD,dlog_SOLVPN,dlog_GOLD,0.020404427119349502,0.027061162399899228,-0.006656735280549726,3,2025-04-16,2026-01-06,141.0
2025-08-06,dlog_SOLVPN__dlog_GOLD,dlog_SOLVPN,dlog_GOLD,0.016619470101446297,0.027513098853296846,-0.01089362875185055,3,2025-04-16,2026-01-06,141.0
2025-08-07,dlog_SOLVPN__dlog_GOLD,dlog_SOLVPN,dlog_GOLD,0.019215039956728432,0.033593169139300535,-0.014378129182572103,3,2025-04-16,2026-01-06,141.0
2025-08-11,dlog_SOLVPN__dlog_GOLD,dlog_SOLVPN,dlog_GOLD,0.022002455006643776,0.03384774690366511,-0.011845291897021337,3,2025-04-16,2026-01-06,141.0
2025-08-12,dlog_SOLVPN__dlog_GOLD,dlog_SOLVPN,dlog_GOLD,0.0258735078110792,0.030546545615191403,-0.004673037804112202,3,2025-04-16,2026-01-06,141.0
2025-08-13,dlog_SOLVPN__dlog_GOLD,dlog_SOLVPN,dlog_GOLD,0.020126117871966824,0.028350954048358346,-0.008224836176391522,3,2025-04-16,2026-01-06,141.0
2025-08-14,dlog_SOLVPN__dlog_GOLD,dlog_SOLVPN,dlog_GOLD,0.01844385778407897,0.024472314956482836,-0.0060284571724038664,3,2025-04-16,2026-01-06,141.0
2025-08-18,dlog_SOLVPN__dlog_GOLD,dlog_SOLVPN,dlog_GOLD,0.011297526345019026,0.02371054007570339,-0.012413013730684364,3,2025-04-16,2026-01-06,141.0
2025-08-19,dlog_SOLVPN__dlog_GOLD,dlog_SOLVPN,dlog_GOLD,0.009881543318184265,0.025057569509972486,-0.015176026191788221,3,2025-04-16,2026-01-06,141.0
2025-08-20,dlog_SOLVPN__dlog_GOLD,dlog_SOLVPN,dlog_GOLD,0.018003586711952006,0.01967791212851273,-0.0016743254165607242,3,2025-04-16,2026-01-06,141.0
2025-08-21,dlog_SOLVPN__dlog_GOLD,dlog_SOLVPN,dlog_GOLD,0.017135698668055786,0.026794390202250072,-0.009658691534194287,3,2025-04-16,2026-01-06,141.0
2025-08-25,dlog_SOLVPN__dlog_GOLD,dlog_SOLVPN,dlog_GOLD,0.02327650431205591,0.020143154565376027,0.0031333497466798817,3,2025-04-16,2026-01-06,141.0
2025-08-26,dlog_SOLVPN__dlog_GOLD,dlog_SOLVPN,dlog_GOLD,0.02352669864864844,0.015927526007406476,0.0075991726412419636,3,2025-04-16,2026-01-06,141.0
2025-08-27,dlog_SOLVPN__dlog_GOLD,dlog_SOLVPN,dlog_GOLD,0.023460805865701238,0.016238411443721845,0.0072223944219793924,3,2025-04-16,2026-01-06,141.0
2025-08-28,dlog_SOLVPN__dlog_GOLD,dlog_SOLVPN,dlog_GOLD,0.03528957712380356,0.014508906155602224,0.020780670968201336,3,2025-04-16,2026-01-06,141.0
2025-09-02,dlog_SOLVPN__dlog_GOLD,dlog_SOLVPN,dlog_GOLD,0.027999682336878173,0.08084370313635247,-0.0528440207994743,3,2025-04-16,2026-01-06,141.0
2025-09-03,dlog_SOLVPN__dlog_GOLD,dlog_SOLVPN,dlog_GOLD,0.05215060647481346,0.11403903658574002,-0.06188843011092656,3,2025-04-16,2026-01-06,141.0
2025-09-04,dlog_SOLVPN__dlog_GOLD,dlog_SOLVPN,dlog_GOLD,0.0418818719074003,0.1120539107893144,-0.07017203888191409,3,2025-04-16,2026-01-06,141.0
2025-09-08,dlog_SOLVPN__dlog_GOLD,dlog_SOLVPN,dlog_GOLD,0.042477672082838834,0.09756326803525675,-0.055085595952417916,3,2025-04-16,2026-01-06,141.0
2025-09-09,dlog_SOLVPN__dlog_GOLD,dlog_SOLVPN,dlog_GOLD,0.0381675139829014,0.04451248928351415,-0.006344975300612753,3,2025-04-16,2026-01-06,141.0
2025-09-10,dlog_SOLVPN__dlog_GOLD,dlog_SOLVPN,dlog_GOLD,0.039647556934089584,0.03845039137815969,0.0011971655559298924,3,2025-04-16,2026-01-06,141.0
2025-09-11,dlog_SOLVPN__dlog_GOLD,dlog_SOLVPN,dlog_GOLD,0.05747414665796165,0.03854524240107583,0.018928904256885815,3,2025-04-16,2026-01-06,141.0
2025-09-15,dlog_SOLVPN__dlog_GOLD,dlog_SOLVPN,dlog_GOLD,0.03533023501504558,0.03841544885453272,-0.003085213839487143,3,2025-04-16,2026-01-06,141.0
2025-09-16,dlog_SOLVPN__dlog_GOLD,dlog_SOLVPN,dlog_GOLD,0.03849575550776392,0.04230560939073189,-0.0038098538829679715,3,2025-04-16,2026-01-06,141.0
2025-09-17,dlog_SOLVPN__dlog_GOLD,dlog_SOLVPN,dlog_GOLD,0.038432305196436124,0.0468166526036931,-0.008384347407256978,3,2025-04-16,2026-01-06,141.0
2025-09-18,dlog_SOLVPN__dlog_GOLD,dlog_SOLVPN,dlog_GOLD,0.03653236315718085,0.059398655717048415,-0.022866292559867565,3,2025-04-16,2026-01-06,141.0
2025-09-22,dlog_SOLVPN__dlog_GOLD,dlog_SOLVPN,dlog_GOLD,0.017589743700573555,0.035395663155182215,-0.01780591945460866,3,2025-04-16,2026-01-06,141.0
2025-09-23,dlog_SOLVPN__dlog_GOLD,dlog_SOLVPN,dlog_GOLD,0.0308240306142977,0.07997404051636763,-0.04915000990206993,3,2025-04-16,2026-01-06,141.0
2025-09-24,dlog_SOLVPN__dlog_GOLD,dlog_SOLVPN,dlog_GOLD,0.02224511469005242,0.07659639664819885,-0.05435128195814643,3,2025-04-16,2026-01-06,141.0
2025-09-25,dlog_SOLVPN__dlog_GOLD,dlog_SOLVPN,dlog_GOLD,0.023633035365551086,0.07490495965073807,-0.05127192428518698,3,2025-04-16,2026-01-06,141.0
2025-09-29,dlog_SOLVPN__dlog_GOLD,dlog_SOLVPN,dlog_GOLD,0.021128761922243087,0.079876926215234,-0.058748164292990915,3,2025-04-16,2026-01-06,141.0
2025-09-30,dlog_SOLVPN__dlog_GOLD,dlog_SOLVPN,dlog_GOLD,0.027782572819715044,0.006985604562876953,0.02079696825683809,3,2025-04-16,2026-01-06,141.0
2025-10-01,dlog_SOLVPN__dlog_GOLD,dlog_SOLVPN,dlog_GOLD,0.04007138817726919,0.008992478976787734,0.03107890920048146,3,2025-04-16,2026-01-06,141.0
2025-10-02,dlog_SOLVPN__dlog_GOLD,dlog_SOLVPN,dlog_GOLD,0.02494225059573803,0.013832276383349537,0.011109974212388494,3,2025-04-16,2026-01-06,141.0
2025-10-06,dlog_SOLVPN__dlog_GOLD,dlog_SOLVPN,dlog_GOLD,0.09314381581573765,0.021222610042621767,0.07192120577311588,3,2025-04-16,2026-01-06,141.0
2025-10-07,dlog_SOLVPN__dlog_GOLD,dlog_SOLVPN,dlog_GOLD,0.09359019299733523,0.031255497657975695,0.062334695339359536,3,2025-04-16,2026-01-06,141.0
2025-10-08,dlog_SOLVPN__dlog_GOLD,dlog_SOLVPN,dlog_GOLD,0.0799879258059146,0.05686484020119908,0.023123085604715522,3,2025-04-16,2026-01-06,141.0
2025-10-09,dlog_SOLVPN__dlog_GOLD,dlog_SOLVPN,dlog_GOLD,0.06641632174393272,0.022823872150836207,0.043592449593096515,3,2025-04-16,2026-01-06,141.0
2025-10-14,dlog_SOLVPN__dlog_GOLD,dlog_SOLVPN,dlog_GOLD,0.06561505429010488,0.0063242460564667275,0.05929080823363815,3,2025-04-16,2026-01-06,141.0
2025-10-15,dlog_SOLVPN__dlog_GOLD,dlog_SOLVPN,dlog_GOLD,0.03818708880965167,0.0056402794824492114,0.03254680932720246,3,2025-04-16,2026-01-06,141.0
2025-10-16,dlog_SOLVPN__dlog_GOLD,dlog_SOLVPN,dlog_GOLD,0.07647713813406558,0.014828142850581278,0.061648995283484304,3,2025-04-16,2026-01-06,141.0
2025-10-20,dlog_SOLVPN__dlog_GOLD,dlog_SOLVPN,dlog_GOLD,0.1374264733920205,0.026712971184075358,0.11071350220794514,3,2025-04-16,2026-01-06,141.0
2025-10-21,dlog_SOLVPN__dlog_GOLD,dlog_SOLVPN,dlog_GOLD,0.11887965037063082,0.015000046321239382,0.10387960404939144,3,2025-04-16,2026-01-06,141.0
2025-10-22,dlog_SOLVPN__dlog_GOLD,dlog_SOLVPN,dlog_GOLD,0.11125596009493897,0.014677367226464377,0.0965785928684746,3,2025-04-16,2026-01-06,141.0
2025-10-23,dlog_SOLVPN__dlog_GOLD,dlog_SOLVPN,dlog_GOLD,0.10603651296994704,0.017147261593798962,0.08888925137614807,3,2025-04-16,2026-01-06,141.0
2025-10-27,dlog_SOLVPN__dlog_GOLD,dlog_SOLVPN,dlog_GOLD,0.1030089481036576,0.047477710570937824,0.055531237532719775,3,2025-04-16,2026-01-06,141.0
2025-10-28,dlog_SOLVPN__dlog_GOLD,dlog_SOLVPN,dlog_GOLD,0.10118218793626889,0.0415836123736929,0.05959857556257599,3,2025-04-16,2026-01-06,141.0
2025-10-29,dlog_SOLVPN__dlog_GOLD,dlog_SOLVPN,dlog_GOLD,0.09009828912288508,0.044141772636590006,0.04595651648629507,3,2025-04-16,2026-01-06,141.0
2025-10-30,dlog_SOLVPN__dlog_GOLD,dlog_SOLVPN,dlog_GOLD,0.09444293455892494,0.04502724585923326,0.04941568869969168,3,2025-04-16,2026-01-06,141.0
2025-11-03,dlog_SOLVPN__dlog_GOLD,dlog_SOLVPN,dlog_GOLD,0.11339409824406609,0.04938935130204042,0.06400474694202567,3,2025-04-16,2026-01-06,141.0
2025-11-04,dlog_SOLVPN__dlog_GOLD,dlog_SOLVPN,dlog_GOLD,0.09678841081648543,0.05117289643983739,0.045615514376648035,3,2025-04-16,2026-01-06,141.0
2025-11-05,dlog_SOLVPN__dlog_GOLD,dlog_SOLVPN,dlog_GOLD,0.10213402718437632,0.035066380682947894,0.06706764650142844,3,2025-04-16,2026-01-06,141.0
2025-11-06,dlog_SOLVPN__dlog_GOLD,dlog_SOLVPN,dlog_GOLD,0.10820018245577527,0.03588481510494409,0.07231536735083119,3,2025-04-16,2026-01-06,141.0
2025-11-10,dlog_SOLVPN__dlog_GOLD,dlog_SOLVPN,dlog_GOLD,0.12305275038224749,0.03499578449803108,0.08805696588421641,3,2025-04-16,2026-01-06,141.0
2025-11-12,dlog_SOLVPN__dlog_GOLD,dlog_SOLVPN,dlog_GOLD,0.09424213026706778,0.040042347598551235,0.05419978266851654,3,2025-04-16,2026-01-06,141.0
2025-11-13,dlog_SOLVPN__dlog_GOLD,dlog_SOLVPN,dlog_GOLD,0.12032212095491689,0.13904876899723234,-0.018726648042315455,3,2025-04-16,2026-01-06,141.0
2025-11-17,dlog_SOLVPN__dlog_GOLD,dlog_SOLVPN,dlog_GOLD,0.03993354211463423,0.16083192140874938,-0.12089837929411515,3,2025-04-16,2026-01-06,141.0
2025-11-18,dlog_SOLVPN__dlog_GOLD,dlog_SOLVPN,dlog_GOLD,0.02971706270712926,0.10030326789439248,-0.07058620518726322,3,2025-04-16,2026-01-06,141.0
2025-11-19,dlog_SOLVPN__dlog_GOLD,dlog_SOLVPN,dlog_GOLD,0.08411526075347299,0.06471579639761935,0.019399464355853643,3,2025-04-16,2026-01-06,141.0
2025-11-20,dlog_SOLVPN__dlog_GOLD,dlog_SOLVPN,dlog_GOLD,0.074686362901527,0.06531888078981199,0.009367482111715009,3,2025-04-16,2026-01-06,141.0
2025-11-24,dlog_SOLVPN__dlog_GOLD,dlog_SOLVPN,dlog_GOLD,0.06989282000775328,0.0706788649382858,-0.0007860449305325257,3,2025-04-16,2026-01-06,141.0
2025-11-25,dlog_SOLVPN__dlog_GOLD,dlog_SOLVPN,dlog_GOLD,0.12047327399698057,0.07675303496718922,0.04372023902979136,3,2025-04-16,2026-01-06,141.0
2025-11-26,dlog_SOLVPN__dlog_GOLD,dlog_SOLVPN,dlog_GOLD,0.11814818189861165,0.049633597269549704,0.06851458462906194,3,2025-04-16,2026-01-06,141.0
2025-12-01,dlog_SOLVPN__dlog_GOLD,dlog_SOLVPN,dlog_GOLD,0.09803814497162339,0.04888642639157666,0.04915171858004673,3,2025-04-16,2026-01-06,141.0
2025-12-02,dlog_SOLVPN__dlog_GOLD,dlog_SOLVPN,dlog_GOLD,0.10522997215598585,0.038417134073252604,0.06681283808273325,3,2025-04-16,2026-01-06,141.0
2025-12-03,dlog_SOLVPN__dlog_GOLD,dlog_SOLVPN,dlog_GOLD,0.09470151213928452,0.0418986884740372,0.052802823665247314,3,2025-04-16,2026-01-06,141.0
2025-12-04,dlog_SOLVPN__dlog_GOLD,dlog_SOLVPN,dlog_GOLD,0.1174149875461336,0.04464307445737672,0.07277191308875688,3,2025-04-16,2026-01-06,141.0
2025-12-08,dlog_SOLVPN__dlog_GOLD,dlog_SOLVPN,dlog_GOLD,0.13354670100314656,0.04901537796150346,0.0845313230416431,3,2025-04-16,2026-01-06,141.0
2025-12-09,dlog_SOLVPN__dlog_GOLD,dlog_SOLVPN,dlog_GOLD,0.05604111257678462,0.05381397394846735,0.0022271386283172698,3,2025-04-16,2026-01-06,141.0
2025-12-10,dlog_SOLVPN__dlog_GOLD,dlog_SOLVPN,dlog_GOLD,0.0485545671737183,0.07158125951079863,-0.023026692337080337,3,2025-04-16,2026-01-06,141.0
2025-12-11,dlog_SOLVPN__dlog_GOLD,dlog_SOLVPN,dlog_GOLD,0.05183550859321456,0.04741993211025534,0.004415576482959226,3,2025-04-16,2026-01-06,141.0
2025-12-15,dlog_SOLVPN__dlog_GOLD,dlog_SOLVPN,dlog_GOLD,0.04841787293611976,0.08738999310479816,-0.0389721201686784,3,2025-04-16,2026-01-06,141.0
2025-12-16,dlog_SOLVPN__dlog_GOLD,dlog_SOLVPN,dlog_GOLD,0.025050339808602617,0.09797066076835677,-0.07292032095975415,3,2025-04-16,2026-01-06,141.0
2025-12-17,dlog_SOLVPN__dlog_GOLD,dlog_SOLVPN,dlog_GOLD,0.04811237704907412,0.1225757875256246,-0.07446341047655049,3,2025-04-16,2026-01-06,141.0
2025-12-18,dlog_SOLVPN__dlog_GOLD,dlog_SOLVPN,dlog_GOLD,0.0804498251194187,0.11460419415366077,-0.03415436903424207,3,2025-04-16,2026-01-06,141.0
2025-12-22,dlog_SOLVPN__dlog_GOLD,dlog_SOLVPN,dlog_GOLD,0.10487705072477974,0.10148566009547197,0.0033913906293077667,3,2025-04-16,2026-01-06,141.0
2025-12-23,dlog_SOLVPN__dlog_GOLD,dlog_SOLVPN,dlog_GOLD,0.10094075281858941,0.11212896073362073,-0.01118820791503132,3,2025-04-16,2026-01-06,141.0
2025-12-29,dlog_SOLVPN__dlog_GOLD,dlog_SOLVPN,dlog_GOLD,0.05384562030392364,0.1545565254225787,-0.10071090511865505,3,2025-04-16,2026-01-06,141.0
2025-12-30,dlog_SOLVPN__dlog_GOLD,dlog_SOLVPN,dlog_GOLD,0.05995733738126949,0.04644639974389893,0.01351093763737056,3,2025-04-16,2026-01-06,141.0
2026-01-05,dlog_SOLVPN__dlog_GOLD,dlog_SOLVPN,dlog_GOLD,0.035542318159675755,0.0779431156848702,-0.04240079752519444,3,2025-04-16,2026-01-06,141.0
2026-01-06,dlog_SOLVPN__dlog_GOLD,dlog_SOLVPN,dlog_GOLD,0.08929952810566745,0.05274088265118929,0.03655864545447816,3,2025-04-16,2026-01-06,141.0
2022-12-05,dlog_SOLVPN__dlog_SILVER,dlog_SOLVPN,dlog_SILVER,0.04719808436902996,0.06067401520413496,-0.013475930835104996,0,2022-12-01,2023-10-30,180.0
2022-12-06,dlog_SOLVPN__dlog_SILVER,dlog_SOLVPN,dlog_SILVER,0.05048010172088292,0.055653178371213655,-0.005173076650330732,0,2022-12-01,2023-10-30,180.0
2022-12-07,dlog_SOLVPN__dlog_SILVER,dlog_SOLVPN,dlog_SILVER,0.07459768476470534,0.01551588751751133,0.05908179724719401,0,2022-12-01,2023-10-30,180.0
2022-12-08,dlog_SOLVPN__dlog_SILVER,dlog_SOLVPN,dlog_SILVER,0.09051312682221561,0.038593644140674774,0.05191948268154084,0,2022-12-01,2023-10-30,180.0
2022-12-12,dlog_SOLVPN__dlog_SILVER,dlog_SOLVPN,dlog_SILVER,0.08674021994003409,0.05246425793715111,0.03427596200288298,0,2022-12-01,2023-10-30,180.0
2022-12-13,dlog_SOLVPN__dlog_SILVER,dlog_SOLVPN,dlog_SILVER,0.14414796385823545,0.06795681761337526,0.07619114624486019,0,2022-12-01,2023-10-30,180.0
2022-12-14,dlog_SOLVPN__dlog_SILVER,dlog_SOLVPN,dlog_SILVER,0.08395958837371731,0.03599929100581982,0.04796029736789749,0,2022-12-01,2023-10-30,180.0
2022-12-15,dlog_SOLVPN__dlog_SILVER,dlog_SOLVPN,dlog_SILVER,0.09631555968151687,0.04092532197402424,0.05539023770749263,0,2022-12-01,2023-10-30,180.0
2022-12-19,dlog_SOLVPN__dlog_SILVER,dlog_SOLVPN,dlog_SILVER,0.08345221952075504,0.11849612916485205,-0.03504390964409701,0,2022-12-01,2023-10-30,180.0
2022-12-20,dlog_SOLVPN__dlog_SILVER,dlog_SOLVPN,dlog_SILVER,0.1044902068553476,0.1460996303647994,-0.04160942350945179,0,2022-12-01,2023-10-30,180.0
2022-12-21,dlog_SOLVPN__dlog_SILVER,dlog_SOLVPN,dlog_SILVER,0.09461086849705636,0.1189947729802879,-0.02438390448323155,0,2022-12-01,2023-10-30,180.0
2022-12-22,dlog_SOLVPN__dlog_SILVER,dlog_SOLVPN,dlog_SILVER,0.06803333265765411,0.0966825211042688,-0.028649188446614682,0,2022-12-01,2023-10-30,180.0
2022-12-27,dlog_SOLVPN__dlog_SILVER,dlog_SOLVPN,dlog_SILVER,0.022084910662185143,0.03447619488587733,-0.012391284223692189,0,2022-12-01,2023-10-30,180.0
2022-12-28,dlog_SOLVPN__dlog_SILVER,dlog_SOLVPN,dlog_SILVER,0.011074947895355014,0.021782583018932464,-0.01070763512357745,0,2022-12-01,2023-10-30,180.0
2022-12-29,dlog_SOLVPN__dlog_SILVER,dlog_SOLVPN,dlog_SILVER,0.054830164539286276,0.07999201019804368,-0.025161845658757405,0,2022-12-01,2023-10-30,180.0
2023-01-03,dlog_SOLVPN__dlog_SILVER,dlog_SOLVPN,dlog_SILVER,0.07103329829334175,0.09994948306738945,-0.0289161847740477,0,2022-12-01,2023-10-30,180.0
2023-01-04,dlog_SOLVPN__dlog_SILVER,dlog_SOLVPN,dlog_SILVER,0.12916174057544635,0.07901047859099558,0.05015126198445077,0,2022-12-01,2023-10-30,180.0
2023-01-05,dlog_SOLVPN__dlog_SILVER,dlog_SOLVPN,dlog_SILVER,0.11972971354881298,0.12680757661841718,-0.007077863069604201,0,2022-12-01,2023-10-30,180.0
2023-01-09,dlog_SOLVPN__dlog_SILVER,dlog_SOLVPN,dlog_SILVER,0.08808181736434388,0.1551331229245195,-0.06705130556017562,0,2022-12-01,2023-10-30,180.0
2023-01-10,dlog_SOLVPN__dlog_SILVER,dlog_SOLVPN,dlog_SILVER,0.12064534028200512,0.11861881422445522,0.002026526057549896,0,2022-12-01,2023-10-30,180.0
2023-01-11,dlog_SOLVPN__dlog_SILVER,dlog_SOLVPN,dlog_SILVER,0.1344687994369426,0.10037955270821482,0.034089246728727776,0,2022-12-01,2023-10-30,180.0
2023-01-12,dlog_SOLVPN__dlog_SILVER,dlog_SOLVPN,dlog_SILVER,0.09885479001307211,0.09994297565104643,-0.0010881856379743177,0,2022-12-01,2023-10-30,180.0
2023-01-17,dlog_SOLVPN__dlog_SILVER,dlog_SOLVPN,dlog_SILVER,0.10030685245892075,0.09867363619096742,0.001633216267953333,0,2022-12-01,2023-10-30,180.0
2023-01-18,dlog_SOLVPN__dlog_SILVER,dlog_SOLVPN,dlog_SILVER,0.11407450786640787,0.1265850852670688,-0.01251057740066093,0,2022-12-01,2023-10-30,180.0
2023-01-19,dlog_SOLVPN__dlog_SILVER,dlog_SOLVPN,dlog_SILVER,0.11004877932613663,0.12288460624538187,-0.012835826919245244,0,2022-12-01,2023-10-30,180.0
2023-01-23,dlog_SOLVPN__dlog_SILVER,dlog_SOLVPN,dlog_SILVER,0.10079795555717248,0.13247605343542296,-0.031678097878250475,0,2022-12-01,2023-10-30,180.0
2023-01-24,dlog_SOLVPN__dlog_SILVER,dlog_SOLVPN,dlog_SILVER,0.09811821685140676,0.10976318455626831,-0.01164496770486155,0,2022-12-01,2023-10-30,180.0
2023-01-25,dlog_SOLVPN__dlog_SILVER,dlog_SOLVPN,dlog_SILVER,0.10328628039969501,0.12340956811158667,-0.02012328771189166,0,2022-12-01,2023-10-30,180.0
2023-01-26,dlog_SOLVPN__dlog_SILVER,dlog_SOLVPN,dlog_SILVER,0.10288274818445034,0.12599530377677456,-0.023112555592324224,0,2022-12-01,2023-10-30,180.0
2023-01-30,dlog_SOLVPN__dlog_SILVER,dlog_SOLVPN,dlog_SILVER,0.09767843148933072,0.151080184692223,-0.05340175320289228,0,2022-12-01,2023-10-30,180.0
2023-01-31,dlog_SOLVPN__dlog_SILVER,dlog_SOLVPN,dlog_SILVER,0.09237336800536768,0.11142785572071486,-0.01905448771534718,0,2022-12-01,2023-10-30,180.0
2023-02-01,dlog_SOLVPN__dlog_SILVER,dlog_SOLVPN,dlog_SILVER,0.09204878198293472,0.12929448169400634,-0.037245699711071625,0,2022-12-01,2023-10-30,180.0
2023-02-02,dlog_SOLVPN__dlog_SILVER,dlog_SOLVPN,dlog_SILVER,0.07095130387550005,0.11987464744011093,-0.04892334356461088,0,2022-12-01,2023-10-30,180.0
2023-02-06,dlog_SOLVPN__dlog_SILVER,dlog_SOLVPN,dlog_SILVER,0.13593926784293245,0.1661647515657292,-0.030225483722796764,0,2022-12-01,2023-10-30,180.0
2023-02-07,dlog_SOLVPN__dlog_SILVER,dlog_SOLVPN,dlog_SILVER,0.09265353719744776,0.07152364799080048,0.02112988920664728,0,2022-12-01,2023-10-30,180.0
2023-02-08,dlog_SOLVPN__dlog_SILVER,dlog_SOLVPN,dlog_SILVER,0.09948730809990985,0.07159910097456737,0.027888207125342485,0,2022-12-01,2023-10-30,180.0
2023-02-09,dlog_SOLVPN__dlog_SILVER,dlog_SOLVPN,dlog_SILVER,0.10726708448058594,0.0735256164846541,0.03374146799593185,0,2022-12-01,2023-10-30,180.0
2023-02-13,dlog_SOLVPN__dlog_SILVER,dlog_SOLVPN,dlog_SILVER,0.08319148769114615,0.06855520671930214,0.01463628097184401,0,2022-12-01,2023-10-30,180.0
2023-02-14,dlog_SOLVPN__dlog_SILVER,dlog_SOLVPN,dlog_SILVER,0.07685658940895886,0.06939865642948398,0.007457932979474877,0,2022-12-01,2023-10-30,180.0
2023-02-15,dlog_SOLVPN__dlog_SILVER,dlog_SOLVPN,dlog_SILVER,0.051912163805896916,0.06660558575552866,-0.014693421949631746,0,2022-12-01,2023-10-30,180.0
2023-02-16,dlog_SOLVPN__dlog_SILVER,dlog_SOLVPN,dlog_SILVER,0.051628253007064244,0.06614222925351464,-0.014513976246450393,0,2022-12-01,2023-10-30,180.0
2023-02-21,dlog_SOLVPN__dlog_SILVER,dlog_SOLVPN,dlog_SILVER,0.05944507148226831,0.043701375185507506,0.015743696296760805,0,2022-12-01,2023-10-30,180.0
2023-02-22,dlog_SOLVPN__dlog_SILVER,dlog_SOLVPN,dlog_SILVER,0.040758166085743154,0.04506629216166123,-0.004308126075918073,0,2022-12-01,2023-10-30,180.0
2023-02-23,dlog_SOLVPN__dlog_SILVER,dlog_SOLVPN,dlog_SILVER,0.031168529301052104,0.03308472275209938,-0.001916193451047276,0,2022-12-01,2023-10-30,180.0
2023-02-27,dlog_SOLVPN__dlog_SILVER,dlog_SOLVPN,dlog_SILVER,0.026569545729970164,0.030982467193882736,-0.004412921463912572,0,2022-12-01,2023-10-30,180.0
2023-02-28,dlog_SOLVPN__dlog_SILVER,dlog_SOLVPN,dlog_SILVER,0.026511604504465644,0.03491690588270018,-0.008405301378234538,0,2022-12-01,2023-10-30,180.0
2023-03-01,dlog_SOLVPN__dlog_SILVER,dlog_SOLVPN,dlog_SILVER,0.02690284493020482,0.03261875022036423,-0.005715905290159407,0,2022-12-01,2023-10-30,180.0
2023-03-02,dlog_SOLVPN__dlog_SILVER,dlog_SOLVPN,dlog_SILVER,0.02652456125412956,0.024885797861051818,0.001638763393077742,0,2022-12-01,2023-10-30,180.0
2023-03-06,dlog_SOLVPN__dlog_SILVER,dlog_SOLVPN,dlog_SILVER,0.027037537981058277,0.028628332725471592,-0.0015907947444133153,0,2022-12-01,2023-10-30,180.0
2023-03-07,dlog_SOLVPN__dlog_SILVER,dlog_SOLVPN,dlog_SILVER,0.03901891631672508,0.049181180614143456,-0.010162264297418379,0,2022-12-01,2023-10-30,180.0
2023-03-08,dlog_SOLVPN__dlog_SILVER,dlog_SOLVPN,dlog_SILVER,0.056054709833100576,0.047792156319267746,0.00826255351383283,0,2022-12-01,2023-10-30,180.0
2023-03-09,dlog_SOLVPN__dlog_SILVER,dlog_SOLVPN,dlog_SILVER,0.055046603719676804,0.054530026224672325,0.0005165774950044791,0,2022-12-01,2023-10-30,180.0
2023-03-13,dlog_SOLVPN__dlog_SILVER,dlog_SOLVPN,dlog_SILVER,0.012463101379002245,0.04723743348500465,-0.034774332106002406,0,2022-12-01,2023-10-30,180.0
2023-03-14,dlog_SOLVPN__dlog_SILVER,dlog_SOLVPN,dlog_SILVER,0.03544885180963059,0.06448005290786481,-0.02903120109823422,0,2022-12-01,2023-10-30,180.0
2023-03-15,dlog_SOLVPN__dlog_SILVER,dlog_SOLVPN,dlog_SILVER,0.03627523032917035,0.0616509922757256,-0.025375761946555248,0,2022-12-01,2023-10-30,180.0
2023-03-16,dlog_SOLVPN__dlog_SILVER,dlog_SOLVPN,dlog_SILVER,0.034916985681629605,0.05412288276985322,-0.019205897088223615,0,2022-12-01,2023-10-30,180.0
2023-03-20,dlog_SOLVPN__dlog_SILVER,dlog_SOLVPN,dlog_SILVER,0.03876799168341542,0.0592341549706827,-0.020466163287267275,0,2022-12-01,2023-10-30,180.0
2023-03-21,dlog_SOLVPN__dlog_SILVER,dlog_SOLVPN,dlog_SILVER,0.03927578777524721,0.0455566494671231,-0.006280861691875889,0,2022-12-01,2023-10-30,180.0
2023-03-22,dlog_SOLVPN__dlog_SILVER,dlog_SOLVPN,dlog_SILVER,0.04136274645985716,0.0436470030908821,-0.002284256631024939,0,2022-12-01,2023-10-30,180.0
2023-03-23,dlog_SOLVPN__dlog_SILVER,dlog_SOLVPN,dlog_SILVER,0.04028655106318952,0.04791294588576712,-0.007626394822577598,0,2022-12-01,2023-10-30,180.0
2023-03-27,dlog_SOLVPN__dlog_SILVER,dlog_SOLVPN,dlog_SILVER,0.03959074277867062,0.04937929015044671,-0.00978854737177609,0,2022-12-01,2023-10-30,180.0
2023-03-28,dlog_SOLVPN__dlog_SILVER,dlog_SOLVPN,dlog_SILVER,0.03898889197486966,0.04899642047151517,-0.010007528496645511,0,2022-12-01,2023-10-30,180.0
2023-03-29,dlog_SOLVPN__dlog_SILVER,dlog_SOLVPN,dlog_SILVER,0.03648922364894287,0.0646327082135605,-0.028143484564617627,0,2022-12-01,2023-10-30,180.0
2023-03-30,dlog_SOLVPN__dlog_SILVER,dlog_SOLVPN,dlog_SILVER,0.025024888574674064,0.06228376015720189,-0.03725887158252783,0,2022-12-01,2023-10-30,180.0
2023-04-03,dlog_SOLVPN__dlog_SILVER,dlog_SOLVPN,dlog_SILVER,0.028070418193057646,0.04926511824248183,-0.021194700049424184,0,2022-12-01,2023-10-30,180.0
2023-04-04,dlog_SOLVPN__dlog_SILVER,dlog_SOLVPN,dlog_SILVER,0.03028442630325429,0.038614407348954195,-0.008329981045699906,0,2022-12-01,2023-10-30,180.0
2023-04-05,dlog_SOLVPN__dlog_SILVER,dlog_SOLVPN,dlog_SILVER,0.029271096591462376,0.08369505924731487,-0.05442396265585249,0,2022-12-01,2023-10-30,180.0
2023-04-10,dlog_SOLVPN__dlog_SILVER,dlog_SOLVPN,dlog_SILVER,0.035366409591599056,0.08166693648208795,-0.04630052689048889,0,2022-12-01,2023-10-30,180.0
2023-04-11,dlog_SOLVPN__dlog_SILVER,dlog_SOLVPN,dlog_SILVER,0.03658491368041132,0.10302159839546016,-0.06643668471504884,0,2022-12-01,2023-10-30,180.0
2023-04-12,dlog_SOLVPN__dlog_SILVER,dlog_SOLVPN,dlog_SILVER,0.038650666549929394,0.10181119606119184,-0.06316052951126244,0,2022-12-01,2023-10-30,180.0
2023-04-13,dlog_SOLVPN__dlog_SILVER,dlog_SOLVPN,dlog_SILVER,0.039263747719273795,0.07608100535194987,-0.03681725763267607,0,2022-12-01,2023-10-30,180.0
2023-04-17,dlog_SOLVPN__dlog_SILVER,dlog_SOLVPN,dlog_SILVER,0.03060369286959202,0.02464841560045729,0.00595527726913473,0,2022-12-01,2023-10-30,180.0
2023-04-18,dlog_SOLVPN__dlog_SILVER,dlog_SOLVPN,dlog_SILVER,0.036778083434570195,0.02407518251049247,0.012702900924077727,0,2022-12-01,2023-10-30,180.0
2023-04-19,dlog_SOLVPN__dlog_SILVER,dlog_SOLVPN,dlog_SILVER,0.03580992325923044,0.024562413280033817,0.011247509979196626,0,2022-12-01,2023-10-30,180.0
2023-04-20,dlog_SOLVPN__dlog_SILVER,dlog_SOLVPN,dlog_SILVER,0.03457125140351503,0.01954776132858742,0.01502349007492761,0,2022-12-01,2023-10-30,180.0
2023-04-24,dlog_SOLVPN__dlog_SILVER,dlog_SOLVPN,dlog_SILVER,0.025619731534905033,0.014714534498646166,0.010905197036258868,0,2022-12-01,2023-10-30,180.0
2023-04-25,dlog_SOLVPN__dlog_SILVER,dlog_SOLVPN,dlog_SILVER,0.03602579987698445,0.02957753906444166,0.006448260812542787,0,2022-12-01,2023-10-30,180.0
2023-04-26,dlog_SOLVPN__dlog_SILVER,dlog_SOLVPN,dlog_SILVER,0.03154920290794389,0.032394030806430954,-0.0008448278984870619,0,2022-12-01,2023-10-30,180.0
2023-04-27,dlog_SOLVPN__dlog_SILVER,dlog_SOLVPN,dlog_SILVER,0.026669634725155704,0.0479798974414427,-0.021310262716287,0,2022-12-01,2023-10-30,180.0
2023-05-01,dlog_SOLVPN__dlog_SILVER,dlog_SOLVPN,dlog_SILVER,0.022192416441774457,0.048331860665620306,-0.02613944422384585,0,2022-12-01,2023-10-30,180.0
2023-05-02,dlog_SOLVPN__dlog_SILVER,dlog_SOLVPN,dlog_SILVER,0.019043934102667696,0.08164530256786566,-0.06260136846519797,0,2022-12-01,2023-10-30,180.0
2023-05-03,dlog_SOLVPN__dlog_SILVER,dlog_SOLVPN,dlog_SILVER,0.014532692033100944,0.004460964479601755,0.010071727553499188,0,2022-12-01,2023-10-30,180.0
2023-05-04,dlog_SOLVPN__dlog_SILVER,dlog_SOLVPN,dlog_SILVER,0.022564686342899265,0.008999533975036434,0.013565152367862831,0,2022-12-01,2023-10-30,180.0
2023-05-08,dlog_SOLVPN__dlog_SILVER,dlog_SOLVPN,dlog_SILVER,0.026926271263414975,0.01914652995466127,0.007779741308753706,0,2022-12-01,2023-10-30,180.0
2023-05-09,dlog_SOLVPN__dlog_SILVER,dlog_SOLVPN,dlog_SILVER,0.03175520048714542,0.022108397201092554,0.009646803286052864,0,2022-12-01,2023-10-30,180.0
2023-05-10,dlog_SOLVPN__dlog_SILVER,dlog_SOLVPN,dlog_SILVER,0.01793814901712251,0.02422449274539291,-0.006286343728270402,0,2022-12-01,2023-10-30,180.0
2023-05-11,dlog_SOLVPN__dlog_SILVER,dlog_SOLVPN,dlog_SILVER,0.034502558569952754,0.04015100227760929,-0.005648443707656534,0,2022-12-01,2023-10-30,180.0
2023-05-15,dlog_SOLVPN__dlog_SILVER,dlog_SOLVPN,dlog_SILVER,0.038889999926170905,0.05045841101898019,-0.011568411092809282,0,2022-12-01,2023-10-30,180.0
2023-05-16,dlog_SOLVPN__dlog_SILVER,dlog_SOLVPN,dlog_SILVER,0.07996305055123368,0.038003902594748486,0.04195914795648519,0,2022-12-01,2023-10-30,180.0
2023-05-17,dlog_SOLVPN__dlog_SILVER,dlog_SOLVPN,dlog_SILVER,0.04043777830678188,0.024111493116790485,0.016326285189991394,0,2022-12-01,2023-10-30,180.0
2023-05-18,dlog_SOLVPN__dlog_SILVER,dlog_SOLVPN,dlog_SILVER,0.0633905049890406,0.023486388480966125,0.039904116508074475,0,2022-12-01,2023-10-30,180.0
2023-05-22,dlog_SOLVPN__dlog_SILVER,dlog_SOLVPN,dlog_SILVER,0.05559636667994069,0.04443087398194751,0.011165492697993176,0,2022-12-01,2023-10-30,180.0
2023-05-23,dlog_SOLVPN__dlog_SILVER,dlog_SOLVPN,dlog_SILVER,0.06118799036740083,0.06721623603006395,-0.00602824566266312,0,2022-12-01,2023-10-30,180.0
2023-05-24,dlog_SOLVPN__dlog_SILVER,dlog_SOLVPN,dlog_SILVER,0.0419791243297875,0.0512194883082599,-0.009240363978472395,0,2022-12-01,2023-10-30,180.0
2023-05-25,dlog_SOLVPN__dlog_SILVER,dlog_SOLVPN,dlog_SILVER,0.02079618335328463,0.06652173289337858,-0.045725549540093946,0,2022-12-01,2023-10-30,180.0
2023-05-30,dlog_SOLVPN__dlog_SILVER,dlog_SOLVPN,dlog_SILVER,0.02571320769814544,0.0452259707681708,-0.019512763070025363,0,2022-12-01,2023-10-30,180.0
2023-05-31,dlog_SOLVPN__dlog_SILVER,dlog_SOLVPN,dlog_SILVER,0.028858308017763613,0.051203669917634836,-0.022345361899871224,0,2022-12-01,2023-10-30,180.0
2023-06-01,dlog_SOLVPN__dlog_SILVER,dlog_SOLVPN,dlog_SILVER,0.03633896608143512,0.04794739471272657,-0.011608428631291447,0,2022-12-01,2023-10-30,180.0
2023-06-05,dlog_SOLVPN__dlog_SILVER,dlog_SOLVPN,dlog_SILVER,0.0394558557609822,0.03955193407666673,-9.607831568453351e-05,0,2022-12-01,2023-10-30,180.0
2023-06-06,dlog_SOLVPN__dlog_SILVER,dlog_SOLVPN,dlog_SILVER,0.038844233849965396,0.0477153813573896,-0.008871147507424203,0,2022-12-01,2023-10-30,180.0
2023-06-07,dlog_SOLVPN__dlog_SILVER,dlog_SOLVPN,dlog_SILVER,0.0377463128953773,0.050273065409852644,-0.012526752514475346,0,2022-12-01,2023-10-30,180.0
2023-06-08,dlog_SOLVPN__dlog_SILVER,dlog_SOLVPN,dlog_SILVER,0.020128653831751823,0.022524413805608146,-0.0023957599738563227,0,2022-12-01,2023-10-30,180.0
2023-06-12,dlog_SOLVPN__dlog_SILVER,dlog_SOLVPN,dlog_SILVER,0.006971190241374067,0.006172545859229762,0.0007986443821443052,0,2022-12-01,2023-10-30,180.0
2023-06-13,dlog_SOLVPN__dlog_SILVER,dlog_SOLVPN,dlog_SILVER,0.011385243179626628,0.018744822589607885,-0.007359579409981257,0,2022-12-01,2023-10-30,180.0
2023-06-14,dlog_SOLVPN__dlog_SILVER,dlog_SOLVPN,dlog_SILVER,0.004028710749330462,0.008382466938923612,-0.0043537561895931505,0,2022-12-01,2023-10-30,180.0
2023-06-15,dlog_SOLVPN__dlog_SILVER,dlog_SOLVPN,dlog_SILVER,0.007586599663220175,0.009683373562301104,-0.0020967738990809283,0,2022-12-01,2023-10-30,180.0
2023-06-20,dlog_SOLVPN__dlog_SILVER,dlog_SOLVPN,dlog_SILVER,0.02458082294062164,0.023264333918200382,0.0013164890224212564,0,2022-12-01,2023-10-30,180.0
2023-06-21,dlog_SOLVPN__dlog_SILVER,dlog_SOLVPN,dlog_SILVER,0.0378495416602831,0.026276321212390975,0.011573220447892125,0,2022-12-01,2023-10-30,180.0
2023-06-22,dlog_SOLVPN__dlog_SILVER,dlog_SOLVPN,dlog_SILVER,0.08095242561376295,0.049235020684584595,0.03171740492917836,0,2022-12-01,2023-10-30,180.0
2023-06-26,dlog_SOLVPN__dlog_SILVER,dlog_SOLVPN,dlog_SILVER,0.050221667173122445,0.042452300818583935,0.0077693663545385094,0,2022-12-01,2023-10-30,180.0
2023-06-27,dlog_SOLVPN__dlog_SILVER,dlog_SOLVPN,dlog_SILVER,0.04016051579471353,0.04506451546474712,-0.00490399967003359,0,2022-12-01,2023-10-30,180.0
2023-06-28,dlog_SOLVPN__dlog_SILVER,dlog_SOLVPN,dlog_SILVER,0.04431228882069811,0.053739330890035145,-0.009427042069337033,0,2022-12-01,2023-10-30,180.0
2023-06-29,dlog_SOLVPN__dlog_SILVER,dlog_SOLVPN,dlog_SILVER,0.03683121337506586,0.04373248432694779,-0.0069012709518819285,0,2022-12-01,2023-10-30,180.0
2023-07-03,dlog_SOLVPN__dlog_SILVER,dlog_SOLVPN,dlog_SILVER,0.0429046732901765,0.03928711821279574,0.003617555077380756,0,2022-12-01,2023-10-30,180.0
2023-07-05,dlog_SOLVPN__dlog_SILVER,dlog_SOLVPN,dlog_SILVER,0.029673328151409873,0.03881647189818497,-0.009143143746775096,0,2022-12-01,2023-10-30,180.0
2023-07-06,dlog_SOLVPN__dlog_SILVER,dlog_SOLVPN,dlog_SILVER,0.06660253611418517,0.07688763426300747,-0.010285098148822308,0,2022-12-01,2023-10-30,180.0
2023-07-10,dlog_SOLVPN__dlog_SILVER,dlog_SOLVPN,dlog_SILVER,0.05763292552298864,0.07247707018551794,-0.014844144662529299,0,2022-12-01,2023-10-30,180.0
2023-07-11,dlog_SOLVPN__dlog_SILVER,dlog_SOLVPN,dlog_SILVER,0.05668242345479033,0.08219410759911774,-0.02551168414432741,0,2022-12-01,2023-10-30,180.0
2023-07-12,dlog_SOLVPN__dlog_SILVER,dlog_SOLVPN,dlog_SILVER,0.057516296985118384,0.11957529403766759,-0.062058997052549206,0,2022-12-01,2023-10-30,180.0
2023-07-13,dlog_SOLVPN__dlog_SILVER,dlog_SOLVPN,dlog_SILVER,0.0604746180577085,0.12811397752606923,-0.06763935946836074,0,2022-12-01,2023-10-30,180.0
2023-07-17,dlog_SOLVPN__dlog_SILVER,dlog_SOLVPN,dlog_SILVER,0.059227208846972905,0.09289068377082445,-0.03366347492385154,0,2022-12-01,2023-10-30,180.0
2023-07-18,dlog_SOLVPN__dlog_SILVER,dlog_SOLVPN,dlog_SILVER,0.04767840409131782,0.09303055811388106,-0.045352154022563235,0,2022-12-01,2023-10-30,180.0
2023-07-19,dlog_SOLVPN__dlog_SILVER,dlog_SOLVPN,dlog_SILVER,0.04670991725749419,0.101544063735363,-0.05483414647786881,0,2022-12-01,2023-10-30,180.0
2023-07-20,dlog_SOLVPN__dlog_SILVER,dlog_SOLVPN,dlog_SILVER,0.047139418430025413,0.11618865500828933,-0.06904923657826392,0,2022-12-01,2023-10-30,180.0
2023-07-24,dlog_SOLVPN__dlog_SILVER,dlog_SOLVPN,dlog_SILVER,0.04081304583511271,0.08132838459708096,-0.04051533876196825,0,2022-12-01,2023-10-30,180.0
2023-07-25,dlog_SOLVPN__dlog_SILVER,dlog_SOLVPN,dlog_SILVER,0.05513932748644463,0.08280791412075449,-0.027668586634309857,0,2022-12-01,2023-10-30,180.0
2023-07-26,dlog_SOLVPN__dlog_SILVER,dlog_SOLVPN,dlog_SILVER,0.05580486114163173,0.0847193956053256,-0.028914534463693867,0,2022-12-01,2023-10-30,180.0
2023-07-27,dlog_SOLVPN__dlog_SILVER,dlog_SOLVPN,dlog_SILVER,0.05614594429536223,0.10616759656994093,-0.0500216522745787,0,2022-12-01,2023-10-30,180.0
2023-07-31,dlog_SOLVPN__dlog_SILVER,dlog_SOLVPN,dlog_SILVER,0.08023818792549109,0.11062865290237885,-0.030390464976887757,0,2022-12-01,2023-10-30,180.0
2023-08-01,dlog_SOLVPN__dlog_SILVER,dlog_SOLVPN,dlog_SILVER,0.08769020922513297,0.11148327507371884,-0.02379306584858587,0,2022-12-01,2023-10-30,180.0
2023-08-02,dlog_SOLVPN__dlog_SILVER,dlog_SOLVPN,dlog_SILVER,0.08816444002098697,0.1277720033261096,-0.039607563305122634,0,2022-12-01,2023-10-30,180.0
2023-08-03,dlog_SOLVPN__dlog_SILVER,dlog_SOLVPN,dlog_SILVER,0.08506512488919397,0.1288891127681417,-0.043823987878947715,0,2022-12-01,2023-10-30,180.0
2023-08-07,dlog_SOLVPN__dlog_SILVER,dlog_SOLVPN,dlog_SILVER,0.08305992095345913,0.12352238821398429,-0.04046246726052516,0,2022-12-01,2023-10-30,180.0
2023-08-08,dlog_SOLVPN__dlog_SILVER,dlog_SOLVPN,dlog_SILVER,0.083461572973762,0.1400679168594334,-0.0566063438856714,0,2022-12-01,2023-10-30,180.0
2023-08-09,dlog_SOLVPN__dlog_SILVER,dlog_SOLVPN,dlog_SILVER,0.08415282927680606,0.13838519819400913,-0.054232368917203067,0,2022-12-01,2023-10-30,180.0
2023-08-10,dlog_SOLVPN__dlog_SILVER,dlog_SOLVPN,dlog_SILVER,0.08491616906465844,0.13933809910237457,-0.05442193003771613,0,2022-12-01,2023-10-30,180.0
2023-08-14,dlog_SOLVPN__dlog_SILVER,dlog_SOLVPN,dlog_SILVER,0.08307455856981583,0.13970693820351535,-0.05663237963369952,0,2022-12-01,2023-10-30,180.0
2023-08-15,dlog_SOLVPN__dlog_SILVER,dlog_SOLVPN,dlog_SILVER,0.08749746067729769,0.13536630229957905,-0.04786884162228136,0,2022-12-01,2023-10-30,180.0
2023-08-16,dlog_SOLVPN__dlog_SILVER,dlog_SOLVPN,dlog_SILVER,0.09024706305487892,0.13120540892743546,-0.040958345872556534,0,2022-12-01,2023-10-30,180.0
2023-08-17,dlog_SOLVPN__dlog_SILVER,dlog_SOLVPN,dlog_SILVER,0.09306480067021071,0.1279603506344107,-0.03489554996419998,0,2022-12-01,2023-10-30,180.0
2023-08-21,dlog_SOLVPN__dlog_SILVER,dlog_SOLVPN,dlog_SILVER,0.09559353076401232,0.12682694286538107,-0.03123341210136875,0,2022-12-01,2023-10-30,180.0
2023-08-22,dlog_SOLVPN__dlog_SILVER,dlog_SOLVPN,dlog_SILVER,0.09526802731709477,0.1269794085930573,-0.03171138127596254,0,2022-12-01,2023-10-30,180.0
2023-08-23,dlog_SOLVPN__dlog_SILVER,dlog_SOLVPN,dlog_SILVER,0.11808042919706072,0.15496161823994353,-0.03688118904288282,0,2022-12-01,2023-10-30,180.0
2023-08-24,dlog_SOLVPN__dlog_SILVER,dlog_SOLVPN,dlog_SILVER,0.11438016089151101,0.1277691199423251,-0.013388959050814081,0,2022-12-01,2023-10-30,180.0
2023-08-28,dlog_SOLVPN__dlog_SILVER,dlog_SOLVPN,dlog_SILVER,0.10885464487059136,0.12319031369986035,-0.014335668829268983,0,2022-12-01,2023-10-30,180.0
2023-08-29,dlog_SOLVPN__dlog_SILVER,dlog_SOLVPN,dlog_SILVER,0.11448127488440832,0.12188096340640568,-0.0073996885219973635,0,2022-12-01,2023-10-30,180.0
2023-08-30,dlog_SOLVPN__dlog_SILVER,dlog_SOLVPN,dlog_SILVER,0.11546261114342024,0.12278788386556251,-0.00732527272214227,0,2022-12-01,2023-10-30,180.0
2023-08-31,dlog_SOLVPN__dlog_SILVER,dlog_SOLVPN,dlog_SILVER,0.11528039301291133,0.1242147195683744,-0.00893432655546307,0,2022-12-01,2023-10-30,180.0
2023-09-05,dlog_SOLVPN__dlog_SILVER,dlog_SOLVPN,dlog_SILVER,0.12511218268047034,0.13624463633980555,-0.011132453659335212,0,2022-12-01,2023-10-30,180.0
2023-09-06,dlog_SOLVPN__dlog_SILVER,dlog_SOLVPN,dlog_SILVER,0.12475620683542826,0.14916008830546804,-0.024403881470039773,0,2022-12-01,2023-10-30,180.0
2023-09-07,dlog_SOLVPN__dlog_SILVER,dlog_SOLVPN,dlog_SILVER,0.12516324834509296,0.1492413339027573,-0.02407808555766433,0,2022-12-01,2023-10-30,180.0
2023-09-11,dlog_SOLVPN__dlog_SILVER,dlog_SOLVPN,dlog_SILVER,0.12389065274346947,0.14751616687191424,-0.02362551412844477,0,2022-12-01,2023-10-30,180.0
2023-09-12,dlog_SOLVPN__dlog_SILVER,dlog_SOLVPN,dlog_SILVER,0.1253431867862027,0.15063347426184773,-0.025290287475645018,0,2022-12-01,2023-10-30,180.0
2023-09-13,dlog_SOLVPN__dlog_SILVER,dlog_SOLVPN,dlog_SILVER,0.12778731100433974,0.15488262428274066,-0.027095313278400923,0,2022-12-01,2023-10-30,180.0
2023-09-14,dlog_SOLVPN__dlog_SILVER,dlog_SOLVPN,dlog_SILVER,0.111038505198817,0.13419625382663256,-0.023157748627815555,0,2022-12-01,2023-10-30,180.0
2023-09-18,dlog_SOLVPN__dlog_SILVER,dlog_SOLVPN,dlog_SILVER,0.10976111696291854,0.11912687395397611,-0.009365756991057572,0,2022-12-01,2023-10-30,180.0
2023-09-19,dlog_SOLVPN__dlog_SILVER,dlog_SOLVPN,dlog_SILVER,0.10572648649001615,0.09351340713452264,0.012213079355493511,0,2022-12-01,2023-10-30,180.0
2023-09-20,dlog_SOLVPN__dlog_SILVER,dlog_SOLVPN,dlog_SILVER,0.07226222815756085,0.08039443172881713,-0.008132203571256283,0,2022-12-01,2023-10-30,180.0
2023-09-21,dlog_SOLVPN__dlog_SILVER,dlog_SOLVPN,dlog_SILVER,0.07207492357999205,0.0459543215695047,0.026120602010487354,0,2022-12-01,2023-10-30,180.0
2023-09-25,dlog_SOLVPN__dlog_SILVER,dlog_SOLVPN,dlog_SILVER,0.07563549189821915,0.06947140229788797,0.006164089600331185,0,2022-12-01,2023-10-30,180.0
2023-09-26,dlog_SOLVPN__dlog_SILVER,dlog_SOLVPN,dlog_SILVER,0.0787492507280186,0.05162646371544506,0.027122787012573535,0,2022-12-01,2023-10-30,180.0
2023-09-27,dlog_SOLVPN__dlog_SILVER,dlog_SOLVPN,dlog_SILVER,0.09895583662933012,0.06222714823338607,0.03672868839594405,0,2022-12-01,2023-10-30,180.0
2023-09-28,dlog_SOLVPN__dlog_SILVER,dlog_SOLVPN,dlog_SILVER,0.09520401804444235,0.06333924263766713,0.03186477540677522,0,2022-12-01,2023-10-30,180.0
2023-10-02,dlog_SOLVPN__dlog_SILVER,dlog_SOLVPN,dlog_SILVER,0.06697820109599611,0.08280030039883432,-0.015822099302838205,0,2022-12-01,2023-10-30,180.0
2023-10-03,dlog_SOLVPN__dlog_SILVER,dlog_SOLVPN,dlog_SILVER,0.06041140229148362,0.0661703125220149,-0.005758910230531281,0,2022-12-01,2023-10-30,180.0
2023-10-04,dlog_SOLVPN__dlog_SILVER,dlog_SOLVPN,dlog_SILVER,0.052919340369127904,0.05473941560356668,-0.0018200752344387783,0,2022-12-01,2023-10-30,180.0
2023-10-05,dlog_SOLVPN__dlog_SILVER,dlog_SOLVPN,dlog_SILVER,0.05106155427963366,0.05395190370068616,-0.002890349421052499,0,2022-12-01,2023-10-30,180.0
2023-10-10,dlog_SOLVPN__dlog_SILVER,dlog_SOLVPN,dlog_SILVER,0.052753572884809787,0.05321215020275438,-0.00045857731794459594,0,2022-12-01,2023-10-30,180.0
2023-10-11,dlog_SOLVPN__dlog_SILVER,dlog_SOLVPN,dlog_SILVER,0.050347772686636476,0.05058526076810816,-0.00023748808147168454,0,2022-12-01,2023-10-30,180.0
2023-10-12,dlog_SOLVPN__dlog_SILVER,dlog_SOLVPN,dlog_SILVER,0.052736926708945586,0.053926088562766664,-0.0011891618538210774,0,2022-12-01,2023-10-30,180.0
2023-10-16,dlog_SOLVPN__dlog_SILVER,dlog_SOLVPN,dlog_SILVER,0.06565596195330346,0.06223516319722309,0.0034207987560803746,0,2022-12-01,2023-10-30,180.0
2023-10-17,dlog_SOLVPN__dlog_SILVER,dlog_SOLVPN,dlog_SILVER,0.07387581637599756,0.06491266778928965,0.008963148586707909,0,2022-12-01,2023-10-30,180.0
2023-10-18,dlog_SOLVPN__dlog_SILVER,dlog_SOLVPN,dlog_SILVER,0.07637403387613981,0.06352929034951056,0.012844743526629246,0,2022-12-01,2023-10-30,180.0
2023-10-19,dlog_SOLVPN__dlog_SILVER,dlog_SOLVPN,dlog_SILVER,0.10306584228398878,0.07662299802255425,0.026442844261434534,0,2022-12-01,2023-10-30,180.0
2023-10-23,dlog_SOLVPN__dlog_SILVER,dlog_SOLVPN,dlog_SILVER,0.09957281105405777,0.08535867048480249,0.014214140569255282,0,2022-12-01,2023-10-30,180.0
2023-10-24,dlog_SOLVPN__dlog_SILVER,dlog_SOLVPN,dlog_SILVER,0.0980639512263769,0.08535464365985984,0.012709307566517059,0,2022-12-01,2023-10-30,180.0
2023-10-25,dlog_SOLVPN__dlog_SILVER,dlog_SOLVPN,dlog_SILVER,0.10646552623183204,0.09001440999133872,0.01645111624049332,0,2022-12-01,2023-10-30,180.0
2023-10-26,dlog_SOLVPN__dlog_SILVER,dlog_SOLVPN,dlog_SILVER,0.06739910935198427,0.07102415616655558,-0.003625046814571306,0,2022-12-01,2023-10-30,180.0
2023-10-30,dlog_SOLVPN__dlog_SILVER,dlog_SOLVPN,dlog_SILVER,0.0813595021222072,0.08291794650903586,-0.0015584443868286585,0,2022-12-01,2023-10-30,180.0
2023-10-31,dlog_SOLVPN__dlog_SILVER,dlog_SOLVPN,dlog_SILVER,0.0511462447477169,0.05063196041548844,0.0005142843322284638,1,2023-10-31,2024-07-16,140.0
2023-11-01,dlog_SOLVPN__dlog_SILVER,dlog_SOLVPN,dlog_SILVER,0.05015895231188325,0.04884126473898229,0.0013176875729009607,1,2023-10-31,2024-07-16,140.0
2023-11-02,dlog_SOLVPN__dlog_SILVER,dlog_SOLVPN,dlog_SILVER,0.03893798091023174,0.056494469214113885,-0.017556488303882144,1,2023-10-31,2024-07-16,140.0
2023-11-06,dlog_SOLVPN__dlog_SILVER,dlog_SOLVPN,dlog_SILVER,0.045902600102484856,0.05697089310538539,-0.011068293002900534,1,2023-10-31,2024-07-16,140.0
2023-11-07,dlog_SOLVPN__dlog_SILVER,dlog_SOLVPN,dlog_SILVER,0.06899094311728945,0.06399192363974958,0.004999019477539876,1,2023-10-31,2024-07-16,140.0
2023-11-08,dlog_SOLVPN__dlog_SILVER,dlog_SOLVPN,dlog_SILVER,0.07004468074607596,0.07921326800781922,-0.009168587261743258,1,2023-10-31,2024-07-16,140.0
2023-11-09,dlog_SOLVPN__dlog_SILVER,dlog_SOLVPN,dlog_SILVER,0.07601761270291242,0.04850082692204525,0.02751678578086717,1,2023-10-31,2024-07-16,140.0
2023-11-13,dlog_SOLVPN__dlog_SILVER,dlog_SOLVPN,dlog_SILVER,0.07946607553002866,0.05520359502165744,0.024262480508371216,1,2023-10-31,2024-07-16,140.0
2023-11-14,dlog_SOLVPN__dlog_SILVER,dlog_SOLVPN,dlog_SILVER,0.1017928690597092,0.13330887485915197,-0.03151600579944276,1,2023-10-31,2024-07-16,140.0
2023-11-15,dlog_SOLVPN__dlog_SILVER,dlog_SOLVPN,dlog_SILVER,0.059116080237237564,0.0845826585465291,-0.02546657830929154,1,2023-10-31,2024-07-16,140.0
2023-11-16,dlog_SOLVPN__dlog_SILVER,dlog_SOLVPN,dlog_SILVER,0.07453318032376592,0.07799478869421524,-0.003461608370449315,1,2023-10-31,2024-07-16,140.0
2023-11-20,dlog_SOLVPN__dlog_SILVER,dlog_SOLVPN,dlog_SILVER,0.0867780475641977,0.036552641936393356,0.050225405627804344,1,2023-10-31,2024-07-16,140.0
2023-11-21,dlog_SOLVPN__dlog_SILVER,dlog_SOLVPN,dlog_SILVER,0.0861023696810046,0.05104143204808915,0.03506093763291545,1,2023-10-31,2024-07-16,140.0
2023-11-22,dlog_SOLVPN__dlog_SILVER,dlog_SOLVPN,dlog_SILVER,0.08540023648070535,0.05417686243361819,0.031223374047087166,1,2023-10-31,2024-07-16,140.0
2023-11-27,dlog_SOLVPN__dlog_SILVER,dlog_SOLVPN,dlog_SILVER,0.07170759329086657,0.07184468863976409,-0.00013709534889752573,1,2023-10-31,2024-07-16,140.0
2023-11-28,dlog_SOLVPN__dlog_SILVER,dlog_SOLVPN,dlog_SILVER,0.0974280071593837,0.04786994676070292,0.04955806039868078,1,2023-10-31,2024-07-16,140.0
2023-11-29,dlog_SOLVPN__dlog_SILVER,dlog_SOLVPN,dlog_SILVER,0.12591102975623888,0.047971110017197505,0.07793991973904138,1,2023-10-31,2024-07-16,140.0
2023-11-30,dlog_SOLVPN__dlog_SILVER,dlog_SOLVPN,dlog_SILVER,0.1147546640648246,0.04635254667474031,0.06840211739008428,1,2023-10-31,2024-07-16,140.0
2023-12-04,dlog_SOLVPN__dlog_SILVER,dlog_SOLVPN,dlog_SILVER,0.12056046157258363,0.039112364314629444,0.08144809725795418,1,2023-10-31,2024-07-16,140.0
2023-12-05,dlog_SOLVPN__dlog_SILVER,dlog_SOLVPN,dlog_SILVER,0.144704148391087,0.04686101351774051,0.09784313487334649,1,2023-10-31,2024-07-16,140.0
2023-12-06,dlog_SOLVPN__dlog_SILVER,dlog_SOLVPN,dlog_SILVER,0.14431370297764867,0.05231391110935441,0.09199979186829427,1,2023-10-31,2024-07-16,140.0
2023-12-07,dlog_SOLVPN__dlog_SILVER,dlog_SOLVPN,dlog_SILVER,0.1469586890746214,0.05355023432420351,0.09340845475041788,1,2023-10-31,2024-07-16,140.0
2023-12-11,dlog_SOLVPN__dlog_SILVER,dlog_SOLVPN,dlog_SILVER,0.09525989739541757,0.05444967103235418,0.04081022636306339,1,2023-10-31,2024-07-16,140.0
2023-12-12,dlog_SOLVPN__dlog_SILVER,dlog_SOLVPN,dlog_SILVER,0.09004502194365568,0.05559481465891974,0.03445020728473595,1,2023-10-31,2024-07-16,140.0
2023-12-13,dlog_SOLVPN__dlog_SILVER,dlog_SOLVPN,dlog_SILVER,0.10436683110567843,0.06945955093418314,0.03490728017149529,1,2023-10-31,2024-07-16,140.0
2023-12-14,dlog_SOLVPN__dlog_SILVER,dlog_SOLVPN,dlog_SILVER,0.1378036207279309,0.07432869857146082,0.06347492215647008,1,2023-10-31,2024-07-16,140.0
2023-12-18,dlog_SOLVPN__dlog_SILVER,dlog_SOLVPN,dlog_SILVER,0.12132975539105109,0.06290391335895243,0.05842584203209866,1,2023-10-31,2024-07-16,140.0
2023-12-19,dlog_SOLVPN__dlog_SILVER,dlog_SOLVPN,dlog_SILVER,0.12144489177385479,0.06227457473742264,0.05917031703643214,1,2023-10-31,2024-07-16,140.0
2023-12-20,dlog_SOLVPN__dlog_SILVER,dlog_SOLVPN,dlog_SILVER,0.13535989045159424,0.05511067147126588,0.08024921898032836,1,2023-10-31,2024-07-16,140.0
2023-12-21,dlog_SOLVPN__dlog_SILVER,dlog_SOLVPN,dlog_SILVER,0.13971929385014348,0.0533233236286895,0.08639597022145398,1,2023-10-31,2024-07-16,140.0
2023-12-26,dlog_SOLVPN__dlog_SILVER,dlog_SOLVPN,dlog_SILVER,0.1122620260107878,0.03779536796322551,0.07446665804756229,1,2023-10-31,2024-07-16,140.0
2023-12-27,dlog_SOLVPN__dlog_SILVER,dlog_SOLVPN,dlog_SILVER,0.11038170640221072,0.029437534533359483,0.08094417186885124,1,2023-10-31,2024-07-16,140.0
2023-12-28,dlog_SOLVPN__dlog_SILVER,dlog_SOLVPN,dlog_SILVER,0.08816904764929871,0.03050336996768149,0.05766567768161722,1,2023-10-31,2024-07-16,140.0
2024-01-02,dlog_SOLVPN__dlog_SILVER,dlog_SOLVPN,dlog_SILVER,0.08873797300083949,0.029493979489434146,0.05924399351140534,1,2023-10-31,2024-07-16,140.0
2024-01-03,dlog_SOLVPN__dlog_SILVER,dlog_SOLVPN,dlog_SILVER,0.11033444743588555,0.04320855762775324,0.0671258898081323,1,2023-10-31,2024-07-16,140.0
2024-01-04,dlog_SOLVPN__dlog_SILVER,dlog_SOLVPN,dlog_SILVER,0.11356785186763725,0.034682291567875737,0.07888556029976151,1,2023-10-31,2024-07-16,140.0
2024-01-08,dlog_SOLVPN__dlog_SILVER,dlog_SOLVPN,dlog_SILVER,0.10406975902227533,0.039470901707029334,0.064598857315246,1,2023-10-31,2024-07-16,140.0
2024-01-09,dlog_SOLVPN__dlog_SILVER,dlog_SOLVPN,dlog_SILVER,0.08202296750329378,0.04032740140935047,0.041695566093943315,1,2023-10-31,2024-07-16,140.0
2024-01-10,dlog_SOLVPN__dlog_SILVER,dlog_SOLVPN,dlog_SILVER,0.08385975268538996,0.05115288164164847,0.032706871043741495,1,2023-10-31,2024-07-16,140.0
2024-01-11,dlog_SOLVPN__dlog_SILVER,dlog_SOLVPN,dlog_SILVER,0.09034141016039274,0.05515011230609688,0.03519129785429586,1,2023-10-31,2024-07-16,140.0
2024-01-16,dlog_SOLVPN__dlog_SILVER,dlog_SOLVPN,dlog_SILVER,0.05744538075902466,0.1917635812728997,-0.13431820051387502,1,2023-10-31,2024-07-16,140.0
2024-01-17,dlog_SOLVPN__dlog_SILVER,dlog_SOLVPN,dlog_SILVER,0.11517538405189133,0.019704269226034864,0.09547111482585646,1,2023-10-31,2024-07-16,140.0
2024-01-18,dlog_SOLVPN__dlog_SILVER,dlog_SOLVPN,dlog_SILVER,0.07855612475703953,0.03251244936706175,0.046043675389977785,1,2023-10-31,2024-07-16,140.0
2024-01-22,dlog_SOLVPN__dlog_SILVER,dlog_SOLVPN,dlog_SILVER,0.10240559238088992,0.016425054197760004,0.08598053818312992,1,2023-10-31,2024-07-16,140.0
2024-01-23,dlog_SOLVPN__dlog_SILVER,dlog_SOLVPN,dlog_SILVER,0.09012442078655042,0.013260822071673832,0.07686359871487658,1,2023-10-31,2024-07-16,140.0
2024-01-24,dlog_SOLVPN__dlog_SILVER,dlog_SOLVPN,dlog_SILVER,0.05982992805913748,0.014199975415639,0.04562995264349848,1,2023-10-31,2024-07-16,140.0
2024-01-25,dlog_SOLVPN__dlog_SILVER,dlog_SOLVPN,dlog_SILVER,0.05945498926164757,0.01733522854928044,0.04211976071236713,1,2023-10-31,2024-07-16,140.0
2024-01-29,dlog_SOLVPN__dlog_SILVER,dlog_SOLVPN,dlog_SILVER,0.06088735959731349,0.03223659822619717,0.028650761371116322,1,2023-10-31,2024-07-16,140.0
2024-01-30,dlog_SOLVPN__dlog_SILVER,dlog_SOLVPN,dlog_SILVER,0.06321490844265786,0.0309383736006756,0.03227653484198226,1,2023-10-31,2024-07-16,140.0
2024-01-31,dlog_SOLVPN__dlog_SILVER,dlog_SOLVPN,dlog_SILVER,0.07369639361429395,0.026333240708727532,0.04736315290556642,1,2023-10-31,2024-07-16,140.0
2024-02-01,dlog_SOLVPN__dlog_SILVER,dlog_SOLVPN,dlog_SILVER,0.0758511097134985,0.020159453818861042,0.055691655894637454,1,2023-10-31,2024-07-16,140.0
2024-02-05,dlog_SOLVPN__dlog_SILVER,dlog_SOLVPN,dlog_SILVER,0.06803584996907394,0.036263412403931994,0.03177243756514195,1,2023-10-31,2024-07-16,140.0
2024-02-06,dlog_SOLVPN__dlog_SILVER,dlog_SOLVPN,dlog_SILVER,0.048415168972093955,0.03558327988323448,0.012831889088859474,1,2023-10-31,2024-07-16,140.0
2024-02-07,dlog_SOLVPN__dlog_SILVER,dlog_SOLVPN,dlog_SILVER,0.056647651651131975,0.03489132586321866,0.021756325787913318,1,2023-10-31,2024-07-16,140.0
2024-02-08,dlog_SOLVPN__dlog_SILVER,dlog_SOLVPN,dlog_SILVER,0.06039547896444797,0.037227409966056675,0.023168068998391293,1,2023-10-31,2024-07-16,140.0
2024-02-12,dlog_SOLVPN__dlog_SILVER,dlog_SOLVPN,dlog_SILVER,0.0567508535100444,0.03563706644934512,0.02111378706069928,1,2023-10-31,2024-07-16,140.0
2024-02-13,dlog_SOLVPN__dlog_SILVER,dlog_SOLVPN,dlog_SILVER,0.08065684390971765,0.041992335425083245,0.03866450848463441,1,2023-10-31,2024-07-16,140.0
2024-02-14,dlog_SOLVPN__dlog_SILVER,dlog_SOLVPN,dlog_SILVER,0.11702837048239811,0.04930971528210084,0.06771865520029727,1,2023-10-31,2024-07-16,140.0
2024-02-15,dlog_SOLVPN__dlog_SILVER,dlog_SOLVPN,dlog_SILVER,0.091736410661394,0.12877581998915727,-0.03703940932776327,1,2023-10-31,2024-07-16,140.0
2024-02-20,dlog_SOLVPN__dlog_SILVER,dlog_SOLVPN,dlog_SILVER,0.09934805317592912,0.11388514704316183,-0.014537093867232703,1,2023-10-31,2024-07-16,140.0
2024-02-21,dlog_SOLVPN__dlog_SILVER,dlog_SOLVPN,dlog_SILVER,0.10060011660539753,0.11453011748338017,-0.013930000877982643,1,2023-10-31,2024-07-16,140.0
2024-02-22,dlog_SOLVPN__dlog_SILVER,dlog_SOLVPN,dlog_SILVER,0.0891668491202487,0.09967764043074268,-0.01051079131049397,1,2023-10-31,2024-07-16,140.0
2024-02-26,dlog_SOLVPN__dlog_SILVER,dlog_SOLVPN,dlog_SILVER,0.10293548059785756,0.10170553215612874,0.0012299484417288287,1,2023-10-31,2024-07-16,140.0
2024-02-27,dlog_SOLVPN__dlog_SILVER,dlog_SOLVPN,dlog_SILVER,0.10064483844447338,0.11328202888852626,-0.012637190444052884,1,2023-10-31,2024-07-16,140.0
2024-02-28,dlog_SOLVPN__dlog_SILVER,dlog_SOLVPN,dlog_SILVER,0.09400020705056064,0.10825276322185859,-0.014252556171297948,1,2023-10-31,2024-07-16,140.0
2024-02-29,dlog_SOLVPN__dlog_SILVER,dlog_SOLVPN,dlog_SILVER,0.08939087190120026,0.11131717376164572,-0.02192630186044546,1,2023-10-31,2024-07-16,140.0
2024-03-04,dlog_SOLVPN__dlog_SILVER,dlog_SOLVPN,dlog_SILVER,0.12057766799248663,0.14489443825847903,-0.024316770265992396,1,2023-10-31,2024-07-16,140.0
2024-03-05,dlog_SOLVPN__dlog_SILVER,dlog_SOLVPN,dlog_SILVER,0.09098263966155473,0.1170763715903963,-0.026093731928841568,1,2023-10-31,2024-07-16,140.0
2024-03-06,dlog_SOLVPN__dlog_SILVER,dlog_SOLVPN,dlog_SILVER,0.09776770260954472,0.11461239612499209,-0.016844693515447373,1,2023-10-31,2024-07-16,140.0
2024-03-07,dlog_SOLVPN__dlog_SILVER,dlog_SOLVPN,dlog_SILVER,0.09857199518841762,0.10116438287201923,-0.0025923876836016074,1,2023-10-31,2024-07-16,140.0
2024-03-11,dlog_SOLVPN__dlog_SILVER,dlog_SOLVPN,dlog_SILVER,0.09645673957321228,0.09645632782419451,4.11749017770191e-07,1,2023-10-31,2024-07-16,140.0
2024-03-12,dlog_SOLVPN__dlog_SILVER,dlog_SOLVPN,dlog_SILVER,0.09087031729165097,0.09256950714575733,-0.0016991898541063588,1,2023-10-31,2024-07-16,140.0
2024-03-13,dlog_SOLVPN__dlog_SILVER,dlog_SOLVPN,dlog_SILVER,0.0827574470797102,0.06839948020594808,0.014357966873762118,1,2023-10-31,2024-07-16,140.0
2024-03-14,dlog_SOLVPN__dlog_SILVER,dlog_SOLVPN,dlog_SILVER,0.07542313257041507,0.067534604583812,0.00788852798660307,1,2023-10-31,2024-07-16,140.0
2024-03-18,dlog_SOLVPN__dlog_SILVER,dlog_SOLVPN,dlog_SILVER,0.06372383240097004,0.06221206911788168,0.0015117632830883646,1,2023-10-31,2024-07-16,140.0
2024-03-19,dlog_SOLVPN__dlog_SILVER,dlog_SOLVPN,dlog_SILVER,0.05798526418185454,0.07188102338691017,-0.013895759205055633,1,2023-10-31,2024-07-16,140.0
2024-03-20,dlog_SOLVPN__dlog_SILVER,dlog_SOLVPN,dlog_SILVER,0.0665405362332612,0.07467306452254092,-0.008132528289279725,1,2023-10-31,2024-07-16,140.0
2024-03-21,dlog_SOLVPN__dlog_SILVER,dlog_SOLVPN,dlog_SILVER,0.062219868181368314,0.066541877717129,-0.0043220095357606805,1,2023-10-31,2024-07-16,140.0
2024-03-25,dlog_SOLVPN__dlog_SILVER,dlog_SOLVPN,dlog_SILVER,0.059724285775275596,0.05701169932768584,0.002712586447589753,1,2023-10-31,2024-07-16,140.0
2024-03-26,dlog_SOLVPN__dlog_SILVER,dlog_SOLVPN,dlog_SILVER,0.06474228499275805,0.053957007592839,0.010785277399919052,1,2023-10-31,2024-07-16,140.0
2024-03-27,dlog_SOLVPN__dlog_SILVER,dlog_SOLVPN,dlog_SILVER,0.0682463865800187,0.06202941701669705,0.006216969563321656,1,2023-10-31,2024-07-16,140.0
2024-04-01,dlog_SOLVPN__dlog_SILVER,dlog_SOLVPN,dlog_SILVER,0.0669853450114509,0.06977903850201038,-0.002793693490559482,1,2023-10-31,2024-07-16,140.0
2024-04-02,dlog_SOLVPN__dlog_SILVER,dlog_SOLVPN,dlog_SILVER,0.029132012436629353,0.06876496060492107,-0.039632948168291715,1,2023-10-31,2024-07-16,140.0
2024-04-03,dlog_SOLVPN__dlog_SILVER,dlog_SOLVPN,dlog_SILVER,0.02567631965545086,0.0588952870179327,-0.03321896736248184,1,2023-10-31,2024-07-16,140.0
2024-04-04,dlog_SOLVPN__dlog_SILVER,dlog_SOLVPN,dlog_SILVER,0.04129803873438211,0.11432741244662713,-0.07302937371224502,1,2023-10-31,2024-07-16,140.0
2024-04-08,dlog_SOLVPN__dlog_SILVER,dlog_SOLVPN,dlog_SILVER,0.04921939935576442,0.11440414239514599,-0.06518474303938157,1,2023-10-31,2024-07-16,140.0
2024-04-09,dlog_SOLVPN__dlog_SILVER,dlog_SOLVPN,dlog_SILVER,0.050767203053538996,0.08031405962281767,-0.02954685656927867,1,2023-10-31,2024-07-16,140.0
2024-04-10,dlog_SOLVPN__dlog_SILVER,dlog_SOLVPN,dlog_SILVER,0.06898719623866137,0.06137365474800461,0.00761354149065676,1,2023-10-31,2024-07-16,140.0
2024-04-11,dlog_SOLVPN__dlog_SILVER,dlog_SOLVPN,dlog_SILVER,0.03156642064612135,0.08104574678112927,-0.049479326135007926,1,2023-10-31,2024-07-16,140.0
2024-04-15,dlog_SOLVPN__dlog_SILVER,dlog_SOLVPN,dlog_SILVER,0.027288588698503202,0.07046857311946847,-0.04317998442096527,1,2023-10-31,2024-07-16,140.0
2024-04-16,dlog_SOLVPN__dlog_SILVER,dlog_SOLVPN,dlog_SILVER,0.025160738292137913,0.08876359091195393,-0.06360285261981602,1,2023-10-31,2024-07-16,140.0
2024-04-17,dlog_SOLVPN__dlog_SILVER,dlog_SOLVPN,dlog_SILVER,0.01923493846399716,0.06591391531714186,-0.0466789768531447,1,2023-10-31,2024-07-16,140.0
2024-04-18,dlog_SOLVPN__dlog_SILVER,dlog_SOLVPN,dlog_SILVER,0.01828117035699427,0.05759316997533352,-0.039311999618339255,1,2023-10-31,2024-07-16,140.0
2024-04-22,dlog_SOLVPN__dlog_SILVER,dlog_SOLVPN,dlog_SILVER,0.017613844288690672,0.06303953468488417,-0.0454256903961935,1,2023-10-31,2024-07-16,140.0
2024-04-23,dlog_SOLVPN__dlog_SILVER,dlog_SOLVPN,dlog_SILVER,0.019916163965544388,0.08487275947342503,-0.06495659550788063,1,2023-10-31,2024-07-16,140.0
2024-04-24,dlog_SOLVPN__dlog_SILVER,dlog_SOLVPN,dlog_SILVER,0.0204910175092206,0.07918861369646694,-0.05869759618724635,1,2023-10-31,2024-07-16,140.0
2024-04-25,dlog_SOLVPN__dlog_SILVER,dlog_SOLVPN,dlog_SILVER,0.01726708084916719,0.08071578649111147,-0.06344870564194428,1,2023-10-31,2024-07-16,140.0
2024-04-29,dlog_SOLVPN__dlog_SILVER,dlog_SOLVPN,dlog_SILVER,0.028849819925808134,0.07282244005025314,-0.043972620124445,1,2023-10-31,2024-07-16,140.0
2024-04-30,dlog_SOLVPN__dlog_SILVER,dlog_SOLVPN,dlog_SILVER,0.07189879837399483,0.09167086137161333,-0.019772062997618495,1,2023-10-31,2024-07-16,140.0
2024-05-01,dlog_SOLVPN__dlog_SILVER,dlog_SOLVPN,dlog_SILVER,0.05328015296076602,0.029365913167932464,0.023914239792833556,1,2023-10-31,2024-07-16,140.0
2024-05-02,dlog_SOLVPN__dlog_SILVER,dlog_SOLVPN,dlog_SILVER,0.02832842118623417,0.03080752275260733,-0.002479101566373161,1,2023-10-31,2024-07-16,140.0
2024-05-06,dlog_SOLVPN__dlog_SILVER,dlog_SOLVPN,dlog_SILVER,0.02208419246605213,0.030407543304514135,-0.008323350838462005,1,2023-10-31,2024-07-16,140.0
2024-05-07,dlog_SOLVPN__dlog_SILVER,dlog_SOLVPN,dlog_SILVER,0.019882176685165186,0.022673879128944585,-0.0027917024437793987,1,2023-10-31,2024-07-16,140.0
2024-05-08,dlog_SOLVPN__dlog_SILVER,dlog_SOLVPN,dlog_SILVER,0.018962093681944403,0.025697367698874103,-0.0067352740169297,1,2023-10-31,2024-07-16,140.0
2024-05-09,dlog_SOLVPN__dlog_SILVER,dlog_SOLVPN,dlog_SILVER,0.022596214408180642,0.03598357994240271,-0.013387365534222071,1,2023-10-31,2024-07-16,140.0
2024-05-13,dlog_SOLVPN__dlog_SILVER,dlog_SOLVPN,dlog_SILVER,0.02680507103885878,0.038855687404959004,-0.012050616366100223,1,2023-10-31,2024-07-16,140.0
2024-05-14,dlog_SOLVPN__dlog_SILVER,dlog_SOLVPN,dlog_SILVER,0.02932475418564878,0.041142636699191416,-0.011817882513542637,1,2023-10-31,2024-07-16,140.0
2024-05-15,dlog_SOLVPN__dlog_SILVER,dlog_SOLVPN,dlog_SILVER,0.07764451293574536,0.08669711904622304,-0.009052606110477687,1,2023-10-31,2024-07-16,140.0
2024-05-16,dlog_SOLVPN__dlog_SILVER,dlog_SOLVPN,dlog_SILVER,0.06999657150416143,0.08512207594813036,-0.015125504443968929,1,2023-10-31,2024-07-16,140.0
2024-05-20,dlog_SOLVPN__dlog_SILVER,dlog_SOLVPN,dlog_SILVER,0.07024830106062947,0.06133776486390625,0.008910536196723225,1,2023-10-31,2024-07-16,140.0
2024-05-21,dlog_SOLVPN__dlog_SILVER,dlog_SOLVPN,dlog_SILVER,0.06663901289015262,0.05663752985505626,0.010001483035096355,1,2023-10-31,2024-07-16,140.0
2024-05-22,dlog_SOLVPN__dlog_SILVER,dlog_SOLVPN,dlog_SILVER,0.06622735687912013,0.06343920421272574,0.002788152666394386,1,2023-10-31,2024-07-16,140.0
2024-05-23,dlog_SOLVPN__dlog_SILVER,dlog_SOLVPN,dlog_SILVER,0.08038030655620576,0.04385249161573843,0.03652781494046733,1,2023-10-31,2024-07-16,140.0
2024-05-28,dlog_SOLVPN__dlog_SILVER,dlog_SOLVPN,dlog_SILVER,0.05174848381692502,0.04826729518660221,0.003481188630322811,1,2023-10-31,2024-07-16,140.0
2024-05-29,dlog_SOLVPN__dlog_SILVER,dlog_SOLVPN,dlog_SILVER,0.05093908501522376,0.04530282593769709,0.00563625907752667,1,2023-10-31,2024-07-16,140.0
2024-05-30,dlog_SOLVPN__dlog_SILVER,dlog_SOLVPN,dlog_SILVER,0.044806666042677606,0.03420631094921442,0.010600355093463187,1,2023-10-31,2024-07-16,140.0
2024-06-03,dlog_SOLVPN__dlog_SILVER,dlog_SOLVPN,dlog_SILVER,0.05679659667708797,0.035356596738511145,0.02143999993857682,1,2023-10-31,2024-07-16,140.0
2024-06-04,dlog_SOLVPN__dlog_SILVER,dlog_SOLVPN,dlog_SILVER,0.017667731355824456,0.015584389208741244,0.002083342147083212,1,2023-10-31,2024-07-16,140.0
2024-06-05,dlog_SOLVPN__dlog_SILVER,dlog_SOLVPN,dlog_SILVER,0.022700115853667848,0.03878630654755391,-0.016086190693886063,1,2023-10-31,2024-07-16,140.0
2024-06-06,dlog_SOLVPN__dlog_SILVER,dlog_SOLVPN,dlog_SILVER,0.04939409279611619,0.03434077697806359,0.015053315818052596,1,2023-10-31,2024-07-16,140.0
2024-06-10,dlog_SOLVPN__dlog_SILVER,dlog_SOLVPN,dlog_SILVER,0.029818518164034153,0.04734636982325652,-0.017527851659222365,1,2023-10-31,2024-07-16,140.0
2024-06-11,dlog_SOLVPN__dlog_SILVER,dlog_SOLVPN,dlog_SILVER,0.040320442686331025,0.029946785161703585,0.01037365752462744,1,2023-10-31,2024-07-16,140.0
2024-06-12,dlog_SOLVPN__dlog_SILVER,dlog_SOLVPN,dlog_SILVER,0.026955532394477417,0.034021656994080066,-0.007066124599602649,1,2023-10-31,2024-07-16,140.0
2024-06-13,dlog_SOLVPN__dlog_SILVER,dlog_SOLVPN,dlog_SILVER,0.011860215518190227,0.04477095693096516,-0.03291074141277493,1,2023-10-31,2024-07-16,140.0
2024-06-17,dlog_SOLVPN__dlog_SILVER,dlog_SOLVPN,dlog_SILVER,0.012612992661803135,0.040712416732117035,-0.0280994240703139,1,2023-10-31,2024-07-16,140.0
2024-06-18,dlog_SOLVPN__dlog_SILVER,dlog_SOLVPN,dlog_SILVER,0.015391887140363318,0.039392604534553226,-0.024000717394189908,1,2023-10-31,2024-07-16,140.0
2024-06-20,dlog_SOLVPN__dlog_SILVER,dlog_SOLVPN,dlog_SILVER,0.036647020203952906,0.010945323984534513,0.025701696219418393,1,2023-10-31,2024-07-16,140.0
2024-06-24,dlog_SOLVPN__dlog_SILVER,dlog_SOLVPN,dlog_SILVER,0.06261573599213169,0.004198040817127539,0.05841769517500415,1,2023-10-31,2024-07-16,140.0
2024-06-25,dlog_SOLVPN__dlog_SILVER,dlog_SOLVPN,dlog_SILVER,0.06717049617103772,0.02284274223485745,0.04432775393618027,1,2023-10-31,2024-07-16,140.0
2024-06-26,dlog_SOLVPN__dlog_SILVER,dlog_SOLVPN,dlog_SILVER,0.06861678927261669,0.024287085257179514,0.04432970401543718,1,2023-10-31,2024-07-16,140.0
2024-06-27,dlog_SOLVPN__dlog_SILVER,dlog_SOLVPN,dlog_SILVER,0.07512512157597126,0.025253647858831312,0.049871473717139944,1,2023-10-31,2024-07-16,140.0
2024-07-01,dlog_SOLVPN__dlog_SILVER,dlog_SOLVPN,dlog_SILVER,0.0645723819307939,0.014172235288057224,0.050400146642736676,1,2023-10-31,2024-07-16,140.0
2024-07-02,dlog_SOLVPN__dlog_SILVER,dlog_SOLVPN,dlog_SILVER,0.06596129317349489,0.011612465968952372,0.05434882720454252,1,2023-10-31,2024-07-16,140.0
2024-07-03,dlog_SOLVPN__dlog_SILVER,dlog_SOLVPN,dlog_SILVER,0.0919781311838358,0.016032174236321303,0.07594595694751449,1,2023-10-31,2024-07-16,140.0
2024-07-08,dlog_SOLVPN__dlog_SILVER,dlog_SOLVPN,dlog_SILVER,0.07967353955071517,0.06936337631329087,0.0103101632374243,1,2023-10-31,2024-07-16,140.0
2024-07-09,dlog_SOLVPN__dlog_SILVER,dlog_SOLVPN,dlog_SILVER,0.07911567056623364,0.05835049859767976,0.020765171968553882,1,2023-10-31,2024-07-16,140.0
2024-07-10,dlog_SOLVPN__dlog_SILVER,dlog_SOLVPN,dlog_SILVER,0.0712963826626539,0.06229747020725513,0.008998912455398765,1,2023-10-31,2024-07-16,140.0
2024-07-11,dlog_SOLVPN__dlog_SILVER,dlog_SOLVPN,dlog_SILVER,0.08976588422788905,0.05998032500438873,0.02978555922350031,1,2023-10-31,2024-07-16,140.0
2024-07-15,dlog_SOLVPN__dlog_SILVER,dlog_SOLVPN,dlog_SILVER,0.03350309821351345,0.0632358351781594,-0.029732736964645942,1,2023-10-31,2024-07-16,140.0
2024-07-16,dlog_SOLVPN__dlog_SILVER,dlog_SOLVPN,dlog_SILVER,0.028652839910345097,0.054915650196002294,-0.026262810285657197,1,2023-10-31,2024-07-16,140.0
2024-07-17,dlog_SOLVPN__dlog_SILVER,dlog_SOLVPN,dlog_SILVER,0.03872614621777935,0.06224785860339526,-0.023521712385615907,2,2024-07-17,2025-04-15,145.0
2024-07-18,dlog_SOLVPN__dlog_SILVER,dlog_SOLVPN,dlog_SILVER,0.03134707316860654,0.07602925556359842,-0.04468218239499188,2,2024-07-17,2025-04-15,145.0
2024-07-22,dlog_SOLVPN__dlog_SILVER,dlog_SOLVPN,dlog_SILVER,0.04050911623625839,0.05476122217477818,-0.01425210593851979,2,2024-07-17,2025-04-15,145.0
2024-07-23,dlog_SOLVPN__dlog_SILVER,dlog_SOLVPN,dlog_SILVER,0.04410203981319479,0.1091370030241736,-0.06503496321097882,2,2024-07-17,2025-04-15,145.0
2024-07-24,dlog_SOLVPN__dlog_SILVER,dlog_SOLVPN,dlog_SILVER,0.058366026685086364,0.1582285810413125,-0.09986255435622612,2,2024-07-17,2025-04-15,145.0
2024-07-25,dlog_SOLVPN__dlog_SILVER,dlog_SOLVPN,dlog_SILVER,0.06264359413107248,0.15319199711578763,-0.09054840298471514,2,2024-07-17,2025-04-15,145.0
2024-07-29,dlog_SOLVPN__dlog_SILVER,dlog_SOLVPN,dlog_SILVER,0.06980092152686582,0.14730744784696992,-0.0775065263201041,2,2024-07-17,2025-04-15,145.0
2024-07-30,dlog_SOLVPN__dlog_SILVER,dlog_SOLVPN,dlog_SILVER,0.07078404659101271,0.14775354069455374,-0.07696949410354102,2,2024-07-17,2025-04-15,145.0
2024-07-31,dlog_SOLVPN__dlog_SILVER,dlog_SOLVPN,dlog_SILVER,0.09997376805824272,0.16679591449139886,-0.06682214643315613,2,2024-07-17,2025-04-15,145.0
2024-08-01,dlog_SOLVPN__dlog_SILVER,dlog_SOLVPN,dlog_SILVER,0.0743375346307559,0.16418310283051074,-0.08984556819975484,2,2024-07-17,2025-04-15,145.0
2024-08-05,dlog_SOLVPN__dlog_SILVER,dlog_SOLVPN,dlog_SILVER,0.07356066259377303,0.13268513863662265,-0.05912447604284962,2,2024-07-17,2025-04-15,145.0
2024-08-06,dlog_SOLVPN__dlog_SILVER,dlog_SOLVPN,dlog_SILVER,0.1340898806143349,0.15913377590100128,-0.025043895286666368,2,2024-07-17,2025-04-15,145.0
2024-08-07,dlog_SOLVPN__dlog_SILVER,dlog_SOLVPN,dlog_SILVER,0.12926425196127003,0.17953250032866233,-0.0502682483673923,2,2024-07-17,2025-04-15,145.0
2024-08-08,dlog_SOLVPN__dlog_SILVER,dlog_SOLVPN,dlog_SILVER,0.13607647639903084,0.1785084814321028,-0.04243200503307196,2,2024-07-17,2025-04-15,145.0
2024-08-12,dlog_SOLVPN__dlog_SILVER,dlog_SOLVPN,dlog_SILVER,0.1334042870649486,0.18267762556962877,-0.04927333850468016,2,2024-07-17,2025-04-15,145.0
2024-08-13,dlog_SOLVPN__dlog_SILVER,dlog_SOLVPN,dlog_SILVER,0.1334275563434595,0.18237224832980206,-0.04894469198634255,2,2024-07-17,2025-04-15,145.0
2024-08-14,dlog_SOLVPN__dlog_SILVER,dlog_SOLVPN,dlog_SILVER,0.12748066237463576,0.18327450911950346,-0.0557938467448677,2,2024-07-17,2025-04-15,145.0
2024-08-15,dlog_SOLVPN__dlog_SILVER,dlog_SOLVPN,dlog_SILVER,0.13100431496000248,0.17745633932137567,-0.04645202436137319,2,2024-07-17,2025-04-15,145.0
2024-08-19,dlog_SOLVPN__dlog_SILVER,dlog_SOLVPN,dlog_SILVER,0.12917565067541018,0.17079201802387117,-0.041616367348461,2,2024-07-17,2025-04-15,145.0
2024-08-20,dlog_SOLVPN__dlog_SILVER,dlog_SOLVPN,dlog_SILVER,0.12930041370285983,0.16717004397787225,-0.03786963027501242,2,2024-07-17,2025-04-15,145.0
2024-08-21,dlog_SOLVPN__dlog_SILVER,dlog_SOLVPN,dlog_SILVER,0.13073771477709117,0.16937501217139575,-0.038637297394304576,2,2024-07-17,2025-04-15,145.0
2024-08-22,dlog_SOLVPN__dlog_SILVER,dlog_SOLVPN,dlog_SILVER,0.1242919036556097,0.16640189774937442,-0.042109994093764716,2,2024-07-17,2025-04-15,145.0
2024-08-26,dlog_SOLVPN__dlog_SILVER,dlog_SOLVPN,dlog_SILVER,0.1243705241772081,0.15815338622601544,-0.03378286204880733,2,2024-07-17,2025-04-15,145.0
2024-08-27,dlog_SOLVPN__dlog_SILVER,dlog_SOLVPN,dlog_SILVER,0.11792902209793495,0.15543340942122605,-0.0375043873232911,2,2024-07-17,2025-04-15,145.0
2024-08-28,dlog_SOLVPN__dlog_SILVER,dlog_SOLVPN,dlog_SILVER,0.12236769988212079,0.14905716686514925,-0.02668946698302846,2,2024-07-17,2025-04-15,145.0
2024-08-29,dlog_SOLVPN__dlog_SILVER,dlog_SOLVPN,dlog_SILVER,0.12508315378712934,0.16557183870491018,-0.04048868491778085,2,2024-07-17,2025-04-15,145.0
2024-09-03,dlog_SOLVPN__dlog_SILVER,dlog_SOLVPN,dlog_SILVER,0.1433066892919482,0.14900993643654936,-0.005703247144601159,2,2024-07-17,2025-04-15,145.0
2024-09-04,dlog_SOLVPN__dlog_SILVER,dlog_SOLVPN,dlog_SILVER,0.1525691379338837,0.14933224951080024,0.0032368884230834505,2,2024-07-17,2025-04-15,145.0
2024-09-05,dlog_SOLVPN__dlog_SILVER,dlog_SOLVPN,dlog_SILVER,0.14541611516248207,0.13418947748545992,0.011226637677022144,2,2024-07-17,2025-04-15,145.0
2024-09-09,dlog_SOLVPN__dlog_SILVER,dlog_SOLVPN,dlog_SILVER,0.14437262223894076,0.11509175860184274,0.029280863637098017,2,2024-07-17,2025-04-15,145.0
2024-09-10,dlog_SOLVPN__dlog_SILVER,dlog_SOLVPN,dlog_SILVER,0.13609765608653582,0.1353989755279837,0.0006986805585521283,2,2024-07-17,2025-04-15,145.0
2024-09-11,dlog_SOLVPN__dlog_SILVER,dlog_SOLVPN,dlog_SILVER,0.1277788387840363,0.1364405917644033,-0.008661752980366977,2,2024-07-17,2025-04-15,145.0
2024-09-12,dlog_SOLVPN__dlog_SILVER,dlog_SOLVPN,dlog_SILVER,0.1090867206976836,0.12544465572639749,-0.016357935028713882,2,2024-07-17,2025-04-15,145.0
2024-09-16,dlog_SOLVPN__dlog_SILVER,dlog_SOLVPN,dlog_SILVER,0.1027431500872961,0.14196977158153243,-0.03922662149423632,2,2024-07-17,2025-04-15,145.0
2024-09-17,dlog_SOLVPN__dlog_SILVER,dlog_SOLVPN,dlog_SILVER,0.10513942370573491,0.1279614431011636,-0.022822019395428703,2,2024-07-17,2025-04-15,145.0
2024-09-18,dlog_SOLVPN__dlog_SILVER,dlog_SOLVPN,dlog_SILVER,0.10811753308645441,0.12861132840450676,-0.020493795318052344,2,2024-07-17,2025-04-15,145.0
2024-09-19,dlog_SOLVPN__dlog_SILVER,dlog_SOLVPN,dlog_SILVER,0.10932700744622924,0.12531258143880405,-0.015985573992574817,2,2024-07-17,2025-04-15,145.0
2024-09-23,dlog_SOLVPN__dlog_SILVER,dlog_SOLVPN,dlog_SILVER,0.10802278437205384,0.11734864052474023,-0.009325856152686385,2,2024-07-17,2025-04-15,145.0
2024-09-24,dlog_SOLVPN__dlog_SILVER,dlog_SOLVPN,dlog_SILVER,0.11758709443344711,0.13538477431979112,-0.01779767988634401,2,2024-07-17,2025-04-15,145.0
2024-09-25,dlog_SOLVPN__dlog_SILVER,dlog_SOLVPN,dlog_SILVER,0.12505782096259613,0.13264037080566649,-0.0075825498430703575,2,2024-07-17,2025-04-15,145.0
2024-09-26,dlog_SOLVPN__dlog_SILVER,dlog_SOLVPN,dlog_SILVER,0.1239713831336136,0.13259021162639534,-0.008618828492781741,2,2024-07-17,2025-04-15,145.0
2024-09-30,dlog_SOLVPN__dlog_SILVER,dlog_SOLVPN,dlog_SILVER,0.12889729778134146,0.13635200586680107,-0.007454708085459616,2,2024-07-17,2025-04-15,145.0
2024-10-01,dlog_SOLVPN__dlog_SILVER,dlog_SOLVPN,dlog_SILVER,0.12669310484889448,0.13814853387745613,-0.011455429028561642,2,2024-07-17,2025-04-15,145.0
2024-10-02,dlog_SOLVPN__dlog_SILVER,dlog_SOLVPN,dlog_SILVER,0.13182905339122183,0.1431124456175619,-0.011283392226340061,2,2024-07-17,2025-04-15,145.0
2024-10-03,dlog_SOLVPN__dlog_SILVER,dlog_SOLVPN,dlog_SILVER,0.11944466061624676,0.11660843182130388,0.0028362287949428716,2,2024-07-17,2025-04-15,145.0
2024-10-07,dlog_SOLVPN__dlog_SILVER,dlog_SOLVPN,dlog_SILVER,0.09233207782329685,0.10711817710514299,-0.01478609928184614,2,2024-07-17,2025-04-15,145.0
2024-10-08,dlog_SOLVPN__dlog_SILVER,dlog_SOLVPN,dlog_SILVER,0.10924091555820133,0.10679408834861075,0.0024468272095905796,2,2024-07-17,2025-04-15,145.0
2024-10-09,dlog_SOLVPN__dlog_SILVER,dlog_SOLVPN,dlog_SILVER,0.1174430876578092,0.11837095461541788,-0.0009278669576086862,2,2024-07-17,2025-04-15,145.0
2024-10-10,dlog_SOLVPN__dlog_SILVER,dlog_SOLVPN,dlog_SILVER,0.11403348187592634,0.11843282164476443,-0.0043993397688380925,2,2024-07-17,2025-04-15,145.0
2024-10-15,dlog_SOLVPN__dlog_SILVER,dlog_SOLVPN,dlog_SILVER,0.11172906303419204,0.1144202322121343,-0.0026911691779422653,2,2024-07-17,2025-04-15,145.0
2024-10-16,dlog_SOLVPN__dlog_SILVER,dlog_SOLVPN,dlog_SILVER,0.11600267146991888,0.11297549133949904,0.003027180130419846,2,2024-07-17,2025-04-15,145.0
2024-10-17,dlog_SOLVPN__dlog_SILVER,dlog_SOLVPN,dlog_SILVER,0.10893263078796353,0.11129550799268229,-0.002362877204718755,2,2024-07-17,2025-04-15,145.0
2024-10-21,dlog_SOLVPN__dlog_SILVER,dlog_SOLVPN,dlog_SILVER,0.07239678246398334,0.09575984034716654,-0.0233630578831832,2,2024-07-17,2025-04-15,145.0
2024-10-22,dlog_SOLVPN__dlog_SILVER,dlog_SOLVPN,dlog_SILVER,0.07215296864648192,0.08865589579952621,-0.016502927153044286,2,2024-07-17,2025-04-15,145.0
2024-10-23,dlog_SOLVPN__dlog_SILVER,dlog_SOLVPN,dlog_SILVER,0.059001771459853934,0.07812504429239629,-0.019123272832542358,2,2024-07-17,2025-04-15,145.0
2024-10-24,dlog_SOLVPN__dlog_SILVER,dlog_SOLVPN,dlog_SILVER,0.06597151400549878,0.0862532432536294,-0.020281729248130625,2,2024-07-17,2025-04-15,145.0
2024-10-28,dlog_SOLVPN__dlog_SILVER,dlog_SOLVPN,dlog_SILVER,0.060519473487048184,0.08772704659783394,-0.027207573110785754,2,2024-07-17,2025-04-15,145.0
2024-10-29,dlog_SOLVPN__dlog_SILVER,dlog_SOLVPN,dlog_SILVER,0.06308097540634536,0.08075718205172695,-0.017676206645381595,2,2024-07-17,2025-04-15,145.0
2024-10-30,dlog_SOLVPN__dlog_SILVER,dlog_SOLVPN,dlog_SILVER,0.07400459904560969,0.08902814866416438,-0.01502354961855469,2,2024-07-17,2025-04-15,145.0
2024-10-31,dlog_SOLVPN__dlog_SILVER,dlog_SOLVPN,dlog_SILVER,0.1159060853788775,0.12768744827754525,-0.011781362898667741,2,2024-07-17,2025-04-15,145.0
2024-11-04,dlog_SOLVPN__dlog_SILVER,dlog_SOLVPN,dlog_SILVER,0.11583059668892273,0.13696253143009163,-0.021131934741168895,2,2024-07-17,2025-04-15,145.0
2024-11-05,dlog_SOLVPN__dlog_SILVER,dlog_SOLVPN,dlog_SILVER,0.11877764339630938,0.13862959868475228,-0.0198519552884429,2,2024-07-17,2025-04-15,145.0
2024-11-06,dlog_SOLVPN__dlog_SILVER,dlog_SOLVPN,dlog_SILVER,0.12930027435900415,0.14120720396114578,-0.011906929602141625,2,2024-07-17,2025-04-15,145.0
2024-11-07,dlog_SOLVPN__dlog_SILVER,dlog_SOLVPN,dlog_SILVER,0.04934824949863525,0.0636710572149707,-0.01432280771633545,2,2024-07-17,2025-04-15,145.0
2024-11-12,dlog_SOLVPN__dlog_SILVER,dlog_SOLVPN,dlog_SILVER,0.12824743269644318,0.05892340659763391,0.06932402609880926,2,2024-07-17,2025-04-15,145.0
2024-11-13,dlog_SOLVPN__dlog_SILVER,dlog_SOLVPN,dlog_SILVER,0.04302182940970859,0.05729802020951337,-0.014276190799804779,2,2024-07-17,2025-04-15,145.0
2024-11-14,dlog_SOLVPN__dlog_SILVER,dlog_SOLVPN,dlog_SILVER,0.04370708296024573,0.061542488923411104,-0.017835405963165372,2,2024-07-17,2025-04-15,145.0
2024-11-18,dlog_SOLVPN__dlog_SILVER,dlog_SOLVPN,dlog_SILVER,0.06129779508200844,0.07148437398222435,-0.01018657890021591,2,2024-07-17,2025-04-15,145.0
2024-11-19,dlog_SOLVPN__dlog_SILVER,dlog_SOLVPN,dlog_SILVER,0.05747061400559964,0.04259162808151629,0.014878985924083349,2,2024-07-17,2025-04-15,145.0
2024-11-20,dlog_SOLVPN__dlog_SILVER,dlog_SOLVPN,dlog_SILVER,0.060491066750702,0.04380048880996604,0.01669057794073596,2,2024-07-17,2025-04-15,145.0
2024-11-21,dlog_SOLVPN__dlog_SILVER,dlog_SOLVPN,dlog_SILVER,0.048048538584098556,0.044959044917109454,0.0030894936669891016,2,2024-07-17,2025-04-15,145.0
2024-11-25,dlog_SOLVPN__dlog_SILVER,dlog_SOLVPN,dlog_SILVER,0.03674327844536711,0.03505975042277435,0.0016835280225927576,2,2024-07-17,2025-04-15,145.0
2024-11-26,dlog_SOLVPN__dlog_SILVER,dlog_SOLVPN,dlog_SILVER,0.027460400119661336,0.022178131019498556,0.00528226910016278,2,2024-07-17,2025-04-15,145.0
2024-11-27,dlog_SOLVPN__dlog_SILVER,dlog_SOLVPN,dlog_SILVER,0.02953271500706069,0.022809815376426873,0.006722899630633817,2,2024-07-17,2025-04-15,145.0
2024-12-02,dlog_SOLVPN__dlog_SILVER,dlog_SOLVPN,dlog_SILVER,0.03184611863167871,0.019827010182686386,0.012019108448992323,2,2024-07-17,2025-04-15,145.0
2024-12-03,dlog_SOLVPN__dlog_SILVER,dlog_SOLVPN,dlog_SILVER,0.03122765865497597,0.018573817053570477,0.012653841601405494,2,2024-07-17,2025-04-15,145.0
2024-12-04,dlog_SOLVPN__dlog_SILVER,dlog_SOLVPN,dlog_SILVER,0.034163848502400604,0.01959652049340474,0.014567328008995864,2,2024-07-17,2025-04-15,145.0
2024-12-05,dlog_SOLVPN__dlog_SILVER,dlog_SOLVPN,dlog_SILVER,0.024402751427798818,0.019726419512980934,0.0046763319148178835,2,2024-07-17,2025-04-15,145.0
2024-12-09,dlog_SOLVPN__dlog_SILVER,dlog_SOLVPN,dlog_SILVER,0.019894003150983667,0.017278209576649113,0.002615793574334554,2,2024-07-17,2025-04-15,145.0
2024-12-10,dlog_SOLVPN__dlog_SILVER,dlog_SOLVPN,dlog_SILVER,0.0154266433541866,0.06853451421363266,-0.05310787085944606,2,2024-07-17,2025-04-15,145.0
2024-12-11,dlog_SOLVPN__dlog_SILVER,dlog_SOLVPN,dlog_SILVER,0.014339345106402284,0.05996852992305998,-0.045629184816657696,2,2024-07-17,2025-04-15,145.0
2024-12-12,dlog_SOLVPN__dlog_SILVER,dlog_SOLVPN,dlog_SILVER,0.03044603731253519,0.07008644534066277,-0.039640408028127586,2,2024-07-17,2025-04-15,145.0
2024-12-16,dlog_SOLVPN__dlog_SILVER,dlog_SOLVPN,dlog_SILVER,0.026018212591410496,0.04360284504717672,-0.017584632455766226,2,2024-07-17,2025-04-15,145.0
2024-12-17,dlog_SOLVPN__dlog_SILVER,dlog_SOLVPN,dlog_SILVER,0.03557187483146203,0.040087855506534584,-0.004515980675072556,2,2024-07-17,2025-04-15,145.0
2024-12-18,dlog_SOLVPN__dlog_SILVER,dlog_SOLVPN,dlog_SILVER,0.21584303995136597,0.07471168920359014,0.14113135074777583,2,2024-07-17,2025-04-15,145.0
2024-12-19,dlog_SOLVPN__dlog_SILVER,dlog_SOLVPN,dlog_SILVER,0.11442057129377965,0.035779410146930694,0.07864116114684896,2,2024-07-17,2025-04-15,145.0
2024-12-23,dlog_SOLVPN__dlog_SILVER,dlog_SOLVPN,dlog_SILVER,0.08889485777616646,0.028485870824598355,0.0604089869515681,2,2024-07-17,2025-04-15,145.0
2024-12-26,dlog_SOLVPN__dlog_SILVER,dlog_SOLVPN,dlog_SILVER,0.09008765546463335,0.03323741126345813,0.05685024420117522,2,2024-07-17,2025-04-15,145.0
2024-12-30,dlog_SOLVPN__dlog_SILVER,dlog_SOLVPN,dlog_SILVER,0.0642778340410728,0.028844192970956375,0.03543364107011643,2,2024-07-17,2025-04-15,145.0
2025-01-02,dlog_SOLVPN__dlog_SILVER,dlog_SOLVPN,dlog_SILVER,0.06437683684635331,0.035285140715783134,0.02909169613057018,2,2024-07-17,2025-04-15,145.0
2025-01-06,dlog_SOLVPN__dlog_SILVER,dlog_SOLVPN,dlog_SILVER,0.03983383110135258,0.02096477670506346,0.01886905439628912,2,2024-07-17,2025-04-15,145.0
2025-01-07,dlog_SOLVPN__dlog_SILVER,dlog_SOLVPN,dlog_SILVER,0.0101141952876076,0.016595010034731416,-0.006480814747123816,2,2024-07-17,2025-04-15,145.0
2025-01-08,dlog_SOLVPN__dlog_SILVER,dlog_SOLVPN,dlog_SILVER,0.004597979379780977,0.018657107148496072,-0.014059127768715096,2,2024-07-17,2025-04-15,145.0
2025-01-13,dlog_SOLVPN__dlog_SILVER,dlog_SOLVPN,dlog_SILVER,0.030066652309635948,0.019488173213895617,0.01057847909574033,2,2024-07-17,2025-04-15,145.0
2025-01-14,dlog_SOLVPN__dlog_SILVER,dlog_SOLVPN,dlog_SILVER,0.03001930440779317,0.023550964413262397,0.006468339994530774,2,2024-07-17,2025-04-15,145.0
2025-01-15,dlog_SOLVPN__dlog_SILVER,dlog_SOLVPN,dlog_SILVER,0.07086385819972177,0.036061632465232724,0.034802225734489045,2,2024-07-17,2025-04-15,145.0
2025-01-16,dlog_SOLVPN__dlog_SILVER,dlog_SOLVPN,dlog_SILVER,0.03885524573705558,0.05991312830006639,-0.02105788256301081,2,2024-07-17,2025-04-15,145.0
2025-01-21,dlog_SOLVPN__dlog_SILVER,dlog_SOLVPN,dlog_SILVER,0.06103637140166366,0.03606989259127498,0.02496647881038868,2,2024-07-17,2025-04-15,145.0
2025-01-22,dlog_SOLVPN__dlog_SILVER,dlog_SOLVPN,dlog_SILVER,0.04816868501130078,0.06476096916985197,-0.016592284158551185,2,2024-07-17,2025-04-15,145.0
2025-01-23,dlog_SOLVPN__dlog_SILVER,dlog_SOLVPN,dlog_SILVER,0.06233306592979722,0.03931497480662853,0.023018091123168688,2,2024-07-17,2025-04-15,145.0
2025-01-27,dlog_SOLVPN__dlog_SILVER,dlog_SOLVPN,dlog_SILVER,0.045348671683907514,0.08929056769231947,-0.04394189600841195,2,2024-07-17,2025-04-15,145.0
2025-01-28,dlog_SOLVPN__dlog_SILVER,dlog_SOLVPN,dlog_SILVER,0.01612233410167629,0.09961209785832795,-0.08348976375665165,2,2024-07-17,2025-04-15,145.0
2025-01-29,dlog_SOLVPN__dlog_SILVER,dlog_SOLVPN,dlog_SILVER,0.008918039571524816,0.08526384437889746,-0.07634580480737264,2,2024-07-17,2025-04-15,145.0
2025-01-30,dlog_SOLVPN__dlog_SILVER,dlog_SOLVPN,dlog_SILVER,0.006712772551404119,0.11092736958842601,-0.10421459703702189,2,2024-07-17,2025-04-15,145.0
2025-02-03,dlog_SOLVPN__dlog_SILVER,dlog_SOLVPN,dlog_SILVER,0.0069906832520529585,0.06253758265650011,-0.05554689940444715,2,2024-07-17,2025-04-15,145.0
2025-02-04,dlog_SOLVPN__dlog_SILVER,dlog_SOLVPN,dlog_SILVER,0.02962674878471894,0.05878975134753657,-0.02916300256281763,2,2024-07-17,2025-04-15,145.0
2025-02-05,dlog_SOLVPN__dlog_SILVER,dlog_SOLVPN,dlog_SILVER,0.027614666987020694,0.08786419623018911,-0.06024952924316841,2,2024-07-17,2025-04-15,145.0
2025-02-06,dlog_SOLVPN__dlog_SILVER,dlog_SOLVPN,dlog_SILVER,0.06250939549796998,0.08953369029875952,-0.027024294800789536,2,2024-07-17,2025-04-15,145.0
2025-02-10,dlog_SOLVPN__dlog_SILVER,dlog_SOLVPN,dlog_SILVER,0.08631761845526768,0.04087681299395963,0.045440805461308055,2,2024-07-17,2025-04-15,145.0
2025-02-11,dlog_SOLVPN__dlog_SILVER,dlog_SOLVPN,dlog_SILVER,0.08123916123041519,0.040478650604124804,0.04076051062629039,2,2024-07-17,2025-04-15,145.0
2025-02-12,dlog_SOLVPN__dlog_SILVER,dlog_SOLVPN,dlog_SILVER,0.06204239696619581,0.03920486345955376,0.022837533506642048,2,2024-07-17,2025-04-15,145.0
2025-02-13,dlog_SOLVPN__dlog_SILVER,dlog_SOLVPN,dlog_SILVER,0.05958223910211353,0.04025536100078749,0.019326878101326037,2,2024-07-17,2025-04-15,145.0
2025-02-18,dlog_SOLVPN__dlog_SILVER,dlog_SOLVPN,dlog_SILVER,0.015519861060732838,0.04762225695942752,-0.03210239589869468,2,2024-07-17,2025-04-15,145.0
2025-02-19,dlog_SOLVPN__dlog_SILVER,dlog_SOLVPN,dlog_SILVER,0.013517612396404362,0.052773747830782695,-0.039256135434378336,2,2024-07-17,2025-04-15,145.0
2025-02-20,dlog_SOLVPN__dlog_SILVER,dlog_SOLVPN,dlog_SILVER,0.02578595111510508,0.037386272261684825,-0.011600321146579745,2,2024-07-17,2025-04-15,145.0
2025-02-24,dlog_SOLVPN__dlog_SILVER,dlog_SOLVPN,dlog_SILVER,0.08118640488801267,0.01690093424439221,0.06428547064362046,2,2024-07-17,2025-04-15,145.0
2025-02-25,dlog_SOLVPN__dlog_SILVER,dlog_SOLVPN,dlog_SILVER,0.024371282489397177,0.011060500635096124,0.013310781854301052,2,2024-07-17,2025-04-15,145.0
2025-02-26,dlog_SOLVPN__dlog_SILVER,dlog_SOLVPN,dlog_SILVER,0.02138247016585378,0.012612314366572888,0.008770155799280891,2,2024-07-17,2025-04-15,145.0
2025-02-27,dlog_SOLVPN__dlog_SILVER,dlog_SOLVPN,dlog_SILVER,0.030215912298864056,0.010688677915219838,0.019527234383644218,2,2024-07-17,2025-04-15,145.0
2025-03-03,dlog_SOLVPN__dlog_SILVER,dlog_SOLVPN,dlog_SILVER,0.015267824715558294,0.009356939925954669,0.0059108847896036255,2,2024-07-17,2025-04-15,145.0
2025-03-04,dlog_SOLVPN__dlog_SILVER,dlog_SOLVPN,dlog_SILVER,0.02432794025413559,0.008858839633700053,0.015469100620435538,2,2024-07-17,2025-04-15,145.0
2025-03-05,dlog_SOLVPN__dlog_SILVER,dlog_SOLVPN,dlog_SILVER,0.023942785162145697,0.010321895461421534,0.013620889700724163,2,2024-07-17,2025-04-15,145.0
2025-03-06,dlog_SOLVPN__dlog_SILVER,dlog_SOLVPN,dlog_SILVER,0.020893856048039845,0.010950499678813038,0.009943356369226808,2,2024-07-17,2025-04-15,145.0
2025-03-10,dlog_SOLVPN__dlog_SILVER,dlog_SOLVPN,dlog_SILVER,0.03827025187451744,0.012722072303645807,0.025548179570871635,2,2024-07-17,2025-04-15,145.0
2025-03-11,dlog_SOLVPN__dlog_SILVER,dlog_SOLVPN,dlog_SILVER,0.042608625638705364,0.028811919316967857,0.013796706321737507,2,2024-07-17,2025-04-15,145.0
2025-03-12,dlog_SOLVPN__dlog_SILVER,dlog_SOLVPN,dlog_SILVER,0.06459025073301781,0.03205981298929393,0.03253043774372388,2,2024-07-17,2025-04-15,145.0
2025-03-13,dlog_SOLVPN__dlog_SILVER,dlog_SOLVPN,dlog_SILVER,0.03871953921052369,0.035270314946347955,0.0034492242641757376,2,2024-07-17,2025-04-15,145.0
2025-03-17,dlog_SOLVPN__dlog_SILVER,dlog_SOLVPN,dlog_SILVER,0.03822390976735345,0.025849285188583516,0.012374624578769935,2,2024-07-17,2025-04-15,145.0
2025-03-18,dlog_SOLVPN__dlog_SILVER,dlog_SOLVPN,dlog_SILVER,0.03832732054730185,0.030412918602220267,0.00791440194508158,2,2024-07-17,2025-04-15,145.0
2025-03-19,dlog_SOLVPN__dlog_SILVER,dlog_SOLVPN,dlog_SILVER,0.05163232276514712,0.052955505459214396,-0.001323182694067275,2,2024-07-17,2025-04-15,145.0
2025-03-20,dlog_SOLVPN__dlog_SILVER,dlog_SOLVPN,dlog_SILVER,0.06122950760181871,0.03600599120123902,0.02522351640057969,2,2024-07-17,2025-04-15,145.0
2025-03-24,dlog_SOLVPN__dlog_SILVER,dlog_SOLVPN,dlog_SILVER,0.0887481031388731,0.03544079111580556,0.05330731202306754,2,2024-07-17,2025-04-15,145.0
2025-03-25,dlog_SOLVPN__dlog_SILVER,dlog_SOLVPN,dlog_SILVER,0.08540017763926304,0.022986334811248937,0.0624138428280141,2,2024-07-17,2025-04-15,145.0
2025-03-26,dlog_SOLVPN__dlog_SILVER,dlog_SOLVPN,dlog_SILVER,0.058162402010152395,0.02035211562673232,0.03781028638342007,2,2024-07-17,2025-04-15,145.0
2025-03-27,dlog_SOLVPN__dlog_SILVER,dlog_SOLVPN,dlog_SILVER,0.015314540426302177,0.010925300311006449,0.004389240115295729,2,2024-07-17,2025-04-15,145.0
2025-03-31,dlog_SOLVPN__dlog_SILVER,dlog_SOLVPN,dlog_SILVER,0.021149566179193443,0.023641164519243373,-0.0024915983400499303,2,2024-07-17,2025-04-15,145.0
2025-04-01,dlog_SOLVPN__dlog_SILVER,dlog_SOLVPN,dlog_SILVER,0.022512678720985103,0.02090412122203176,0.001608557498953344,2,2024-07-17,2025-04-15,145.0
2025-04-02,dlog_SOLVPN__dlog_SILVER,dlog_SOLVPN,dlog_SILVER,0.03341309874482107,0.02578568273826113,0.007627416006559938,2,2024-07-17,2025-04-15,145.0
2025-04-03,dlog_SOLVPN__dlog_SILVER,dlog_SOLVPN,dlog_SILVER,0.031258302154696875,0.18140055712041864,-0.15014225496572176,2,2024-07-17,2025-04-15,145.0
2025-04-07,dlog_SOLVPN__dlog_SILVER,dlog_SOLVPN,dlog_SILVER,0.14332481667406755,0.11737280122036449,0.025952015453703056,2,2024-07-17,2025-04-15,145.0
2025-04-08,dlog_SOLVPN__dlog_SILVER,dlog_SOLVPN,dlog_SILVER,0.08975766553252233,0.13077957193817055,-0.04102190640564822,2,2024-07-17,2025-04-15,145.0
2025-04-09,dlog_SOLVPN__dlog_SILVER,dlog_SOLVPN,dlog_SILVER,0.10142964067715846,0.08994548735621356,0.011484153320944893,2,2024-07-17,2025-04-15,145.0
2025-04-10,dlog_SOLVPN__dlog_SILVER,dlog_SOLVPN,dlog_SILVER,0.1158830283506115,0.10493069309676885,0.010952335253842649,2,2024-07-17,2025-04-15,145.0
2025-04-14,dlog_SOLVPN__dlog_SILVER,dlog_SOLVPN,dlog_SILVER,0.11967230335804886,0.09562295781373853,0.024049345544310333,2,2024-07-17,2025-04-15,145.0
2025-04-15,dlog_SOLVPN__dlog_SILVER,dlog_SOLVPN,dlog_SILVER,0.1003239573062626,0.10095021476247934,-0.0006262574562167361,2,2024-07-17,2025-04-15,145.0
2025-04-16,dlog_SOLVPN__dlog_SILVER,dlog_SOLVPN,dlog_SILVER,0.09613699822525926,0.08863546711257167,0.007501531112687587,3,2025-04-16,2026-01-06,141.0
2025-04-21,dlog_SOLVPN__dlog_SILVER,dlog_SOLVPN,dlog_SILVER,0.0822766057369046,0.09147776027013557,-0.009201154533230976,3,2025-04-16,2026-01-06,141.0
2025-04-22,dlog_SOLVPN__dlog_SILVER,dlog_SOLVPN,dlog_SILVER,0.088493261899689,0.09608125866174505,-0.007587996762056057,3,2025-04-16,2026-01-06,141.0
2025-04-23,dlog_SOLVPN__dlog_SILVER,dlog_SOLVPN,dlog_SILVER,0.088701482360642,0.1167452655609566,-0.0280437832003146,3,2025-04-16,2026-01-06,141.0
2025-04-24,dlog_SOLVPN__dlog_SILVER,dlog_SOLVPN,dlog_SILVER,0.0917184729749561,0.11172984202322601,-0.020011369048269917,3,2025-04-16,2026-01-06,141.0
2025-04-28,dlog_SOLVPN__dlog_SILVER,dlog_SOLVPN,dlog_SILVER,0.13221546051700173,0.13587817095940402,-0.003662710442402295,3,2025-04-16,2026-01-06,141.0
2025-04-29,dlog_SOLVPN__dlog_SILVER,dlog_SOLVPN,dlog_SILVER,0.12186753961751218,0.12528506159632893,-0.0034175219788167566,3,2025-04-16,2026-01-06,141.0
2025-04-30,dlog_SOLVPN__dlog_SILVER,dlog_SOLVPN,dlog_SILVER,0.14147487837181613,0.12589799224735548,0.015576886124460648,3,2025-04-16,2026-01-06,141.0
2025-05-01,dlog_SOLVPN__dlog_SILVER,dlog_SOLVPN,dlog_SILVER,0.1164425418386851,0.12884084806738327,-0.01239830622869817,3,2025-04-16,2026-01-06,141.0
2025-05-05,dlog_SOLVPN__dlog_SILVER,dlog_SOLVPN,dlog_SILVER,0.11996106169816584,0.10897776087202558,0.010983300826140255,3,2025-04-16,2026-01-06,141.0
2025-05-06,dlog_SOLVPN__dlog_SILVER,dlog_SOLVPN,dlog_SILVER,0.11374424023862854,0.09901017112337111,0.014734069115257431,3,2025-04-16,2026-01-06,141.0
2025-05-07,dlog_SOLVPN__dlog_SILVER,dlog_SOLVPN,dlog_SILVER,0.10525305839468414,0.10510023985268835,0.00015281854199579448,3,2025-04-16,2026-01-06,141.0
2025-05-08,dlog_SOLVPN__dlog_SILVER,dlog_SOLVPN,dlog_SILVER,0.11954116504243045,0.10945474349926078,0.010086421543169674,3,2025-04-16,2026-01-06,141.0
2025-05-12,dlog_SOLVPN__dlog_SILVER,dlog_SOLVPN,dlog_SILVER,0.09380886022785923,0.10308003100838951,-0.009271170780530288,3,2025-04-16,2026-01-06,141.0
2025-05-13,dlog_SOLVPN__dlog_SILVER,dlog_SOLVPN,dlog_SILVER,0.11435543708215211,0.09523451261854414,0.01912092446360797,3,2025-04-16,2026-01-06,141.0
2025-05-14,dlog_SOLVPN__dlog_SILVER,dlog_SOLVPN,dlog_SILVER,0.11425747147346961,0.09769656264458318,0.01656090882888643,3,2025-04-16,2026-01-06,141.0
2025-05-15,dlog_SOLVPN__dlog_SILVER,dlog_SOLVPN,dlog_SILVER,0.12108468473366714,0.10025134906747117,0.020833335666195968,3,2025-04-16,2026-01-06,141.0
2025-05-19,dlog_SOLVPN__dlog_SILVER,dlog_SOLVPN,dlog_SILVER,0.12000908669358497,0.10307445571470779,0.01693463097887718,3,2025-04-16,2026-01-06,141.0
2025-05-20,dlog_SOLVPN__dlog_SILVER,dlog_SOLVPN,dlog_SILVER,0.10864547808336496,0.10105050109079666,0.007594976992568295,3,2025-04-16,2026-01-06,141.0
2025-05-21,dlog_SOLVPN__dlog_SILVER,dlog_SOLVPN,dlog_SILVER,0.07679842656081008,0.08369625906323432,-0.006897832502424234,3,2025-04-16,2026-01-06,141.0
2025-05-22,dlog_SOLVPN__dlog_SILVER,dlog_SOLVPN,dlog_SILVER,0.16122692949400244,0.08346145556926046,0.07776547392474198,3,2025-04-16,2026-01-06,141.0
2025-05-27,dlog_SOLVPN__dlog_SILVER,dlog_SOLVPN,dlog_SILVER,0.13139110355925876,0.07258374078793536,0.058807362771323396,3,2025-04-16,2026-01-06,141.0
2025-05-28,dlog_SOLVPN__dlog_SILVER,dlog_SOLVPN,dlog_SILVER,0.13429303357144673,0.08532407442721684,0.048968959144229884,3,2025-04-16,2026-01-06,141.0
2025-05-29,dlog_SOLVPN__dlog_SILVER,dlog_SOLVPN,dlog_SILVER,0.09871999329966885,0.07915216749293676,0.019567825806732095,3,2025-04-16,2026-01-06,141.0
2025-06-02,dlog_SOLVPN__dlog_SILVER,dlog_SOLVPN,dlog_SILVER,0.1326367949388868,0.10734908099351319,0.025287713945373616,3,2025-04-16,2026-01-06,141.0
2025-06-03,dlog_SOLVPN__dlog_SILVER,dlog_SOLVPN,dlog_SILVER,0.12621998988622105,0.10641834713784454,0.019801642748376508,3,2025-04-16,2026-01-06,141.0
2025-06-04,dlog_SOLVPN__dlog_SILVER,dlog_SOLVPN,dlog_SILVER,0.12360261848946272,0.09571663506107665,0.027885983428386066,3,2025-04-16,2026-01-06,141.0
2025-06-05,dlog_SOLVPN__dlog_SILVER,dlog_SOLVPN,dlog_SILVER,0.1297009142364635,0.0962927964761803,0.033408117760283185,3,2025-04-16,2026-01-06,141.0
2025-06-09,dlog_SOLVPN__dlog_SILVER,dlog_SOLVPN,dlog_SILVER,0.10694826052206129,0.08742109264789677,0.019527167874164517,3,2025-04-16,2026-01-06,141.0
2025-06-10,dlog_SOLVPN__dlog_SILVER,dlog_SOLVPN,dlog_SILVER,0.1117624472824307,0.10565460120686303,0.006107846075567677,3,2025-04-16,2026-01-06,141.0
2025-06-11,dlog_SOLVPN__dlog_SILVER,dlog_SOLVPN,dlog_SILVER,0.08630615417196476,0.10847249392363686,-0.022166339751672107,3,2025-04-16,2026-01-06,141.0
2025-06-12,dlog_SOLVPN__dlog_SILVER,dlog_SOLVPN,dlog_SILVER,0.08132473877156525,0.1068174159148308,-0.025492677143265544,3,2025-04-16,2026-01-06,141.0
2025-06-16,dlog_SOLVPN__dlog_SILVER,dlog_SOLVPN,dlog_SILVER,0.0785518885110392,0.0994759410368475,-0.020924052525808298,3,2025-04-16,2026-01-06,141.0
2025-06-17,dlog_SOLVPN__dlog_SILVER,dlog_SOLVPN,dlog_SILVER,0.10434171445799195,0.09179450752087132,0.012547206937120636,3,2025-04-16,2026-01-06,141.0
2025-06-18,dlog_SOLVPN__dlog_SILVER,dlog_SOLVPN,dlog_SILVER,0.07991004488724514,0.08732524214512703,-0.007415197257881895,3,2025-04-16,2026-01-06,141.0
2025-06-23,dlog_SOLVPN__dlog_SILVER,dlog_SOLVPN,dlog_SILVER,0.06624307173770946,0.08608050071272338,-0.01983742897501392,3,2025-04-16,2026-01-06,141.0
2025-06-24,dlog_SOLVPN__dlog_SILVER,dlog_SOLVPN,dlog_SILVER,0.047863265680344214,0.030967584431257047,0.016895681249087167,3,2025-04-16,2026-01-06,141.0
2025-06-25,dlog_SOLVPN__dlog_SILVER,dlog_SOLVPN,dlog_SILVER,0.060868065668480326,0.008554356150843864,0.05231370951763646,3,2025-04-16,2026-01-06,141.0
2025-06-26,dlog_SOLVPN__dlog_SILVER,dlog_SOLVPN,dlog_SILVER,0.04611056219653254,0.006238140135091153,0.039872422061441384,3,2025-04-16,2026-01-06,141.0
2025-06-30,dlog_SOLVPN__dlog_SILVER,dlog_SOLVPN,dlog_SILVER,0.04686849583972108,0.006731342123083538,0.04013715371663754,3,2025-04-16,2026-01-06,141.0
2025-07-01,dlog_SOLVPN__dlog_SILVER,dlog_SOLVPN,dlog_SILVER,0.04597286286608293,0.015464654337873456,0.030508208528209475,3,2025-04-16,2026-01-06,141.0
2025-07-02,dlog_SOLVPN__dlog_SILVER,dlog_SOLVPN,dlog_SILVER,0.038756081574430924,0.022580319842305668,0.016175761732125257,3,2025-04-16,2026-01-06,141.0
2025-07-03,dlog_SOLVPN__dlog_SILVER,dlog_SOLVPN,dlog_SILVER,0.04694371179037832,0.030429419936722022,0.016514291853656295,3,2025-04-16,2026-01-06,141.0
2025-07-07,dlog_SOLVPN__dlog_SILVER,dlog_SOLVPN,dlog_SILVER,0.041208153261497536,0.034559486974926716,0.00664866628657082,3,2025-04-16,2026-01-06,141.0
2025-07-08,dlog_SOLVPN__dlog_SILVER,dlog_SOLVPN,dlog_SILVER,0.051654998441621844,0.059355720910963874,-0.007700722469342031,3,2025-04-16,2026-01-06,141.0
2025-07-09,dlog_SOLVPN__dlog_SILVER,dlog_SOLVPN,dlog_SILVER,0.020248476329562212,0.03116289557615754,-0.010914419246595329,3,2025-04-16,2026-01-06,141.0
2025-07-10,dlog_SOLVPN__dlog_SILVER,dlog_SOLVPN,dlog_SILVER,0.03813042006571891,0.030080590642851568,0.00804982942286734,3,2025-04-16,2026-01-06,141.0
2025-07-14,dlog_SOLVPN__dlog_SILVER,dlog_SOLVPN,dlog_SILVER,0.041194063907401206,0.041046806294886634,0.00014725761251457165,3,2025-04-16,2026-01-06,141.0
2025-07-15,dlog_SOLVPN__dlog_SILVER,dlog_SOLVPN,dlog_SILVER,0.009011342424827372,0.07280826486352869,-0.06379692243870132,3,2025-04-16,2026-01-06,141.0
2025-07-16,dlog_SOLVPN__dlog_SILVER,dlog_SOLVPN,dlog_SILVER,0.018555477137854832,0.021011963216280117,-0.0024564860784252844,3,2025-04-16,2026-01-06,141.0
2025-07-17,dlog_SOLVPN__dlog_SILVER,dlog_SOLVPN,dlog_SILVER,0.025627827599571308,0.021437962055935726,0.004189865543635582,3,2025-04-16,2026-01-06,141.0
2025-07-21,dlog_SOLVPN__dlog_SILVER,dlog_SOLVPN,dlog_SILVER,0.05409414699423789,0.03443764631836888,0.019656500675869007,3,2025-04-16,2026-01-06,141.0
2025-07-22,dlog_SOLVPN__dlog_SILVER,dlog_SOLVPN,dlog_SILVER,0.04484097898338352,0.0023123128413360915,0.04252866614204742,3,2025-04-16,2026-01-06,141.0
2025-07-23,dlog_SOLVPN__dlog_SILVER,dlog_SOLVPN,dlog_SILVER,0.03618751262235781,0.0036083184768308987,0.03257919414552691,3,2025-04-16,2026-01-06,141.0
2025-07-24,dlog_SOLVPN__dlog_SILVER,dlog_SOLVPN,dlog_SILVER,0.00896156251679745,0.004452742993122757,0.004508819523674693,3,2025-04-16,2026-01-06,141.0
2025-07-28,dlog_SOLVPN__dlog_SILVER,dlog_SOLVPN,dlog_SILVER,0.019840208011478587,0.005336311186067841,0.014503896825410745,3,2025-04-16,2026-01-06,141.0
2025-07-29,dlog_SOLVPN__dlog_SILVER,dlog_SOLVPN,dlog_SILVER,0.00583427419300056,0.00834750324075394,-0.00251322904775338,3,2025-04-16,2026-01-06,141.0
2025-07-30,dlog_SOLVPN__dlog_SILVER,dlog_SOLVPN,dlog_SILVER,0.01856585300545168,0.017185096617683412,0.0013807563877682692,3,2025-04-16,2026-01-06,141.0
2025-07-31,dlog_SOLVPN__dlog_SILVER,dlog_SOLVPN,dlog_SILVER,0.0584410956703926,0.04768479973845408,0.010756295931938518,3,2025-04-16,2026-01-06,141.0
2025-08-04,dlog_SOLVPN__dlog_SILVER,dlog_SOLVPN,dlog_SILVER,0.0788808046527351,0.01241127374229203,0.06646953091044307,3,2025-04-16,2026-01-06,141.0
2025-08-05,dlog_SOLVPN__dlog_SILVER,dlog_SOLVPN,dlog_SILVER,0.044086725453524024,0.016024420751082884,0.02806230470244114,3,2025-04-16,2026-01-06,141.0
2025-08-06,dlog_SOLVPN__dlog_SILVER,dlog_SOLVPN,dlog_SILVER,0.03777144626274585,0.016318437644355466,0.021453008618390387,3,2025-04-16,2026-01-06,141.0
2025-08-07,dlog_SOLVPN__dlog_SILVER,dlog_SOLVPN,dlog_SILVER,0.03732106792134823,0.01747986609530641,0.019841201826041825,3,2025-04-16,2026-01-06,141.0
2025-08-11,dlog_SOLVPN__dlog_SILVER,dlog_SOLVPN,dlog_SILVER,0.025184477083008312,0.01744659195776621,0.007737885125242101,3,2025-04-16,2026-01-06,141.0
2025-08-12,dlog_SOLVPN__dlog_SILVER,dlog_SOLVPN,dlog_SILVER,0.030879971778568,0.03245496451253626,-0.0015749927339682585,3,2025-04-16,2026-01-06,141.0
2025-08-13,dlog_SOLVPN__dlog_SILVER,dlog_SOLVPN,dlog_SILVER,0.04756401917923464,0.031378426519345866,0.016185592659888774,3,2025-04-16,2026-01-06,141.0
2025-08-14,dlog_SOLVPN__dlog_SILVER,dlog_SOLVPN,dlog_SILVER,0.03429964929527098,0.04190264997843291,-0.0076030006831619285,3,2025-04-16,2026-01-06,141.0
2025-08-18,dlog_SOLVPN__dlog_SILVER,dlog_SOLVPN,dlog_SILVER,0.03706636696279765,0.04114520339513974,-0.004078836432342088,3,2025-04-16,2026-01-06,141.0
2025-08-19,dlog_SOLVPN__dlog_SILVER,dlog_SOLVPN,dlog_SILVER,0.04044207044825254,0.04586454434560612,-0.005422473897353577,3,2025-04-16,2026-01-06,141.0
2025-08-20,dlog_SOLVPN__dlog_SILVER,dlog_SOLVPN,dlog_SILVER,0.04452278723249877,0.02730445636404454,0.017218330868454233,3,2025-04-16,2026-01-06,141.0
2025-08-21,dlog_SOLVPN__dlog_SILVER,dlog_SOLVPN,dlog_SILVER,0.03783640031979187,0.04521607929335069,-0.0073796789735588175,3,2025-04-16,2026-01-06,141.0
2025-08-25,dlog_SOLVPN__dlog_SILVER,dlog_SOLVPN,dlog_SILVER,0.012574622300212862,0.045776310356257434,-0.03320168805604457,3,2025-04-16,2026-01-06,141.0
2025-08-26,dlog_SOLVPN__dlog_SILVER,dlog_SOLVPN,dlog_SILVER,0.012155689576146376,0.03692010511892186,-0.024764415542775482,3,2025-04-16,2026-01-06,141.0
2025-08-27,dlog_SOLVPN__dlog_SILVER,dlog_SOLVPN,dlog_SILVER,0.011127367738766908,0.03415893319180159,-0.023031565453034683,3,2025-04-16,2026-01-06,141.0
2025-08-28,dlog_SOLVPN__dlog_SILVER,dlog_SOLVPN,dlog_SILVER,0.026979787623388037,0.03802760650500237,-0.011047818881614335,3,2025-04-16,2026-01-06,141.0
2025-09-02,dlog_SOLVPN__dlog_SILVER,dlog_SOLVPN,dlog_SILVER,0.015809711305690716,0.11717256742474004,-0.10136285611904933,3,2025-04-16,2026-01-06,141.0
2025-09-03,dlog_SOLVPN__dlog_SILVER,dlog_SOLVPN,dlog_SILVER,0.02291184246184241,0.13862404242711773,-0.11571219996527532,3,2025-04-16,2026-01-06,141.0
2025-09-04,dlog_SOLVPN__dlog_SILVER,dlog_SOLVPN,dlog_SILVER,0.02191093481352803,0.13863975925174601,-0.11672882443821798,3,2025-04-16,2026-01-06,141.0
2025-09-08,dlog_SOLVPN__dlog_SILVER,dlog_SOLVPN,dlog_SILVER,0.02357202946726458,0.12251956050418658,-0.098947531036922,3,2025-04-16,2026-01-06,141.0
2025-09-09,dlog_SOLVPN__dlog_SILVER,dlog_SOLVPN,dlog_SILVER,0.027993856225529332,0.08092873113626323,-0.0529348749107339,3,2025-04-16,2026-01-06,141.0
2025-09-10,dlog_SOLVPN__dlog_SILVER,dlog_SOLVPN,dlog_SILVER,0.02272589011322823,0.10688284523211926,-0.08415695511889103,3,2025-04-16,2026-01-06,141.0
2025-09-11,dlog_SOLVPN__dlog_SILVER,dlog_SOLVPN,dlog_SILVER,0.021582131556565652,0.06206923764885248,-0.040487106092286826,3,2025-04-16,2026-01-06,141.0
2025-09-15,dlog_SOLVPN__dlog_SILVER,dlog_SOLVPN,dlog_SILVER,0.04011883459220832,0.06313495403296454,-0.023016119440756218,3,2025-04-16,2026-01-06,141.0
2025-09-16,dlog_SOLVPN__dlog_SILVER,dlog_SOLVPN,dlog_SILVER,0.03734759932799521,0.056911922372724674,-0.019564323044729465,3,2025-04-16,2026-01-06,141.0
2025-09-17,dlog_SOLVPN__dlog_SILVER,dlog_SOLVPN,dlog_SILVER,0.040092573489903124,0.05756342838834758,-0.01747085489844446,3,2025-04-16,2026-01-06,141.0
2025-09-18,dlog_SOLVPN__dlog_SILVER,dlog_SOLVPN,dlog_SILVER,0.040620434630658675,0.07189153893165517,-0.0312711043009965,3,2025-04-16,2026-01-06,141.0
2025-09-22,dlog_SOLVPN__dlog_SILVER,dlog_SOLVPN,dlog_SILVER,0.049131793870710545,0.07577345508438127,-0.026641661213670724,3,2025-04-16,2026-01-06,141.0
2025-09-23,dlog_SOLVPN__dlog_SILVER,dlog_SOLVPN,dlog_SILVER,0.053869511841408736,0.12019592270151931,-0.06632641086011057,3,2025-04-16,2026-01-06,141.0
2025-09-24,dlog_SOLVPN__dlog_SILVER,dlog_SOLVPN,dlog_SILVER,0.047943296372928774,0.12126794865962441,-0.07332465228669563,3,2025-04-16,2026-01-06,141.0
2025-09-25,dlog_SOLVPN__dlog_SILVER,dlog_SOLVPN,dlog_SILVER,0.03778428623824949,0.12250928974129,-0.0847250035030405,3,2025-04-16,2026-01-06,141.0
2025-09-29,dlog_SOLVPN__dlog_SILVER,dlog_SOLVPN,dlog_SILVER,0.025684820954807046,0.11657166331163701,-0.09088684235682996,3,2025-04-16,2026-01-06,141.0
2025-09-30,dlog_SOLVPN__dlog_SILVER,dlog_SOLVPN,dlog_SILVER,0.04151069673276859,0.006523471323062571,0.034987225409706016,3,2025-04-16,2026-01-06,141.0
2025-10-01,dlog_SOLVPN__dlog_SILVER,dlog_SOLVPN,dlog_SILVER,0.06384695559583206,0.01260742351392149,0.05123953208191057,3,2025-04-16,2026-01-06,141.0
2025-10-02,dlog_SOLVPN__dlog_SILVER,dlog_SOLVPN,dlog_SILVER,0.04338589724271915,0.012393359246536628,0.030992537996182522,3,2025-04-16,2026-01-06,141.0
2025-10-06,dlog_SOLVPN__dlog_SILVER,dlog_SOLVPN,dlog_SILVER,0.048714367031332625,0.003669339181044232,0.0450450278502884,3,2025-04-16,2026-01-06,141.0
2025-10-07,dlog_SOLVPN__dlog_SILVER,dlog_SOLVPN,dlog_SILVER,0.049982311087317044,0.007921517002785096,0.04206079408453195,3,2025-04-16,2026-01-06,141.0
2025-10-08,dlog_SOLVPN__dlog_SILVER,dlog_SOLVPN,dlog_SILVER,0.07041848439872822,0.00725366863938135,0.06316481575934688,3,2025-04-16,2026-01-06,141.0
2025-10-09,dlog_SOLVPN__dlog_SILVER,dlog_SOLVPN,dlog_SILVER,0.06218475530552041,0.009143510257573434,0.053041245047946974,3,2025-04-16,2026-01-06,141.0
2025-10-14,dlog_SOLVPN__dlog_SILVER,dlog_SOLVPN,dlog_SILVER,0.06484337628860953,0.00747733876028732,0.057366037528322214,3,2025-04-16,2026-01-06,141.0
2025-10-15,dlog_SOLVPN__dlog_SILVER,dlog_SOLVPN,dlog_SILVER,0.028055324972839177,0.02121872361707297,0.006836601355766206,3,2025-04-16,2026-01-06,141.0
2025-10-16,dlog_SOLVPN__dlog_SILVER,dlog_SOLVPN,dlog_SILVER,0.157609517283014,0.19633687331194882,-0.03872735602893482,3,2025-04-16,2026-01-06,141.0
2025-10-20,dlog_SOLVPN__dlog_SILVER,dlog_SOLVPN,dlog_SILVER,0.11395663152878294,0.12581942463146395,-0.011862793102681013,3,2025-04-16,2026-01-06,141.0
2025-10-21,dlog_SOLVPN__dlog_SILVER,dlog_SOLVPN,dlog_SILVER,0.10638894605814465,0.13030916319924993,-0.023920217141105274,3,2025-04-16,2026-01-06,141.0
2025-10-22,dlog_SOLVPN__dlog_SILVER,dlog_SOLVPN,dlog_SILVER,0.10136726137378393,0.14645534069458815,-0.04508807932080422,3,2025-04-16,2026-01-06,141.0
2025-10-23,dlog_SOLVPN__dlog_SILVER,dlog_SOLVPN,dlog_SILVER,0.086878073727117,0.1398910442934747,-0.0530129705663577,3,2025-04-16,2026-01-06,141.0
2025-10-27,dlog_SOLVPN__dlog_SILVER,dlog_SOLVPN,dlog_SILVER,0.07478337840109295,0.13849997505671063,-0.06371659665561769,3,2025-04-16,2026-01-06,141.0
2025-10-28,dlog_SOLVPN__dlog_SILVER,dlog_SOLVPN,dlog_SILVER,0.06213646137733127,0.14623187880250596,-0.08409541742517469,3,2025-04-16,2026-01-06,141.0
2025-10-29,dlog_SOLVPN__dlog_SILVER,dlog_SOLVPN,dlog_SILVER,0.06390492552590034,0.15212030820014694,-0.0882153826742466,3,2025-04-16,2026-01-06,141.0
2025-10-30,dlog_SOLVPN__dlog_SILVER,dlog_SOLVPN,dlog_SILVER,0.07139325907973257,0.12824895896577107,-0.0568556998860385,3,2025-04-16,2026-01-06,141.0
2025-11-03,dlog_SOLVPN__dlog_SILVER,dlog_SOLVPN,dlog_SILVER,0.07837140192821479,0.1671792584614325,-0.08880785653321771,3,2025-04-16,2026-01-06,141.0
2025-11-04,dlog_SOLVPN__dlog_SILVER,dlog_SOLVPN,dlog_SILVER,0.07088218599104641,0.1673630414228158,-0.09648085543176939,3,2025-04-16,2026-01-06,141.0
2025-11-05,dlog_SOLVPN__dlog_SILVER,dlog_SOLVPN,dlog_SILVER,0.05024357477452005,0.11721126085640315,-0.06696768608188311,3,2025-04-16,2026-01-06,141.0
2025-11-06,dlog_SOLVPN__dlog_SILVER,dlog_SOLVPN,dlog_SILVER,0.05145968416038025,0.10742093865982255,-0.0559612544994423,3,2025-04-16,2026-01-06,141.0
2025-11-10,dlog_SOLVPN__dlog_SILVER,dlog_SOLVPN,dlog_SILVER,0.0446743291684185,0.10130987648940008,-0.05663554732098158,3,2025-04-16,2026-01-06,141.0
2025-11-12,dlog_SOLVPN__dlog_SILVER,dlog_SOLVPN,dlog_SILVER,0.051133476840275534,0.061694237116480734,-0.0105607602762052,3,2025-04-16,2026-01-06,141.0
2025-11-13,dlog_SOLVPN__dlog_SILVER,dlog_SOLVPN,dlog_SILVER,0.12649578943365294,0.09177702772657008,0.034718761707082865,3,2025-04-16,2026-01-06,141.0
2025-11-17,dlog_SOLVPN__dlog_SILVER,dlog_SOLVPN,dlog_SILVER,0.07917567444302999,0.09011461591846123,-0.010938941475431244,3,2025-04-16,2026-01-06,141.0
2025-11-18,dlog_SOLVPN__dlog_SILVER,dlog_SOLVPN,dlog_SILVER,0.062681964661197,0.09213365108675221,-0.029451686425555207,3,2025-04-16,2026-01-06,141.0
2025-11-19,dlog_SOLVPN__dlog_SILVER,dlog_SOLVPN,dlog_SILVER,0.09453614197883607,0.08032159849744469,0.014214543481391381,3,2025-04-16,2026-01-06,141.0
2025-11-20,dlog_SOLVPN__dlog_SILVER,dlog_SOLVPN,dlog_SILVER,0.08537809252054014,0.07866990471964055,0.006708187800899587,3,2025-04-16,2026-01-06,141.0
2025-11-24,dlog_SOLVPN__dlog_SILVER,dlog_SOLVPN,dlog_SILVER,0.10024134907064787,0.06755420601175575,0.032687143058892115,3,2025-04-16,2026-01-06,141.0
2025-11-25,dlog_SOLVPN__dlog_SILVER,dlog_SOLVPN,dlog_SILVER,0.11463295060551316,0.06699402136116653,0.04763892924434664,3,2025-04-16,2026-01-06,141.0
2025-11-26,dlog_SOLVPN__dlog_SILVER,dlog_SOLVPN,dlog_SILVER,0.11568117849353082,0.1064499366182843,0.00923124187524653,3,2025-04-16,2026-01-06,141.0
2025-12-01,dlog_SOLVPN__dlog_SILVER,dlog_SOLVPN,dlog_SILVER,0.10466198306538578,0.07506573953469296,0.029596243530692817,3,2025-04-16,2026-01-06,141.0
2025-12-02,dlog_SOLVPN__dlog_SILVER,dlog_SOLVPN,dlog_SILVER,0.09060846218874716,0.06768718795050535,0.022921274238241807,3,2025-04-16,2026-01-06,141.0
2025-12-03,dlog_SOLVPN__dlog_SILVER,dlog_SOLVPN,dlog_SILVER,0.08756247758676668,0.05716734738476897,0.03039513020199771,3,2025-04-16,2026-01-06,141.0
2025-12-04,dlog_SOLVPN__dlog_SILVER,dlog_SOLVPN,dlog_SILVER,0.09919537402526797,0.05339585551086315,0.04579951851440482,3,2025-04-16,2026-01-06,141.0
2025-12-08,dlog_SOLVPN__dlog_SILVER,dlog_SOLVPN,dlog_SILVER,0.14045840222693257,0.09722220447747817,0.04323619774945439,3,2025-04-16,2026-01-06,141.0
2025-12-09,dlog_SOLVPN__dlog_SILVER,dlog_SOLVPN,dlog_SILVER,0.12745002535411404,0.08187471100753019,0.04557531434658385,3,2025-04-16,2026-01-06,141.0
2025-12-10,dlog_SOLVPN__dlog_SILVER,dlog_SOLVPN,dlog_SILVER,0.1073109794278533,0.07585768966304483,0.03145328976480846,3,2025-04-16,2026-01-06,141.0
2025-12-11,dlog_SOLVPN__dlog_SILVER,dlog_SOLVPN,dlog_SILVER,0.10571319187114749,0.10668906532196461,-0.0009758734508171218,3,2025-04-16,2026-01-06,141.0
2025-12-15,dlog_SOLVPN__dlog_SILVER,dlog_SOLVPN,dlog_SILVER,0.08490475818973055,0.08921361188106713,-0.004308853691336587,3,2025-04-16,2026-01-06,141.0
2025-12-16,dlog_SOLVPN__dlog_SILVER,dlog_SOLVPN,dlog_SILVER,0.07574548678537503,0.07368970583658954,0.0020557809487854878,3,2025-04-16,2026-01-06,141.0
2025-12-17,dlog_SOLVPN__dlog_SILVER,dlog_SOLVPN,dlog_SILVER,0.09519531423049192,0.05759563428005201,0.03759967995043991,3,2025-04-16,2026-01-06,141.0
2025-12-18,dlog_SOLVPN__dlog_SILVER,dlog_SOLVPN,dlog_SILVER,0.13687517223622486,0.06565322262279912,0.07122194961342575,3,2025-04-16,2026-01-06,141.0
2025-12-22,dlog_SOLVPN__dlog_SILVER,dlog_SOLVPN,dlog_SILVER,0.11456645598500671,0.08964688704837963,0.024919568936627084,3,2025-04-16,2026-01-06,141.0
2025-12-23,dlog_SOLVPN__dlog_SILVER,dlog_SOLVPN,dlog_SILVER,0.1222350641502483,0.06447022346869456,0.05776484068155374,3,2025-04-16,2026-01-06,141.0
2025-12-29,dlog_SOLVPN__dlog_SILVER,dlog_SOLVPN,dlog_SILVER,0.05040288583920654,0.09773068100671778,-0.04732779516751124,3,2025-04-16,2026-01-06,141.0
2025-12-30,dlog_SOLVPN__dlog_SILVER,dlog_SOLVPN,dlog_SILVER,0.04521570503089046,0.0690872299327708,-0.023871524901880346,3,2025-04-16,2026-01-06,141.0
2026-01-05,dlog_SOLVPN__dlog_SILVER,dlog_SOLVPN,dlog_SILVER,0.02918761593623409,0.07341460514671702,-0.04422698921048293,3,2025-04-16,2026-01-06,141.0
2026-01-06,dlog_SOLVPN__dlog_SILVER,dlog_SOLVPN,dlog_SILVER,0.017380065022079505,0.03251319738186244,-0.015133132359782933,3,2025-04-16,2026-01-06,141.0
2022-12-05,dlog_SOLVPN__dlog_DXY,dlog_SOLVPN,dlog_DXY,0.04641232636197946,0.05637317447132228,-0.00996084810934282,0,2022-12-01,2023-10-30,180.0
2022-12-06,dlog_SOLVPN__dlog_DXY,dlog_SOLVPN,dlog_DXY,0.053339388655480366,0.06336494237573544,-0.01002555372025507,0,2022-12-01,2023-10-30,180.0
2022-12-07,dlog_SOLVPN__dlog_DXY,dlog_SOLVPN,dlog_DXY,0.04660241774359286,0.019828101025718824,0.026774316717874037,0,2022-12-01,2023-10-30,180.0
2022-12-08,dlog_SOLVPN__dlog_DXY,dlog_SOLVPN,dlog_DXY,0.07451808690236017,0.07955246045357045,-0.0050343735512102805,0,2022-12-01,2023-10-30,180.0
2022-12-12,dlog_SOLVPN__dlog_DXY,dlog_SOLVPN,dlog_DXY,0.08087534202725682,0.10286460129057919,-0.02198925926332236,0,2022-12-01,2023-10-30,180.0
2022-12-13,dlog_SOLVPN__dlog_DXY,dlog_SOLVPN,dlog_DXY,0.11628328960435838,0.10382028810449812,0.012463001499860266,0,2022-12-01,2023-10-30,180.0
2022-12-14,dlog_SOLVPN__dlog_DXY,dlog_SOLVPN,dlog_DXY,0.12054815429408713,0.03973114812842359,0.08081700616566354,0,2022-12-01,2023-10-30,180.0
2022-12-15,dlog_SOLVPN__dlog_DXY,dlog_SOLVPN,dlog_DXY,0.106597053149232,0.04844892991186145,0.05814812323737055,0,2022-12-01,2023-10-30,180.0
2022-12-19,dlog_SOLVPN__dlog_DXY,dlog_SOLVPN,dlog_DXY,0.08818541236333814,0.027565755138835975,0.06061965722450217,0,2022-12-01,2023-10-30,180.0
2022-12-20,dlog_SOLVPN__dlog_DXY,dlog_SOLVPN,dlog_DXY,0.10805286259549811,0.1615305475904846,-0.053477684994986494,0,2022-12-01,2023-10-30,180.0
2022-12-21,dlog_SOLVPN__dlog_DXY,dlog_SOLVPN,dlog_DXY,0.08065660727176496,0.13239965014177216,-0.051743042870007194,0,2022-12-01,2023-10-30,180.0
2022-12-22,dlog_SOLVPN__dlog_DXY,dlog_SOLVPN,dlog_DXY,0.07253534026906855,0.11538310479781398,-0.04284776452874543,0,2022-12-01,2023-10-30,180.0
2022-12-27,dlog_SOLVPN__dlog_DXY,dlog_SOLVPN,dlog_DXY,0.028636154136605228,0.1770317310255314,-0.14839557688892618,0,2022-12-01,2023-10-30,180.0
2022-12-28,dlog_SOLVPN__dlog_DXY,dlog_SOLVPN,dlog_DXY,0.029555307586093583,0.04645934128387302,-0.016904033697779434,0,2022-12-01,2023-10-30,180.0
2022-12-29,dlog_SOLVPN__dlog_DXY,dlog_SOLVPN,dlog_DXY,0.10621748816823892,0.08277723998170385,0.023440248186535076,0,2022-12-01,2023-10-30,180.0
2023-01-03,dlog_SOLVPN__dlog_DXY,dlog_SOLVPN,dlog_DXY,0.10213626271741198,0.09497046686475438,0.0071657958526576,0,2022-12-01,2023-10-30,180.0
2023-01-04,dlog_SOLVPN__dlog_DXY,dlog_SOLVPN,dlog_DXY,0.17926283487576047,0.08132390735060221,0.09793892752515826,0,2022-12-01,2023-10-30,180.0
2023-01-05,dlog_SOLVPN__dlog_DXY,dlog_SOLVPN,dlog_DXY,0.2150690490176567,0.12155613738945249,0.0935129116282042,0,2022-12-01,2023-10-30,180.0
2023-01-09,dlog_SOLVPN__dlog_DXY,dlog_SOLVPN,dlog_DXY,0.11527141288953728,0.1226682522540606,-0.007396839364523317,0,2022-12-01,2023-10-30,180.0
2023-01-10,dlog_SOLVPN__dlog_DXY,dlog_SOLVPN,dlog_DXY,0.13784872791255565,0.08225750288748214,0.05559122502507351,0,2022-12-01,2023-10-30,180.0
2023-01-11,dlog_SOLVPN__dlog_DXY,dlog_SOLVPN,dlog_DXY,0.1043633096096017,0.08534723643902775,0.019016073170573952,0,2022-12-01,2023-10-30,180.0
2023-01-12,dlog_SOLVPN__dlog_DXY,dlog_SOLVPN,dlog_DXY,0.09784427563840953,0.09298121978737289,0.004863055851036635,0,2022-12-01,2023-10-30,180.0
2023-01-17,dlog_SOLVPN__dlog_DXY,dlog_SOLVPN,dlog_DXY,0.09769013101402282,0.06324501645730625,0.034445114556716575,0,2022-12-01,2023-10-30,180.0
2023-01-18,dlog_SOLVPN__dlog_DXY,dlog_SOLVPN,dlog_DXY,0.11068565374796609,0.07112118581621905,0.03956446793174703,0,2022-12-01,2023-10-30,180.0
2023-01-19,dlog_SOLVPN__dlog_DXY,dlog_SOLVPN,dlog_DXY,0.08843624400682384,0.06876400399518272,0.019672240011641126,0,2022-12-01,2023-10-30,180.0
2023-01-23,dlog_SOLVPN__dlog_DXY,dlog_SOLVPN,dlog_DXY,0.07826351049896309,0.07173561692649781,0.0065278935724652765,0,2022-12-01,2023-10-30,180.0
2023-01-24,dlog_SOLVPN__dlog_DXY,dlog_SOLVPN,dlog_DXY,0.07510320235897475,0.07285896224797302,0.00224424011100173,0,2022-12-01,2023-10-30,180.0
2023-01-25,dlog_SOLVPN__dlog_DXY,dlog_SOLVPN,dlog_DXY,0.08482379325963808,0.0736840330055194,0.011139760254118683,0,2022-12-01,2023-10-30,180.0
2023-01-26,dlog_SOLVPN__dlog_DXY,dlog_SOLVPN,dlog_DXY,0.08976115895704367,0.07107011068278794,0.01869104827425573,0,2022-12-01,2023-10-30,180.0
2023-01-30,dlog_SOLVPN__dlog_DXY,dlog_SOLVPN,dlog_DXY,0.08076620747414592,0.08413141578823342,-0.0033652083140875005,0,2022-12-01,2023-10-30,180.0
2023-01-31,dlog_SOLVPN__dlog_DXY,dlog_SOLVPN,dlog_DXY,0.08267057989442585,0.06877986321955072,0.013890716674875125,0,2022-12-01,2023-10-30,180.0
2023-02-01,dlog_SOLVPN__dlog_DXY,dlog_SOLVPN,dlog_DXY,0.07465169395584131,0.08613907153814755,-0.011487377582306238,0,2022-12-01,2023-10-30,180.0
2023-02-02,dlog_SOLVPN__dlog_DXY,dlog_SOLVPN,dlog_DXY,0.06566734670297335,0.0821543016441442,-0.016486954941170848,0,2022-12-01,2023-10-30,180.0
2023-02-06,dlog_SOLVPN__dlog_DXY,dlog_SOLVPN,dlog_DXY,0.08942238718818343,0.1394404938824296,-0.05001810669424617,0,2022-12-01,2023-10-30,180.0
2023-02-07,dlog_SOLVPN__dlog_DXY,dlog_SOLVPN,dlog_DXY,0.08774132828607094,0.10939801204533547,-0.021656683759264536,0,2022-12-01,2023-10-30,180.0
2023-02-08,dlog_SOLVPN__dlog_DXY,dlog_SOLVPN,dlog_DXY,0.08839938346928376,0.10713505366762574,-0.018735670198341978,0,2022-12-01,2023-10-30,180.0
2023-02-09,dlog_SOLVPN__dlog_DXY,dlog_SOLVPN,dlog_DXY,0.09504818363902813,0.10829523841215083,-0.013247054773122699,0,2022-12-01,2023-10-30,180.0
2023-02-13,dlog_SOLVPN__dlog_DXY,dlog_SOLVPN,dlog_DXY,0.10649524296555155,0.11027776281460595,-0.003782519849054408,0,2022-12-01,2023-10-30,180.0
2023-02-14,dlog_SOLVPN__dlog_DXY,dlog_SOLVPN,dlog_DXY,0.10896226952881873,0.10797268585992778,0.0009895836688909448,0,2022-12-01,2023-10-30,180.0
2023-02-15,dlog_SOLVPN__dlog_DXY,dlog_SOLVPN,dlog_DXY,0.07946476284310912,0.10514694818899377,-0.02568218534588465,0,2022-12-01,2023-10-30,180.0
2023-02-16,dlog_SOLVPN__dlog_DXY,dlog_SOLVPN,dlog_DXY,0.08240076172651857,0.10579986196476035,-0.02339910023824178,0,2022-12-01,2023-10-30,180.0
2023-02-21,dlog_SOLVPN__dlog_DXY,dlog_SOLVPN,dlog_DXY,0.08182315076391826,0.11475161142023918,-0.03292846065632092,0,2022-12-01,2023-10-30,180.0
2023-02-22,dlog_SOLVPN__dlog_DXY,dlog_SOLVPN,dlog_DXY,0.0771918482787518,0.12118879240088959,-0.04399694412213778,0,2022-12-01,2023-10-30,180.0
2023-02-23,dlog_SOLVPN__dlog_DXY,dlog_SOLVPN,dlog_DXY,0.07511010431704326,0.10554818059055145,-0.030438076273508183,0,2022-12-01,2023-10-30,180.0
2023-02-27,dlog_SOLVPN__dlog_DXY,dlog_SOLVPN,dlog_DXY,0.07364380891028237,0.10792656293461238,-0.03428275402433001,0,2022-12-01,2023-10-30,180.0
2023-02-28,dlog_SOLVPN__dlog_DXY,dlog_SOLVPN,dlog_DXY,0.08103441638484216,0.1078677888584467,-0.02683337247360454,0,2022-12-01,2023-10-30,180.0
2023-03-01,dlog_SOLVPN__dlog_DXY,dlog_SOLVPN,dlog_DXY,0.08134440315047323,0.10573192702520082,-0.02438752387472759,0,2022-12-01,2023-10-30,180.0
2023-03-02,dlog_SOLVPN__dlog_DXY,dlog_SOLVPN,dlog_DXY,0.06611631025769078,0.106581698705496,-0.040465388447805214,0,2022-12-01,2023-10-30,180.0
2023-03-06,dlog_SOLVPN__dlog_DXY,dlog_SOLVPN,dlog_DXY,0.06401433273222477,0.12015065584152713,-0.05613632310930236,0,2022-12-01,2023-10-30,180.0
2023-03-07,dlog_SOLVPN__dlog_DXY,dlog_SOLVPN,dlog_DXY,0.05791417598579995,0.12440812595211219,-0.06649394996631225,0,2022-12-01,2023-10-30,180.0
2023-03-08,dlog_SOLVPN__dlog_DXY,dlog_SOLVPN,dlog_DXY,0.07730812773904815,0.09744341229025454,-0.02013528455120639,0,2022-12-01,2023-10-30,180.0
2023-03-09,dlog_SOLVPN__dlog_DXY,dlog_SOLVPN,dlog_DXY,0.08452832598879849,0.08501810971567497,-0.0004897837268764832,0,2022-12-01,2023-10-30,180.0
2023-03-13,dlog_SOLVPN__dlog_DXY,dlog_SOLVPN,dlog_DXY,0.047371994065348026,0.08356837309513333,-0.03619637902978531,0,2022-12-01,2023-10-30,180.0
2023-03-14,dlog_SOLVPN__dlog_DXY,dlog_SOLVPN,dlog_DXY,0.05915145721123474,0.09328846158211461,-0.03413700437087987,0,2022-12-01,2023-10-30,180.0
2023-03-15,dlog_SOLVPN__dlog_DXY,dlog_SOLVPN,dlog_DXY,0.05635048048257183,0.07567423083784705,-0.01932375035527522,0,2022-12-01,2023-10-30,180.0
2023-03-16,dlog_SOLVPN__dlog_DXY,dlog_SOLVPN,dlog_DXY,0.05959087156857164,0.10692495907840453,-0.047334087509832895,0,2022-12-01,2023-10-30,180.0
2023-03-20,dlog_SOLVPN__dlog_DXY,dlog_SOLVPN,dlog_DXY,0.07393717079087878,0.11526215461599378,-0.041324983825115,0,2022-12-01,2023-10-30,180.0
2023-03-21,dlog_SOLVPN__dlog_DXY,dlog_SOLVPN,dlog_DXY,0.07482934989870614,0.09898480089192356,-0.02415545099321742,0,2022-12-01,2023-10-30,180.0
2023-03-22,dlog_SOLVPN__dlog_DXY,dlog_SOLVPN,dlog_DXY,0.039015994990435954,0.06807541777085697,-0.02905942278042102,0,2022-12-01,2023-10-30,180.0
2023-03-23,dlog_SOLVPN__dlog_DXY,dlog_SOLVPN,dlog_DXY,0.04035821988142397,0.05944657447313528,-0.019088354591711314,0,2022-12-01,2023-10-30,180.0
2023-03-27,dlog_SOLVPN__dlog_DXY,dlog_SOLVPN,dlog_DXY,0.03958920332086856,0.05799090183360703,-0.01840169851273847,0,2022-12-01,2023-10-30,180.0
2023-03-28,dlog_SOLVPN__dlog_DXY,dlog_SOLVPN,dlog_DXY,0.039073380634374856,0.06024962870386651,-0.021176248069491657,0,2022-12-01,2023-10-30,180.0
2023-03-29,dlog_SOLVPN__dlog_DXY,dlog_SOLVPN,dlog_DXY,0.036724120838017064,0.07067105918803034,-0.03394693835001327,0,2022-12-01,2023-10-30,180.0
2023-03-30,dlog_SOLVPN__dlog_DXY,dlog_SOLVPN,dlog_DXY,0.03879001135753623,0.08226966620291921,-0.043479654845382985,0,2022-12-01,2023-10-30,180.0
2023-04-03,dlog_SOLVPN__dlog_DXY,dlog_SOLVPN,dlog_DXY,0.07210327119713629,0.056523633840112775,0.015579637357023515,0,2022-12-01,2023-10-30,180.0
2023-04-04,dlog_SOLVPN__dlog_DXY,dlog_SOLVPN,dlog_DXY,0.0550552930126381,0.048407653657624776,0.006647639355013321,0,2022-12-01,2023-10-30,180.0
2023-04-05,dlog_SOLVPN__dlog_DXY,dlog_SOLVPN,dlog_DXY,0.053980864212597665,0.05720850126125556,-0.0032276370486578956,0,2022-12-01,2023-10-30,180.0
2023-04-10,dlog_SOLVPN__dlog_DXY,dlog_SOLVPN,dlog_DXY,0.055057856708103384,0.050818132878637845,0.004239723829465539,0,2022-12-01,2023-10-30,180.0
2023-04-11,dlog_SOLVPN__dlog_DXY,dlog_SOLVPN,dlog_DXY,0.06427396803805258,0.0693149433847987,-0.005040975346746121,0,2022-12-01,2023-10-30,180.0
2023-04-12,dlog_SOLVPN__dlog_DXY,dlog_SOLVPN,dlog_DXY,0.06585366566944213,0.06769807534591246,-0.0018444096764703294,0,2022-12-01,2023-10-30,180.0
2023-04-13,dlog_SOLVPN__dlog_DXY,dlog_SOLVPN,dlog_DXY,0.0726386039104566,0.05746421973432827,0.015174384176128326,0,2022-12-01,2023-10-30,180.0
2023-04-17,dlog_SOLVPN__dlog_DXY,dlog_SOLVPN,dlog_DXY,0.044770175856036494,0.060587990914851605,-0.01581781505881511,0,2022-12-01,2023-10-30,180.0
2023-04-18,dlog_SOLVPN__dlog_DXY,dlog_SOLVPN,dlog_DXY,0.05684396055509028,0.06094156264666125,-0.004097602091570972,0,2022-12-01,2023-10-30,180.0
2023-04-19,dlog_SOLVPN__dlog_DXY,dlog_SOLVPN,dlog_DXY,0.056693388954163766,0.05162931340144138,0.005064075552722383,0,2022-12-01,2023-10-30,180.0
2023-04-20,dlog_SOLVPN__dlog_DXY,dlog_SOLVPN,dlog_DXY,0.06216953439573524,0.05880677418783542,0.0033627602078998217,0,2022-12-01,2023-10-30,180.0
2023-04-24,dlog_SOLVPN__dlog_DXY,dlog_SOLVPN,dlog_DXY,0.006086443726780018,0.04962556265349767,-0.043539118926717656,0,2022-12-01,2023-10-30,180.0
2023-04-25,dlog_SOLVPN__dlog_DXY,dlog_SOLVPN,dlog_DXY,0.01321832624749751,0.015542130139393135,-0.002323803891895626,0,2022-12-01,2023-10-30,180.0
2023-04-26,dlog_SOLVPN__dlog_DXY,dlog_SOLVPN,dlog_DXY,0.01779192155459379,0.014815268205472715,0.002976653349121075,0,2022-12-01,2023-10-30,180.0
2023-04-27,dlog_SOLVPN__dlog_DXY,dlog_SOLVPN,dlog_DXY,0.017417489579545187,0.023127437135134925,-0.005709947555589737,0,2022-12-01,2023-10-30,180.0
2023-05-01,dlog_SOLVPN__dlog_DXY,dlog_SOLVPN,dlog_DXY,0.043700470282862204,0.03154179773099128,0.012158672551870926,0,2022-12-01,2023-10-30,180.0
2023-05-02,dlog_SOLVPN__dlog_DXY,dlog_SOLVPN,dlog_DXY,0.04099258187186452,0.07817087878509686,-0.037178296913232343,0,2022-12-01,2023-10-30,180.0
2023-05-03,dlog_SOLVPN__dlog_DXY,dlog_SOLVPN,dlog_DXY,0.06989670443124468,0.04008752213265076,0.029809182298593924,0,2022-12-01,2023-10-30,180.0
2023-05-04,dlog_SOLVPN__dlog_DXY,dlog_SOLVPN,dlog_DXY,0.060233231583696284,0.058185857364073945,0.002047374219622339,0,2022-12-01,2023-10-30,180.0
2023-05-08,dlog_SOLVPN__dlog_DXY,dlog_SOLVPN,dlog_DXY,0.07382293737021402,0.06279087297105601,0.011032064399158006,0,2022-12-01,2023-10-30,180.0
2023-05-09,dlog_SOLVPN__dlog_DXY,dlog_SOLVPN,dlog_DXY,0.07537022504040003,0.06614430128442328,0.00922592375597675,0,2022-12-01,2023-10-30,180.0
2023-05-10,dlog_SOLVPN__dlog_DXY,dlog_SOLVPN,dlog_DXY,0.07221085374452497,0.05914391952547422,0.013066934219050752,0,2022-12-01,2023-10-30,180.0
2023-05-11,dlog_SOLVPN__dlog_DXY,dlog_SOLVPN,dlog_DXY,0.08293388226362282,0.08439825492146445,-0.0014643726578416338,0,2022-12-01,2023-10-30,180.0
2023-05-15,dlog_SOLVPN__dlog_DXY,dlog_SOLVPN,dlog_DXY,0.09069027181881728,0.07639654559146046,0.01429372622735682,0,2022-12-01,2023-10-30,180.0
2023-05-16,dlog_SOLVPN__dlog_DXY,dlog_SOLVPN,dlog_DXY,0.09928416013059463,0.02177772607680234,0.07750643405379229,0,2022-12-01,2023-10-30,180.0
2023-05-17,dlog_SOLVPN__dlog_DXY,dlog_SOLVPN,dlog_DXY,0.03633941114009806,0.01604789212959355,0.02029151901050451,0,2022-12-01,2023-10-30,180.0
2023-05-18,dlog_SOLVPN__dlog_DXY,dlog_SOLVPN,dlog_DXY,0.07486084898891167,0.015460146906448879,0.059400702082462786,0,2022-12-01,2023-10-30,180.0
2023-05-22,dlog_SOLVPN__dlog_DXY,dlog_SOLVPN,dlog_DXY,0.06823145709838536,0.002742329720038268,0.0654891273783471,0,2022-12-01,2023-10-30,180.0
2023-05-23,dlog_SOLVPN__dlog_DXY,dlog_SOLVPN,dlog_DXY,0.09120146437770361,0.009387309659869596,0.08181415471783401,0,2022-12-01,2023-10-30,180.0
2023-05-24,dlog_SOLVPN__dlog_DXY,dlog_SOLVPN,dlog_DXY,0.041894087880170704,0.012267998247330263,0.02962608963284044,0,2022-12-01,2023-10-30,180.0
2023-05-25,dlog_SOLVPN__dlog_DXY,dlog_SOLVPN,dlog_DXY,0.01786027267252778,0.010458866902487662,0.007401405770040118,0,2022-12-01,2023-10-30,180.0
2023-05-30,dlog_SOLVPN__dlog_DXY,dlog_SOLVPN,dlog_DXY,0.02163580631544063,0.003354691185521627,0.018281115129919003,0,2022-12-01,2023-10-30,180.0
2023-05-31,dlog_SOLVPN__dlog_DXY,dlog_SOLVPN,dlog_DXY,0.007019642219945946,0.0023553209215533524,0.004664321298392594,0,2022-12-01,2023-10-30,180.0
2023-06-01,dlog_SOLVPN__dlog_DXY,dlog_SOLVPN,dlog_DXY,0.01626736640207538,0.006779520638145642,0.009487845763929737,0,2022-12-01,2023-10-30,180.0
2023-06-05,dlog_SOLVPN__dlog_DXY,dlog_SOLVPN,dlog_DXY,0.015014463251946884,0.0047109726754325796,0.010303490576514304,0,2022-12-01,2023-10-30,180.0
2023-06-06,dlog_SOLVPN__dlog_DXY,dlog_SOLVPN,dlog_DXY,0.015017345728479261,0.004732212277008373,0.010285133451470887,0,2022-12-01,2023-10-30,180.0
2023-06-07,dlog_SOLVPN__dlog_DXY,dlog_SOLVPN,dlog_DXY,0.015821564508467188,0.006329622017611162,0.009491942490856026,0,2022-12-01,2023-10-30,180.0
2023-06-08,dlog_SOLVPN__dlog_DXY,dlog_SOLVPN,dlog_DXY,0.0019542706601832853,0.001256980486881502,0.0006972901733017834,0,2022-12-01,2023-10-30,180.0
2023-06-12,dlog_SOLVPN__dlog_DXY,dlog_SOLVPN,dlog_DXY,0.002224231854221168,0.006810290896182235,-0.004586059041961067,0,2022-12-01,2023-10-30,180.0
2023-06-13,dlog_SOLVPN__dlog_DXY,dlog_SOLVPN,dlog_DXY,0.0029275714879557534,0.013426529191710144,-0.010498957703754391,0,2022-12-01,2023-10-30,180.0
2023-06-14,dlog_SOLVPN__dlog_DXY,dlog_SOLVPN,dlog_DXY,0.017728927607203234,0.01311119585884692,0.004617731748356314,0,2022-12-01,2023-10-30,180.0
2023-06-15,dlog_SOLVPN__dlog_DXY,dlog_SOLVPN,dlog_DXY,0.05687706423186265,0.04446977017646465,0.012407294055398005,0,2022-12-01,2023-10-30,180.0
2023-06-20,dlog_SOLVPN__dlog_DXY,dlog_SOLVPN,dlog_DXY,0.06562783130150811,0.007946533711148396,0.05768129759035971,0,2022-12-01,2023-10-30,180.0
2023-06-21,dlog_SOLVPN__dlog_DXY,dlog_SOLVPN,dlog_DXY,0.027413893257407486,0.016055486765110503,0.011358406492296982,0,2022-12-01,2023-10-30,180.0
2023-06-22,dlog_SOLVPN__dlog_DXY,dlog_SOLVPN,dlog_DXY,0.02986095046610588,0.009106549720018432,0.020754400746087448,0,2022-12-01,2023-10-30,180.0
2023-06-26,dlog_SOLVPN__dlog_DXY,dlog_SOLVPN,dlog_DXY,0.03538019471539595,0.004781473214163544,0.030598721501232405,0,2022-12-01,2023-10-30,180.0
2023-06-27,dlog_SOLVPN__dlog_DXY,dlog_SOLVPN,dlog_DXY,0.03416266335172948,0.006090181804488682,0.028072481547240798,0,2022-12-01,2023-10-30,180.0
2023-06-28,dlog_SOLVPN__dlog_DXY,dlog_SOLVPN,dlog_DXY,0.013563647752613196,0.011487838297446972,0.002075809455166224,0,2022-12-01,2023-10-30,180.0
2023-06-29,dlog_SOLVPN__dlog_DXY,dlog_SOLVPN,dlog_DXY,0.01111434634779127,0.012737936891016276,-0.001623590543225006,0,2022-12-01,2023-10-30,180.0
2023-07-03,dlog_SOLVPN__dlog_DXY,dlog_SOLVPN,dlog_DXY,0.016213031606414022,0.016578275449666637,-0.0003652438432526148,0,2022-12-01,2023-10-30,180.0
2023-07-05,dlog_SOLVPN__dlog_DXY,dlog_SOLVPN,dlog_DXY,0.004837878660337029,0.02235907110510969,-0.01752119244477266,0,2022-12-01,2023-10-30,180.0
2023-07-06,dlog_SOLVPN__dlog_DXY,dlog_SOLVPN,dlog_DXY,0.0028678553810605797,0.0066829505163155,-0.0038150951352549202,0,2022-12-01,2023-10-30,180.0
2023-07-10,dlog_SOLVPN__dlog_DXY,dlog_SOLVPN,dlog_DXY,0.0020740906179168165,0.0062069071561557665,-0.00413281653823895,0,2022-12-01,2023-10-30,180.0
2023-07-11,dlog_SOLVPN__dlog_DXY,dlog_SOLVPN,dlog_DXY,0.0036600301808952136,0.008045889183117945,-0.004385859002222731,0,2022-12-01,2023-10-30,180.0
2023-07-12,dlog_SOLVPN__dlog_DXY,dlog_SOLVPN,dlog_DXY,0.02702611970506443,0.036664561792199936,-0.009638442087135504,0,2022-12-01,2023-10-30,180.0
2023-07-13,dlog_SOLVPN__dlog_DXY,dlog_SOLVPN,dlog_DXY,0.04779740321396399,0.05105675873320693,-0.0032593555192429458,0,2022-12-01,2023-10-30,180.0
2023-07-17,dlog_SOLVPN__dlog_DXY,dlog_SOLVPN,dlog_DXY,0.03526388295289579,0.01884056355090364,0.016423319401992154,0,2022-12-01,2023-10-30,180.0
2023-07-18,dlog_SOLVPN__dlog_DXY,dlog_SOLVPN,dlog_DXY,0.032655512289128434,0.019065433925769603,0.013590078363358831,0,2022-12-01,2023-10-30,180.0
2023-07-19,dlog_SOLVPN__dlog_DXY,dlog_SOLVPN,dlog_DXY,0.03927877146363863,0.01803691089017204,0.02124186057346659,0,2022-12-01,2023-10-30,180.0
2023-07-20,dlog_SOLVPN__dlog_DXY,dlog_SOLVPN,dlog_DXY,0.03962086567088552,0.06963306608727658,-0.030012200416391063,0,2022-12-01,2023-10-30,180.0
2023-07-24,dlog_SOLVPN__dlog_DXY,dlog_SOLVPN,dlog_DXY,0.037654546185806104,0.05139204051765357,-0.013737494331847469,0,2022-12-01,2023-10-30,180.0
2023-07-25,dlog_SOLVPN__dlog_DXY,dlog_SOLVPN,dlog_DXY,0.028573665685742027,0.05011973467161305,-0.021546068985871022,0,2022-12-01,2023-10-30,180.0
2023-07-26,dlog_SOLVPN__dlog_DXY,dlog_SOLVPN,dlog_DXY,0.03223101877333659,0.0541381508286909,-0.021907132055354307,0,2022-12-01,2023-10-30,180.0
2023-07-27,dlog_SOLVPN__dlog_DXY,dlog_SOLVPN,dlog_DXY,0.02648221749468992,0.13506920625143762,-0.1085869887567477,0,2022-12-01,2023-10-30,180.0
2023-07-31,dlog_SOLVPN__dlog_DXY,dlog_SOLVPN,dlog_DXY,0.02292377833362537,0.039987748205535883,-0.017063969871910514,0,2022-12-01,2023-10-30,180.0
2023-08-01,dlog_SOLVPN__dlog_DXY,dlog_SOLVPN,dlog_DXY,0.03206856419838365,0.03622655200305793,-0.0041579878046742805,0,2022-12-01,2023-10-30,180.0
2023-08-02,dlog_SOLVPN__dlog_DXY,dlog_SOLVPN,dlog_DXY,0.02959505210939768,0.052404766412966354,-0.022809714303568675,0,2022-12-01,2023-10-30,180.0
2023-08-03,dlog_SOLVPN__dlog_DXY,dlog_SOLVPN,dlog_DXY,0.03013453951773736,0.06013350144189512,-0.02999896192415776,0,2022-12-01,2023-10-30,180.0
2023-08-07,dlog_SOLVPN__dlog_DXY,dlog_SOLVPN,dlog_DXY,0.025194285692283692,0.05398519281105527,-0.02879090711877158,0,2022-12-01,2023-10-30,180.0
2023-08-08,dlog_SOLVPN__dlog_DXY,dlog_SOLVPN,dlog_DXY,0.033415706259283126,0.07918361458577515,-0.045767908326492024,0,2022-12-01,2023-10-30,180.0
2023-08-09,dlog_SOLVPN__dlog_DXY,dlog_SOLVPN,dlog_DXY,0.031558933237129556,0.07397899784895103,-0.04242006461182147,0,2022-12-01,2023-10-30,180.0
2023-08-10,dlog_SOLVPN__dlog_DXY,dlog_SOLVPN,dlog_DXY,0.031649610515740535,0.07493265834013246,-0.04328304782439193,0,2022-12-01,2023-10-30,180.0
2023-08-14,dlog_SOLVPN__dlog_DXY,dlog_SOLVPN,dlog_DXY,0.02997150386842488,0.07237883750724143,-0.04240733363881655,0,2022-12-01,2023-10-30,180.0
2023-08-15,dlog_SOLVPN__dlog_DXY,dlog_SOLVPN,dlog_DXY,0.030033036066306817,0.08271878138621064,-0.05268574531990382,0,2022-12-01,2023-10-30,180.0
2023-08-16,dlog_SOLVPN__dlog_DXY,dlog_SOLVPN,dlog_DXY,0.03693294687238117,0.106446075774097,-0.06951312890171582,0,2022-12-01,2023-10-30,180.0
2023-08-17,dlog_SOLVPN__dlog_DXY,dlog_SOLVPN,dlog_DXY,0.03529536310576531,0.10811801615939366,-0.07282265305362835,0,2022-12-01,2023-10-30,180.0
2023-08-21,dlog_SOLVPN__dlog_DXY,dlog_SOLVPN,dlog_DXY,0.03659843657399745,0.09686488266090575,-0.060266446086908294,0,2022-12-01,2023-10-30,180.0
2023-08-22,dlog_SOLVPN__dlog_DXY,dlog_SOLVPN,dlog_DXY,0.03694492548419051,0.10055978598675804,-0.06361486050256752,0,2022-12-01,2023-10-30,180.0
2023-08-23,dlog_SOLVPN__dlog_DXY,dlog_SOLVPN,dlog_DXY,0.04509657595049948,0.06593034386648712,-0.020833767915987643,0,2022-12-01,2023-10-30,180.0
2023-08-24,dlog_SOLVPN__dlog_DXY,dlog_SOLVPN,dlog_DXY,0.06491367498544813,0.05894692222661838,0.005966752758829748,0,2022-12-01,2023-10-30,180.0
2023-08-28,dlog_SOLVPN__dlog_DXY,dlog_SOLVPN,dlog_DXY,0.06523528807075424,0.05081248110709367,0.014422806963660571,0,2022-12-01,2023-10-30,180.0
2023-08-29,dlog_SOLVPN__dlog_DXY,dlog_SOLVPN,dlog_DXY,0.06926604734893131,0.05818924712547004,0.011076800223461275,0,2022-12-01,2023-10-30,180.0
2023-08-30,dlog_SOLVPN__dlog_DXY,dlog_SOLVPN,dlog_DXY,0.06135201951530789,0.06291796302957808,-0.001565943514270196,0,2022-12-01,2023-10-30,180.0
2023-08-31,dlog_SOLVPN__dlog_DXY,dlog_SOLVPN,dlog_DXY,0.06570061673220266,0.06147951299980492,0.0042211037323977435,0,2022-12-01,2023-10-30,180.0
2023-09-05,dlog_SOLVPN__dlog_DXY,dlog_SOLVPN,dlog_DXY,0.08185101607774041,0.07411718769855584,0.007733828379184571,0,2022-12-01,2023-10-30,180.0
2023-09-06,dlog_SOLVPN__dlog_DXY,dlog_SOLVPN,dlog_DXY,0.0815833891937266,0.08476112718334626,-0.003177737989619664,0,2022-12-01,2023-10-30,180.0
2023-09-07,dlog_SOLVPN__dlog_DXY,dlog_SOLVPN,dlog_DXY,0.08068045049108845,0.08526641447088945,-0.004585963979801003,0,2022-12-01,2023-10-30,180.0
2023-09-11,dlog_SOLVPN__dlog_DXY,dlog_SOLVPN,dlog_DXY,0.08095384165429284,0.08622116155271853,-0.0052673198984256875,0,2022-12-01,2023-10-30,180.0
2023-09-12,dlog_SOLVPN__dlog_DXY,dlog_SOLVPN,dlog_DXY,0.08313932356766106,0.08312020977008183,1.9113797579226044e-05,0,2022-12-01,2023-10-30,180.0
2023-09-13,dlog_SOLVPN__dlog_DXY,dlog_SOLVPN,dlog_DXY,0.08572898124425242,0.08539372264965911,0.0003352585945933101,0,2022-12-01,2023-10-30,180.0
2023-09-14,dlog_SOLVPN__dlog_DXY,dlog_SOLVPN,dlog_DXY,0.051446277700013913,0.04666785240121602,0.004778425298797892,0,2022-12-01,2023-10-30,180.0
2023-09-18,dlog_SOLVPN__dlog_DXY,dlog_SOLVPN,dlog_DXY,0.05032523230408087,0.05473844642231013,-0.004413214118229258,0,2022-12-01,2023-10-30,180.0
2023-09-19,dlog_SOLVPN__dlog_DXY,dlog_SOLVPN,dlog_DXY,0.03196504814604943,0.02531344194246104,0.0066516062035883936,0,2022-12-01,2023-10-30,180.0
2023-09-20,dlog_SOLVPN__dlog_DXY,dlog_SOLVPN,dlog_DXY,0.027487306057885547,0.022444899487833757,0.00504240657005179,0,2022-12-01,2023-10-30,180.0
2023-09-21,dlog_SOLVPN__dlog_DXY,dlog_SOLVPN,dlog_DXY,0.04561754528949188,0.016597488389784143,0.029020056899707734,0,2022-12-01,2023-10-30,180.0
2023-09-25,dlog_SOLVPN__dlog_DXY,dlog_SOLVPN,dlog_DXY,0.06322168507784637,0.018943218653218855,0.044278466424627516,0,2022-12-01,2023-10-30,180.0
2023-09-26,dlog_SOLVPN__dlog_DXY,dlog_SOLVPN,dlog_DXY,0.06440439656588623,0.02038074518341949,0.044023651382466736,0,2022-12-01,2023-10-30,180.0
2023-09-27,dlog_SOLVPN__dlog_DXY,dlog_SOLVPN,dlog_DXY,0.09789657838009108,0.02689916204166969,0.0709974163384214,0,2022-12-01,2023-10-30,180.0
2023-09-28,dlog_SOLVPN__dlog_DXY,dlog_SOLVPN,dlog_DXY,0.05499905720765606,0.02994835618908678,0.025050701018569283,0,2022-12-01,2023-10-30,180.0
2023-10-02,dlog_SOLVPN__dlog_DXY,dlog_SOLVPN,dlog_DXY,0.03863729186207231,0.03922855654252569,-0.0005912646804533822,0,2022-12-01,2023-10-30,180.0
2023-10-03,dlog_SOLVPN__dlog_DXY,dlog_SOLVPN,dlog_DXY,0.032655823155616055,0.031200326471686295,0.0014554966839297606,0,2022-12-01,2023-10-30,180.0
2023-10-04,dlog_SOLVPN__dlog_DXY,dlog_SOLVPN,dlog_DXY,0.048179923368218046,0.03286520700635618,0.015314716361861866,0,2022-12-01,2023-10-30,180.0
2023-10-05,dlog_SOLVPN__dlog_DXY,dlog_SOLVPN,dlog_DXY,0.05865533051194101,0.06572857343276829,-0.007073242920827283,0,2022-12-01,2023-10-30,180.0
2023-10-10,dlog_SOLVPN__dlog_DXY,dlog_SOLVPN,dlog_DXY,0.06029475839146905,0.08248283701333974,-0.022188078621870687,0,2022-12-01,2023-10-30,180.0
2023-10-11,dlog_SOLVPN__dlog_DXY,dlog_SOLVPN,dlog_DXY,0.054456158162422705,0.08420370623681417,-0.029747548074391464,0,2022-12-01,2023-10-30,180.0
2023-10-12,dlog_SOLVPN__dlog_DXY,dlog_SOLVPN,dlog_DXY,0.07737929093143381,0.09715916877167297,-0.019779877840239157,0,2022-12-01,2023-10-30,180.0
2023-10-16,dlog_SOLVPN__dlog_DXY,dlog_SOLVPN,dlog_DXY,0.09512995648832787,0.07855237830828295,0.01657757818004492,0,2022-12-01,2023-10-30,180.0
2023-10-17,dlog_SOLVPN__dlog_DXY,dlog_SOLVPN,dlog_DXY,0.09641249593331164,0.0612118729664622,0.035200622966849435,0,2022-12-01,2023-10-30,180.0
2023-10-18,dlog_SOLVPN__dlog_DXY,dlog_SOLVPN,dlog_DXY,0.09856474775262994,0.07180546645780453,0.02675928129482541,0,2022-12-01,2023-10-30,180.0
2023-10-19,dlog_SOLVPN__dlog_DXY,dlog_SOLVPN,dlog_DXY,0.10761916298207813,0.07466181702090462,0.032957345961173515,0,2022-12-01,2023-10-30,180.0
2023-10-23,dlog_SOLVPN__dlog_DXY,dlog_SOLVPN,dlog_DXY,0.12458508897651509,0.07667414963394038,0.047910939342574704,0,2022-12-01,2023-10-30,180.0
2023-10-24,dlog_SOLVPN__dlog_DXY,dlog_SOLVPN,dlog_DXY,0.12640229933576355,0.07057812536136668,0.05582417397439687,0,2022-12-01,2023-10-30,180.0
2023-10-25,dlog_SOLVPN__dlog_DXY,dlog_SOLVPN,dlog_DXY,0.13898515934739553,0.08284211215270343,0.0561430471946921,0,2022-12-01,2023-10-30,180.0
2023-10-26,dlog_SOLVPN__dlog_DXY,dlog_SOLVPN,dlog_DXY,0.07023224791133592,0.027314725938479303,0.042917521972856615,0,2022-12-01,2023-10-30,180.0
2023-10-30,dlog_SOLVPN__dlog_DXY,dlog_SOLVPN,dlog_DXY,0.060888597697299665,0.03060063822783037,0.030287959469469296,0,2022-12-01,2023-10-30,180.0
2023-10-31,dlog_SOLVPN__dlog_DXY,dlog_SOLVPN,dlog_DXY,0.06521846647327043,0.05585367315291827,0.009364793320352158,1,2023-10-31,2024-07-16,140.0
2023-11-01,dlog_SOLVPN__dlog_DXY,dlog_SOLVPN,dlog_DXY,0.06812644248853605,0.04561571747795274,0.022510725010583314,1,2023-10-31,2024-07-16,140.0
2023-11-02,dlog_SOLVPN__dlog_DXY,dlog_SOLVPN,dlog_DXY,0.06437152305416238,0.05652576356188189,0.007845759492280495,1,2023-10-31,2024-07-16,140.0
2023-11-06,dlog_SOLVPN__dlog_DXY,dlog_SOLVPN,dlog_DXY,0.09019013003653223,0.050425554431022465,0.039764575605509764,1,2023-10-31,2024-07-16,140.0
2023-11-07,dlog_SOLVPN__dlog_DXY,dlog_SOLVPN,dlog_DXY,0.09554906106846267,0.05981438496606386,0.03573467610239881,1,2023-10-31,2024-07-16,140.0
2023-11-08,dlog_SOLVPN__dlog_DXY,dlog_SOLVPN,dlog_DXY,0.09447275078915929,0.0642631655946921,0.03020958519446719,1,2023-10-31,2024-07-16,140.0
2023-11-09,dlog_SOLVPN__dlog_DXY,dlog_SOLVPN,dlog_DXY,0.1047883862449048,0.08232234303712867,0.022466043207776135,1,2023-10-31,2024-07-16,140.0
2023-11-13,dlog_SOLVPN__dlog_DXY,dlog_SOLVPN,dlog_DXY,0.10987231953701425,0.08123659358485485,0.028635725952159394,1,2023-10-31,2024-07-16,140.0
2023-11-14,dlog_SOLVPN__dlog_DXY,dlog_SOLVPN,dlog_DXY,0.12566556043099777,0.10812268593109477,0.017542874499903008,1,2023-10-31,2024-07-16,140.0
2023-11-15,dlog_SOLVPN__dlog_DXY,dlog_SOLVPN,dlog_DXY,0.10568251539114877,0.10332796921538481,0.002354546175763958,1,2023-10-31,2024-07-16,140.0
2023-11-16,dlog_SOLVPN__dlog_DXY,dlog_SOLVPN,dlog_DXY,0.10464038168556157,0.09383896339074932,0.010801418294812251,1,2023-10-31,2024-07-16,140.0
2023-11-20,dlog_SOLVPN__dlog_DXY,dlog_SOLVPN,dlog_DXY,0.15004712235927548,0.13658559690622152,0.013461525453053957,1,2023-10-31,2024-07-16,140.0
2023-11-21,dlog_SOLVPN__dlog_DXY,dlog_SOLVPN,dlog_DXY,0.17741064065146436,0.15267353146883486,0.024737109182629502,1,2023-10-31,2024-07-16,140.0
2023-11-22,dlog_SOLVPN__dlog_DXY,dlog_SOLVPN,dlog_DXY,0.15875957349911266,0.14644665327556683,0.012312920223545826,1,2023-10-31,2024-07-16,140.0
2023-11-27,dlog_SOLVPN__dlog_DXY,dlog_SOLVPN,dlog_DXY,0.15763796363909646,0.14446660218617358,0.013171361452922886,1,2023-10-31,2024-07-16,140.0
2023-11-28,dlog_SOLVPN__dlog_DXY,dlog_SOLVPN,dlog_DXY,0.14599421147879368,0.14680655907054302,-0.000812347591749335,1,2023-10-31,2024-07-16,140.0
2023-11-29,dlog_SOLVPN__dlog_DXY,dlog_SOLVPN,dlog_DXY,0.14088753168142812,0.1476788132776485,-0.006791281596220389,1,2023-10-31,2024-07-16,140.0
2023-11-30,dlog_SOLVPN__dlog_DXY,dlog_SOLVPN,dlog_DXY,0.14635782559981997,0.13545529470195428,0.010902530897865692,1,2023-10-31,2024-07-16,140.0
2023-12-04,dlog_SOLVPN__dlog_DXY,dlog_SOLVPN,dlog_DXY,0.13700559637424894,0.12422624842345706,0.012779347950791886,1,2023-10-31,2024-07-16,140.0
2023-12-05,dlog_SOLVPN__dlog_DXY,dlog_SOLVPN,dlog_DXY,0.11773435092310068,0.11771041991361257,2.3931009488109556e-05,1,2023-10-31,2024-07-16,140.0
2023-12-06,dlog_SOLVPN__dlog_DXY,dlog_SOLVPN,dlog_DXY,0.1259670614061726,0.14547904224334413,-0.01951198083717154,1,2023-10-31,2024-07-16,140.0
2023-12-07,dlog_SOLVPN__dlog_DXY,dlog_SOLVPN,dlog_DXY,0.12326654630553845,0.1456644775259815,-0.02239793122044305,1,2023-10-31,2024-07-16,140.0
2023-12-11,dlog_SOLVPN__dlog_DXY,dlog_SOLVPN,dlog_DXY,0.12633602500270974,0.13963389765185125,-0.013297872649141507,1,2023-10-31,2024-07-16,140.0
2023-12-12,dlog_SOLVPN__dlog_DXY,dlog_SOLVPN,dlog_DXY,0.12800775765803976,0.13924262930269538,-0.011234871644655614,1,2023-10-31,2024-07-16,140.0
2023-12-13,dlog_SOLVPN__dlog_DXY,dlog_SOLVPN,dlog_DXY,0.1061001610725451,0.1478095170170551,-0.041709355944510015,1,2023-10-31,2024-07-16,140.0
2023-12-14,dlog_SOLVPN__dlog_DXY,dlog_SOLVPN,dlog_DXY,0.10051568761037734,0.14716827439725383,-0.04665258678687649,1,2023-10-31,2024-07-16,140.0
2023-12-18,dlog_SOLVPN__dlog_DXY,dlog_SOLVPN,dlog_DXY,0.08661525368753681,0.11966857002792955,-0.03305331634039274,1,2023-10-31,2024-07-16,140.0
2023-12-19,dlog_SOLVPN__dlog_DXY,dlog_SOLVPN,dlog_DXY,0.10035169543342122,0.12268178442787465,-0.022330088994453434,1,2023-10-31,2024-07-16,140.0
2023-12-20,dlog_SOLVPN__dlog_DXY,dlog_SOLVPN,dlog_DXY,0.11012314691906695,0.1264447248604094,-0.01632157794134244,1,2023-10-31,2024-07-16,140.0
2023-12-21,dlog_SOLVPN__dlog_DXY,dlog_SOLVPN,dlog_DXY,0.11900392578754815,0.13028644548949392,-0.01128251970194577,1,2023-10-31,2024-07-16,140.0
2023-12-26,dlog_SOLVPN__dlog_DXY,dlog_SOLVPN,dlog_DXY,0.11763325404226913,0.1328690175223932,-0.015235763480124065,1,2023-10-31,2024-07-16,140.0
2023-12-27,dlog_SOLVPN__dlog_DXY,dlog_SOLVPN,dlog_DXY,0.11537331192718213,0.15277493619417468,-0.03740162426699255,1,2023-10-31,2024-07-16,140.0
2023-12-28,dlog_SOLVPN__dlog_DXY,dlog_SOLVPN,dlog_DXY,0.13595196778781063,0.13838194865230716,-0.002429980864496528,1,2023-10-31,2024-07-16,140.0
2024-01-02,dlog_SOLVPN__dlog_DXY,dlog_SOLVPN,dlog_DXY,0.12965250458802094,0.13107976696101,-0.0014272623729890688,1,2023-10-31,2024-07-16,140.0
2024-01-03,dlog_SOLVPN__dlog_DXY,dlog_SOLVPN,dlog_DXY,0.1417132619210916,0.13840990415398693,0.0033033577671046643,1,2023-10-31,2024-07-16,140.0
2024-01-04,dlog_SOLVPN__dlog_DXY,dlog_SOLVPN,dlog_DXY,0.10719048615346574,0.16275767140044295,-0.05556718524697721,1,2023-10-31,2024-07-16,140.0
2024-01-08,dlog_SOLVPN__dlog_DXY,dlog_SOLVPN,dlog_DXY,0.10607215342799726,0.14107249231471478,-0.03500033888671751,1,2023-10-31,2024-07-16,140.0
2024-01-09,dlog_SOLVPN__dlog_DXY,dlog_SOLVPN,dlog_DXY,0.11130416530428154,0.13767415709921105,-0.026369991794929507,1,2023-10-31,2024-07-16,140.0
2024-01-10,dlog_SOLVPN__dlog_DXY,dlog_SOLVPN,dlog_DXY,0.11134237174877815,0.1502038644207003,-0.038861492671922154,1,2023-10-31,2024-07-16,140.0
2024-01-11,dlog_SOLVPN__dlog_DXY,dlog_SOLVPN,dlog_DXY,0.1114866780390811,0.15441611297812932,-0.04292943493904822,1,2023-10-31,2024-07-16,140.0
2024-01-16,dlog_SOLVPN__dlog_DXY,dlog_SOLVPN,dlog_DXY,0.032777990974226935,0.1292505830311442,-0.09647259205691727,1,2023-10-31,2024-07-16,140.0
2024-01-17,dlog_SOLVPN__dlog_DXY,dlog_SOLVPN,dlog_DXY,0.1716687074388683,0.23682564605529421,-0.06515693861642591,1,2023-10-31,2024-07-16,140.0
2024-01-18,dlog_SOLVPN__dlog_DXY,dlog_SOLVPN,dlog_DXY,0.18009183236682968,0.2303480894639767,-0.05025625709714701,1,2023-10-31,2024-07-16,140.0
2024-01-22,dlog_SOLVPN__dlog_DXY,dlog_SOLVPN,dlog_DXY,0.18270282949168334,0.24016612948838628,-0.05746329999670294,1,2023-10-31,2024-07-16,140.0
2024-01-23,dlog_SOLVPN__dlog_DXY,dlog_SOLVPN,dlog_DXY,0.1801960473514297,0.24074521018844353,-0.06054916283701384,1,2023-10-31,2024-07-16,140.0
2024-01-24,dlog_SOLVPN__dlog_DXY,dlog_SOLVPN,dlog_DXY,0.17979379176420368,0.2494862381849573,-0.06969244642075362,1,2023-10-31,2024-07-16,140.0
2024-01-25,dlog_SOLVPN__dlog_DXY,dlog_SOLVPN,dlog_DXY,0.16370106539680696,0.2714487083177325,-0.10774764292092553,1,2023-10-31,2024-07-16,140.0
2024-01-29,dlog_SOLVPN__dlog_DXY,dlog_SOLVPN,dlog_DXY,0.15265948707047175,0.22601059317745206,-0.07335110610698031,1,2023-10-31,2024-07-16,140.0
2024-01-30,dlog_SOLVPN__dlog_DXY,dlog_SOLVPN,dlog_DXY,0.14885595809391827,0.23115114410347856,-0.08229518600956029,1,2023-10-31,2024-07-16,140.0
2024-01-31,dlog_SOLVPN__dlog_DXY,dlog_SOLVPN,dlog_DXY,0.14313480309764837,0.23775425721127444,-0.09461945411362607,1,2023-10-31,2024-07-16,140.0
2024-02-01,dlog_SOLVPN__dlog_DXY,dlog_SOLVPN,dlog_DXY,0.13107026714874292,0.22025771372126018,-0.08918744657251726,1,2023-10-31,2024-07-16,140.0
2024-02-05,dlog_SOLVPN__dlog_DXY,dlog_SOLVPN,dlog_DXY,0.14701350191680174,0.19617567551923565,-0.04916217360243391,1,2023-10-31,2024-07-16,140.0
2024-02-06,dlog_SOLVPN__dlog_DXY,dlog_SOLVPN,dlog_DXY,0.1620586496946145,0.16302523676026026,-0.0009665870656457576,1,2023-10-31,2024-07-16,140.0
2024-02-07,dlog_SOLVPN__dlog_DXY,dlog_SOLVPN,dlog_DXY,0.15708566842406255,0.17533094135818397,-0.018245272934121426,1,2023-10-31,2024-07-16,140.0
2024-02-08,dlog_SOLVPN__dlog_DXY,dlog_SOLVPN,dlog_DXY,0.1569166539472498,0.17672214894785027,-0.01980549500060047,1,2023-10-31,2024-07-16,140.0
2024-02-12,dlog_SOLVPN__dlog_DXY,dlog_SOLVPN,dlog_DXY,0.15874864473174308,0.17828910603532921,-0.019540461303586137,1,2023-10-31,2024-07-16,140.0
2024-02-13,dlog_SOLVPN__dlog_DXY,dlog_SOLVPN,dlog_DXY,0.15966437124986899,0.16470150959469446,-0.00503713834482547,1,2023-10-31,2024-07-16,140.0
2024-02-14,dlog_SOLVPN__dlog_DXY,dlog_SOLVPN,dlog_DXY,0.17232824127189253,0.17204943793362376,0.00027880333826876824,1,2023-10-31,2024-07-16,140.0
2024-02-15,dlog_SOLVPN__dlog_DXY,dlog_SOLVPN,dlog_DXY,0.157287544147799,0.1315925277849564,0.025695016362842604,1,2023-10-31,2024-07-16,140.0
2024-02-20,dlog_SOLVPN__dlog_DXY,dlog_SOLVPN,dlog_DXY,0.14523918186352594,0.13247570620302798,0.012763475660497958,1,2023-10-31,2024-07-16,140.0
2024-02-21,dlog_SOLVPN__dlog_DXY,dlog_SOLVPN,dlog_DXY,0.1460408790115515,0.1329422552067543,0.013098623804797205,1,2023-10-31,2024-07-16,140.0
2024-02-22,dlog_SOLVPN__dlog_DXY,dlog_SOLVPN,dlog_DXY,0.13203401817144322,0.1256923575277043,0.006341660643738922,1,2023-10-31,2024-07-16,140.0
2024-02-26,dlog_SOLVPN__dlog_DXY,dlog_SOLVPN,dlog_DXY,0.1286891446418811,0.1181872745749362,0.010501870066944904,1,2023-10-31,2024-07-16,140.0
2024-02-27,dlog_SOLVPN__dlog_DXY,dlog_SOLVPN,dlog_DXY,0.12464120428925315,0.11388757067898274,0.010753633610270416,1,2023-10-31,2024-07-16,140.0
2024-02-28,dlog_SOLVPN__dlog_DXY,dlog_SOLVPN,dlog_DXY,0.12298536409194646,0.10395814206711726,0.019027222024829205,1,2023-10-31,2024-07-16,140.0
2024-02-29,dlog_SOLVPN__dlog_DXY,dlog_SOLVPN,dlog_DXY,0.09928131969959021,0.08653080698016977,0.012750512719420445,1,2023-10-31,2024-07-16,140.0
2024-03-04,dlog_SOLVPN__dlog_DXY,dlog_SOLVPN,dlog_DXY,0.09178603513854248,0.07606483868812282,0.015721196450419667,1,2023-10-31,2024-07-16,140.0
2024-03-05,dlog_SOLVPN__dlog_DXY,dlog_SOLVPN,dlog_DXY,0.08755946854200478,0.0816907492832323,0.00586871925877247,1,2023-10-31,2024-07-16,140.0
2024-03-06,dlog_SOLVPN__dlog_DXY,dlog_SOLVPN,dlog_DXY,0.09412510671063876,0.08501086530686801,0.009114241403770748,1,2023-10-31,2024-07-16,140.0
2024-03-07,dlog_SOLVPN__dlog_DXY,dlog_SOLVPN,dlog_DXY,0.09470575563545786,0.0902299209142125,0.004475834721245353,1,2023-10-31,2024-07-16,140.0
2024-03-11,dlog_SOLVPN__dlog_DXY,dlog_SOLVPN,dlog_DXY,0.09566139746083038,0.08816653425857945,0.007494863202250929,1,2023-10-31,2024-07-16,140.0
2024-03-12,dlog_SOLVPN__dlog_DXY,dlog_SOLVPN,dlog_DXY,0.09546020733329985,0.0907779865843801,0.0046822207489197465,1,2023-10-31,2024-07-16,140.0
2024-03-13,dlog_SOLVPN__dlog_DXY,dlog_SOLVPN,dlog_DXY,0.09194973852922846,0.08827138807305965,0.003678350456168808,1,2023-10-31,2024-07-16,140.0
2024-03-14,dlog_SOLVPN__dlog_DXY,dlog_SOLVPN,dlog_DXY,0.09082084202288943,0.08929202781687154,0.0015288142060178866,1,2023-10-31,2024-07-16,140.0
2024-03-18,dlog_SOLVPN__dlog_DXY,dlog_SOLVPN,dlog_DXY,0.08770109038079922,0.08981216417080506,-0.0021110737900058435,1,2023-10-31,2024-07-16,140.0
2024-03-19,dlog_SOLVPN__dlog_DXY,dlog_SOLVPN,dlog_DXY,0.08560703203703698,0.08712210661929053,-0.0015150745822535422,1,2023-10-31,2024-07-16,140.0
2024-03-20,dlog_SOLVPN__dlog_DXY,dlog_SOLVPN,dlog_DXY,0.07265887795057487,0.08309016198715562,-0.010431284036580751,1,2023-10-31,2024-07-16,140.0
2024-03-21,dlog_SOLVPN__dlog_DXY,dlog_SOLVPN,dlog_DXY,0.054404914623343216,0.06413837781691671,-0.009733463193573495,1,2023-10-31,2024-07-16,140.0
2024-03-25,dlog_SOLVPN__dlog_DXY,dlog_SOLVPN,dlog_DXY,0.05530324432455023,0.06946761662798381,-0.014164372303433585,1,2023-10-31,2024-07-16,140.0
2024-03-26,dlog_SOLVPN__dlog_DXY,dlog_SOLVPN,dlog_DXY,0.05282396011189575,0.06978491726740572,-0.01696095715550997,1,2023-10-31,2024-07-16,140.0
2024-03-27,dlog_SOLVPN__dlog_DXY,dlog_SOLVPN,dlog_DXY,0.06292930206025046,0.0647911855115667,-0.001861883451316243,1,2023-10-31,2024-07-16,140.0
2024-04-01,dlog_SOLVPN__dlog_DXY,dlog_SOLVPN,dlog_DXY,0.06179167285746455,0.06668591989929713,-0.004894247041832583,1,2023-10-31,2024-07-16,140.0
2024-04-02,dlog_SOLVPN__dlog_DXY,dlog_SOLVPN,dlog_DXY,0.054673875627682125,0.07274705716046444,-0.018073181532782312,1,2023-10-31,2024-07-16,140.0
2024-04-03,dlog_SOLVPN__dlog_DXY,dlog_SOLVPN,dlog_DXY,0.06153207165508871,0.06956027723070256,-0.008028205575613845,1,2023-10-31,2024-07-16,140.0
2024-04-04,dlog_SOLVPN__dlog_DXY,dlog_SOLVPN,dlog_DXY,0.059969338140141396,0.07322010748293808,-0.01325076934279669,1,2023-10-31,2024-07-16,140.0
2024-04-08,dlog_SOLVPN__dlog_DXY,dlog_SOLVPN,dlog_DXY,0.06004890252040822,0.07058631793894282,-0.010537415418534604,1,2023-10-31,2024-07-16,140.0
2024-04-09,dlog_SOLVPN__dlog_DXY,dlog_SOLVPN,dlog_DXY,0.057241690314686074,0.06477031854407955,-0.007528628229393479,1,2023-10-31,2024-07-16,140.0
2024-04-10,dlog_SOLVPN__dlog_DXY,dlog_SOLVPN,dlog_DXY,0.18305066566387995,0.1284652514663784,0.05458541419750154,1,2023-10-31,2024-07-16,140.0
2024-04-11,dlog_SOLVPN__dlog_DXY,dlog_SOLVPN,dlog_DXY,0.12964699704534716,0.11378341233637904,0.01586358470896812,1,2023-10-31,2024-07-16,140.0
2024-04-15,dlog_SOLVPN__dlog_DXY,dlog_SOLVPN,dlog_DXY,0.1199941953292546,0.10393567111518297,0.016058524214071626,1,2023-10-31,2024-07-16,140.0
2024-04-16,dlog_SOLVPN__dlog_DXY,dlog_SOLVPN,dlog_DXY,0.11612605441353427,0.09504064443425504,0.021085409979279227,1,2023-10-31,2024-07-16,140.0
2024-04-17,dlog_SOLVPN__dlog_DXY,dlog_SOLVPN,dlog_DXY,0.11058595134861848,0.09878992895682355,0.011796022391794933,1,2023-10-31,2024-07-16,140.0
2024-04-18,dlog_SOLVPN__dlog_DXY,dlog_SOLVPN,dlog_DXY,0.10616311679926643,0.09538103020431848,0.010782086594947948,1,2023-10-31,2024-07-16,140.0
2024-04-22,dlog_SOLVPN__dlog_DXY,dlog_SOLVPN,dlog_DXY,0.10739991841619163,0.09217635101792734,0.01522356739826429,1,2023-10-31,2024-07-16,140.0
2024-04-23,dlog_SOLVPN__dlog_DXY,dlog_SOLVPN,dlog_DXY,0.11177142334465379,0.08521767676926827,0.02655374657538552,1,2023-10-31,2024-07-16,140.0
2024-04-24,dlog_SOLVPN__dlog_DXY,dlog_SOLVPN,dlog_DXY,0.11642076140244753,0.08354403223704611,0.03287672916540142,1,2023-10-31,2024-07-16,140.0
2024-04-25,dlog_SOLVPN__dlog_DXY,dlog_SOLVPN,dlog_DXY,0.11905564263122652,0.0858264754415935,0.03322916718963302,1,2023-10-31,2024-07-16,140.0
2024-04-29,dlog_SOLVPN__dlog_DXY,dlog_SOLVPN,dlog_DXY,0.13225275390093383,0.08530364473120758,0.04694910916972625,1,2023-10-31,2024-07-16,140.0
2024-04-30,dlog_SOLVPN__dlog_DXY,dlog_SOLVPN,dlog_DXY,0.16763680624581026,0.09204134884294331,0.07559545740286695,1,2023-10-31,2024-07-16,140.0
2024-05-01,dlog_SOLVPN__dlog_DXY,dlog_SOLVPN,dlog_DXY,0.13974750077672152,0.0729524032598604,0.06679509751686112,1,2023-10-31,2024-07-16,140.0
2024-05-02,dlog_SOLVPN__dlog_DXY,dlog_SOLVPN,dlog_DXY,0.16023181326486446,0.0913807389450198,0.06885107431984466,1,2023-10-31,2024-07-16,140.0
2024-05-06,dlog_SOLVPN__dlog_DXY,dlog_SOLVPN,dlog_DXY,0.14577343906238274,0.09154468282686416,0.05422875623551858,1,2023-10-31,2024-07-16,140.0
2024-05-07,dlog_SOLVPN__dlog_DXY,dlog_SOLVPN,dlog_DXY,0.14155612638746942,0.09642531048434992,0.0451308159031195,1,2023-10-31,2024-07-16,140.0
2024-05-08,dlog_SOLVPN__dlog_DXY,dlog_SOLVPN,dlog_DXY,0.13811921215926357,0.10108049968813061,0.037038712471132954,1,2023-10-31,2024-07-16,140.0
2024-05-09,dlog_SOLVPN__dlog_DXY,dlog_SOLVPN,dlog_DXY,0.14418026469559167,0.09943442943108184,0.04474583526450983,1,2023-10-31,2024-07-16,140.0
2024-05-13,dlog_SOLVPN__dlog_DXY,dlog_SOLVPN,dlog_DXY,0.11633516198352722,0.10000363714215964,0.016331524841367587,1,2023-10-31,2024-07-16,140.0
2024-05-14,dlog_SOLVPN__dlog_DXY,dlog_SOLVPN,dlog_DXY,0.1171875159460978,0.11040069631548155,0.006786819630616253,1,2023-10-31,2024-07-16,140.0
2024-05-15,dlog_SOLVPN__dlog_DXY,dlog_SOLVPN,dlog_DXY,0.13538704723223438,0.14730652808598846,-0.011919480853754078,1,2023-10-31,2024-07-16,140.0
2024-05-16,dlog_SOLVPN__dlog_DXY,dlog_SOLVPN,dlog_DXY,0.1389524198541046,0.14001915674958001,-0.0010667368954754286,1,2023-10-31,2024-07-16,140.0
2024-05-20,dlog_SOLVPN__dlog_DXY,dlog_SOLVPN,dlog_DXY,0.13349909808216376,0.14572655631000025,-0.012227458227836496,1,2023-10-31,2024-07-16,140.0
2024-05-21,dlog_SOLVPN__dlog_DXY,dlog_SOLVPN,dlog_DXY,0.13722438091616104,0.14533302687165459,-0.008108645955493543,1,2023-10-31,2024-07-16,140.0
2024-05-22,dlog_SOLVPN__dlog_DXY,dlog_SOLVPN,dlog_DXY,0.12764021914667148,0.14393359262355962,-0.01629337347688814,1,2023-10-31,2024-07-16,140.0
2024-05-23,dlog_SOLVPN__dlog_DXY,dlog_SOLVPN,dlog_DXY,0.1349222879361445,0.15332575324509037,-0.018403465308945877,1,2023-10-31,2024-07-16,140.0
2024-05-28,dlog_SOLVPN__dlog_DXY,dlog_SOLVPN,dlog_DXY,0.1352768801478201,0.15349842257721744,-0.01822154242939733,1,2023-10-31,2024-07-16,140.0
2024-05-29,dlog_SOLVPN__dlog_DXY,dlog_SOLVPN,dlog_DXY,0.12976529444917784,0.1582660572493372,-0.028500762800159368,1,2023-10-31,2024-07-16,140.0
2024-05-30,dlog_SOLVPN__dlog_DXY,dlog_SOLVPN,dlog_DXY,0.14399599788269085,0.15359920971579008,-0.009603211833099229,1,2023-10-31,2024-07-16,140.0
2024-06-03,dlog_SOLVPN__dlog_DXY,dlog_SOLVPN,dlog_DXY,0.12643092445171972,0.1486878811878913,-0.02225695673617159,1,2023-10-31,2024-07-16,140.0
2024-06-04,dlog_SOLVPN__dlog_DXY,dlog_SOLVPN,dlog_DXY,0.13685137604727657,0.16971074230103847,-0.0328593662537619,1,2023-10-31,2024-07-16,140.0
2024-06-05,dlog_SOLVPN__dlog_DXY,dlog_SOLVPN,dlog_DXY,0.1326822441976371,0.1288278798240131,0.0038543643736240196,1,2023-10-31,2024-07-16,140.0
2024-06-06,dlog_SOLVPN__dlog_DXY,dlog_SOLVPN,dlog_DXY,0.1316274689042579,0.13132158658878665,0.0003058823154712398,1,2023-10-31,2024-07-16,140.0
2024-06-10,dlog_SOLVPN__dlog_DXY,dlog_SOLVPN,dlog_DXY,0.1298520387341108,0.12850104803344653,0.001350990700664273,1,2023-10-31,2024-07-16,140.0
2024-06-11,dlog_SOLVPN__dlog_DXY,dlog_SOLVPN,dlog_DXY,0.12684368572620092,0.139091576943691,-0.012247891217490092,1,2023-10-31,2024-07-16,140.0
2024-06-12,dlog_SOLVPN__dlog_DXY,dlog_SOLVPN,dlog_DXY,0.10797671001471486,0.13223443777904303,-0.024257727764328177,1,2023-10-31,2024-07-16,140.0
2024-06-13,dlog_SOLVPN__dlog_DXY,dlog_SOLVPN,dlog_DXY,0.08938586189046496,0.14072681063409395,-0.05134094874362899,1,2023-10-31,2024-07-16,140.0
2024-06-17,dlog_SOLVPN__dlog_DXY,dlog_SOLVPN,dlog_DXY,0.09200467744979336,0.14145793687371397,-0.049453259423920606,1,2023-10-31,2024-07-16,140.0
2024-06-18,dlog_SOLVPN__dlog_DXY,dlog_SOLVPN,dlog_DXY,0.12766602221309556,0.1506558773613865,-0.02298985514829094,1,2023-10-31,2024-07-16,140.0
2024-06-20,dlog_SOLVPN__dlog_DXY,dlog_SOLVPN,dlog_DXY,0.15438308560325967,0.14210863687743436,0.01227444872582531,1,2023-10-31,2024-07-16,140.0
2024-06-24,dlog_SOLVPN__dlog_DXY,dlog_SOLVPN,dlog_DXY,0.16211504910875826,0.14104473633977338,0.021070312768984883,1,2023-10-31,2024-07-16,140.0
2024-06-25,dlog_SOLVPN__dlog_DXY,dlog_SOLVPN,dlog_DXY,0.13432025282928217,0.13304095850660835,0.0012792943226738185,1,2023-10-31,2024-07-16,140.0
2024-06-26,dlog_SOLVPN__dlog_DXY,dlog_SOLVPN,dlog_DXY,0.13176009695535418,0.13122177622209774,0.0005383207332564366,1,2023-10-31,2024-07-16,140.0
2024-06-27,dlog_SOLVPN__dlog_DXY,dlog_SOLVPN,dlog_DXY,0.13470420370215058,0.11852009175159214,0.01618411195055844,1,2023-10-31,2024-07-16,140.0
2024-07-01,dlog_SOLVPN__dlog_DXY,dlog_SOLVPN,dlog_DXY,0.14972152659311766,0.11199928296752167,0.037722243625595994,1,2023-10-31,2024-07-16,140.0
2024-07-02,dlog_SOLVPN__dlog_DXY,dlog_SOLVPN,dlog_DXY,0.14966376305503046,0.11541778190263488,0.03424598115239558,1,2023-10-31,2024-07-16,140.0
2024-07-03,dlog_SOLVPN__dlog_DXY,dlog_SOLVPN,dlog_DXY,0.13094724287371606,0.1287232968136654,0.0022239460600506633,1,2023-10-31,2024-07-16,140.0
2024-07-08,dlog_SOLVPN__dlog_DXY,dlog_SOLVPN,dlog_DXY,0.11630166010530138,0.12701980089693676,-0.010718140791635383,1,2023-10-31,2024-07-16,140.0
2024-07-09,dlog_SOLVPN__dlog_DXY,dlog_SOLVPN,dlog_DXY,0.1199646255133355,0.12768715862317506,-0.007722533109839558,1,2023-10-31,2024-07-16,140.0
2024-07-10,dlog_SOLVPN__dlog_DXY,dlog_SOLVPN,dlog_DXY,0.13134233902692075,0.13368455710085278,-0.002342218073932034,1,2023-10-31,2024-07-16,140.0
2024-07-11,dlog_SOLVPN__dlog_DXY,dlog_SOLVPN,dlog_DXY,0.12791233732767468,0.14523117420796583,-0.01731883688029115,1,2023-10-31,2024-07-16,140.0
2024-07-15,dlog_SOLVPN__dlog_DXY,dlog_SOLVPN,dlog_DXY,0.1309115579413622,0.13941898699303967,-0.008507429051677479,1,2023-10-31,2024-07-16,140.0
2024-07-16,dlog_SOLVPN__dlog_DXY,dlog_SOLVPN,dlog_DXY,0.08581874267510578,0.12159844457239873,-0.035779701897292945,1,2023-10-31,2024-07-16,140.0
2024-07-17,dlog_SOLVPN__dlog_DXY,dlog_SOLVPN,dlog_DXY,0.058373568291907596,0.07928565464854821,-0.020912086356640616,2,2024-07-17,2025-04-15,145.0
2024-07-18,dlog_SOLVPN__dlog_DXY,dlog_SOLVPN,dlog_DXY,0.039539477566417236,0.07998915015311268,-0.04044967258669545,2,2024-07-17,2025-04-15,145.0
2024-07-22,dlog_SOLVPN__dlog_DXY,dlog_SOLVPN,dlog_DXY,0.055613962390868424,0.051001771130211204,0.00461219126065722,2,2024-07-17,2025-04-15,145.0
2024-07-23,dlog_SOLVPN__dlog_DXY,dlog_SOLVPN,dlog_DXY,0.026252600898125568,0.020279775276035486,0.005972825622090082,2,2024-07-17,2025-04-15,145.0
2024-07-24,dlog_SOLVPN__dlog_DXY,dlog_SOLVPN,dlog_DXY,0.03213440826574944,0.01600210042721124,0.0161323078385382,2,2024-07-17,2025-04-15,145.0
2024-07-25,dlog_SOLVPN__dlog_DXY,dlog_SOLVPN,dlog_DXY,0.031726432696229594,0.01880640219965076,0.012920030496578833,2,2024-07-17,2025-04-15,145.0
2024-07-29,dlog_SOLVPN__dlog_DXY,dlog_SOLVPN,dlog_DXY,0.03187457991495,0.019355384965530353,0.012519194949419644,2,2024-07-17,2025-04-15,145.0
2024-07-30,dlog_SOLVPN__dlog_DXY,dlog_SOLVPN,dlog_DXY,0.03073023777070947,0.017585356085405516,0.013144881685303953,2,2024-07-17,2025-04-15,145.0
2024-07-31,dlog_SOLVPN__dlog_DXY,dlog_SOLVPN,dlog_DXY,0.03991143141529525,0.02651170908026473,0.013399722335030517,2,2024-07-17,2025-04-15,145.0
2024-08-01,dlog_SOLVPN__dlog_DXY,dlog_SOLVPN,dlog_DXY,0.05128976556258907,0.032334237311364096,0.01895552825122497,2,2024-07-17,2025-04-15,145.0
2024-08-05,dlog_SOLVPN__dlog_DXY,dlog_SOLVPN,dlog_DXY,0.029410773524315058,0.022466642355978096,0.006944131168336962,2,2024-07-17,2025-04-15,145.0
2024-08-06,dlog_SOLVPN__dlog_DXY,dlog_SOLVPN,dlog_DXY,0.0925038572238366,0.052085819440215245,0.04041803778362135,2,2024-07-17,2025-04-15,145.0
2024-08-07,dlog_SOLVPN__dlog_DXY,dlog_SOLVPN,dlog_DXY,0.0398419013310268,0.03900015128821113,0.0008417500428156699,2,2024-07-17,2025-04-15,145.0
2024-08-08,dlog_SOLVPN__dlog_DXY,dlog_SOLVPN,dlog_DXY,0.041579842711394505,0.04036680504706328,0.0012130376643312221,2,2024-07-17,2025-04-15,145.0
2024-08-12,dlog_SOLVPN__dlog_DXY,dlog_SOLVPN,dlog_DXY,0.04152871570416506,0.04636208874978024,-0.00483337304561518,2,2024-07-17,2025-04-15,145.0
2024-08-13,dlog_SOLVPN__dlog_DXY,dlog_SOLVPN,dlog_DXY,0.1116767220639772,0.04672026968042608,0.06495645238355113,2,2024-07-17,2025-04-15,145.0
2024-08-14,dlog_SOLVPN__dlog_DXY,dlog_SOLVPN,dlog_DXY,0.05667288015575582,0.041803177518789245,0.014869702636966575,2,2024-07-17,2025-04-15,145.0
2024-08-15,dlog_SOLVPN__dlog_DXY,dlog_SOLVPN,dlog_DXY,0.06502002127316556,0.04141885341707021,0.023601167856095347,2,2024-07-17,2025-04-15,145.0
2024-08-19,dlog_SOLVPN__dlog_DXY,dlog_SOLVPN,dlog_DXY,0.09812020908332686,0.03326773113138313,0.06485247795194374,2,2024-07-17,2025-04-15,145.0
2024-08-20,dlog_SOLVPN__dlog_DXY,dlog_SOLVPN,dlog_DXY,0.10943578716982147,0.029137112214140573,0.0802986749556809,2,2024-07-17,2025-04-15,145.0
2024-08-21,dlog_SOLVPN__dlog_DXY,dlog_SOLVPN,dlog_DXY,0.09762956400499372,0.03327557628929986,0.06435398771569385,2,2024-07-17,2025-04-15,145.0
2024-08-22,dlog_SOLVPN__dlog_DXY,dlog_SOLVPN,dlog_DXY,0.10006494063373855,0.0379692185462595,0.06209572208747905,2,2024-07-17,2025-04-15,145.0
2024-08-26,dlog_SOLVPN__dlog_DXY,dlog_SOLVPN,dlog_DXY,0.08637329617081566,0.04624004448909043,0.04013325168172523,2,2024-07-17,2025-04-15,145.0
2024-08-27,dlog_SOLVPN__dlog_DXY,dlog_SOLVPN,dlog_DXY,0.06448118838771107,0.026309361582129202,0.038171826805581864,2,2024-07-17,2025-04-15,145.0
2024-08-28,dlog_SOLVPN__dlog_DXY,dlog_SOLVPN,dlog_DXY,0.069817060602523,0.028115875520581996,0.04170118508194101,2,2024-07-17,2025-04-15,145.0
2024-08-29,dlog_SOLVPN__dlog_DXY,dlog_SOLVPN,dlog_DXY,0.08681936735166469,0.022680121876797556,0.06413924547486713,2,2024-07-17,2025-04-15,145.0
2024-09-03,dlog_SOLVPN__dlog_DXY,dlog_SOLVPN,dlog_DXY,0.049457906753741204,0.030814555891469177,0.018643350862272028,2,2024-07-17,2025-04-15,145.0
2024-09-04,dlog_SOLVPN__dlog_DXY,dlog_SOLVPN,dlog_DXY,0.054700240874245507,0.030792437589771578,0.02390780328447393,2,2024-07-17,2025-04-15,145.0
2024-09-05,dlog_SOLVPN__dlog_DXY,dlog_SOLVPN,dlog_DXY,0.05074763404996248,0.054845641412532176,-0.004098007362569697,2,2024-07-17,2025-04-15,145.0
2024-09-09,dlog_SOLVPN__dlog_DXY,dlog_SOLVPN,dlog_DXY,0.11368363990848993,0.06721928780494228,0.04646435210354764,2,2024-07-17,2025-04-15,145.0
2024-09-10,dlog_SOLVPN__dlog_DXY,dlog_SOLVPN,dlog_DXY,0.08527570097205066,0.042518697982992806,0.04275700298905785,2,2024-07-17,2025-04-15,145.0
2024-09-11,dlog_SOLVPN__dlog_DXY,dlog_SOLVPN,dlog_DXY,0.10290076038086736,0.03837653421918205,0.06452422616168531,2,2024-07-17,2025-04-15,145.0
2024-09-12,dlog_SOLVPN__dlog_DXY,dlog_SOLVPN,dlog_DXY,0.08355562428987173,0.04770714991912196,0.03584847437074977,2,2024-07-17,2025-04-15,145.0
2024-09-16,dlog_SOLVPN__dlog_DXY,dlog_SOLVPN,dlog_DXY,0.06406369792157136,0.04700229029479287,0.01706140762677849,2,2024-07-17,2025-04-15,145.0
2024-09-17,dlog_SOLVPN__dlog_DXY,dlog_SOLVPN,dlog_DXY,0.05895623453613479,0.03634523853193407,0.022610996004200724,2,2024-07-17,2025-04-15,145.0
2024-09-18,dlog_SOLVPN__dlog_DXY,dlog_SOLVPN,dlog_DXY,0.07594921010183366,0.026299261486959526,0.04964994861487413,2,2024-07-17,2025-04-15,145.0
2024-09-19,dlog_SOLVPN__dlog_DXY,dlog_SOLVPN,dlog_DXY,0.07381699589094996,0.043278194332792265,0.030538801558157698,2,2024-07-17,2025-04-15,145.0
2024-09-23,dlog_SOLVPN__dlog_DXY,dlog_SOLVPN,dlog_DXY,0.10524173932705616,0.032710267628043785,0.07253147169901238,2,2024-07-17,2025-04-15,145.0
2024-09-24,dlog_SOLVPN__dlog_DXY,dlog_SOLVPN,dlog_DXY,0.04640926167351966,0.03918149043829658,0.007227771235223078,2,2024-07-17,2025-04-15,145.0
2024-09-25,dlog_SOLVPN__dlog_DXY,dlog_SOLVPN,dlog_DXY,0.10470867758906573,0.017947320063486108,0.08676135752557962,2,2024-07-17,2025-04-15,145.0
2024-09-26,dlog_SOLVPN__dlog_DXY,dlog_SOLVPN,dlog_DXY,0.12161413939294298,0.017051801652376054,0.10456233774056692,2,2024-07-17,2025-04-15,145.0
2024-09-30,dlog_SOLVPN__dlog_DXY,dlog_SOLVPN,dlog_DXY,0.1286045373829977,0.015338272608849186,0.11326626477414853,2,2024-07-17,2025-04-15,145.0
2024-10-01,dlog_SOLVPN__dlog_DXY,dlog_SOLVPN,dlog_DXY,0.10951155514416533,0.022839191204647898,0.08667236393951744,2,2024-07-17,2025-04-15,145.0
2024-10-02,dlog_SOLVPN__dlog_DXY,dlog_SOLVPN,dlog_DXY,0.026784767705662623,0.01112786234540436,0.015656905360258263,2,2024-07-17,2025-04-15,145.0
2024-10-03,dlog_SOLVPN__dlog_DXY,dlog_SOLVPN,dlog_DXY,0.03722560970923788,0.04580519966763054,-0.008579589958392662,2,2024-07-17,2025-04-15,145.0
2024-10-07,dlog_SOLVPN__dlog_DXY,dlog_SOLVPN,dlog_DXY,0.04201477100114338,0.03478167197930688,0.007233099021836505,2,2024-07-17,2025-04-15,145.0
2024-10-08,dlog_SOLVPN__dlog_DXY,dlog_SOLVPN,dlog_DXY,0.03596205153700857,0.04003609576820948,-0.0040740442312009115,2,2024-07-17,2025-04-15,145.0
2024-10-09,dlog_SOLVPN__dlog_DXY,dlog_SOLVPN,dlog_DXY,0.04685253595653799,0.04468612396470845,0.002166411991829535,2,2024-07-17,2025-04-15,145.0
2024-10-10,dlog_SOLVPN__dlog_DXY,dlog_SOLVPN,dlog_DXY,0.04681278945880327,0.03957410694673995,0.007238682512063319,2,2024-07-17,2025-04-15,145.0
2024-10-15,dlog_SOLVPN__dlog_DXY,dlog_SOLVPN,dlog_DXY,0.05046513040810557,0.04106960890019649,0.00939552150790908,2,2024-07-17,2025-04-15,145.0
2024-10-16,dlog_SOLVPN__dlog_DXY,dlog_SOLVPN,dlog_DXY,0.06324396763337437,0.037894837762186544,0.02534912987118782,2,2024-07-17,2025-04-15,145.0
2024-10-17,dlog_SOLVPN__dlog_DXY,dlog_SOLVPN,dlog_DXY,0.05981668404352904,0.05607222083740042,0.0037444632061286245,2,2024-07-17,2025-04-15,145.0
2024-10-21,dlog_SOLVPN__dlog_DXY,dlog_SOLVPN,dlog_DXY,0.032946509373350426,0.06938043128212952,-0.036433921908779095,2,2024-07-17,2025-04-15,145.0
2024-10-22,dlog_SOLVPN__dlog_DXY,dlog_SOLVPN,dlog_DXY,0.03031690615289903,0.057164681104505934,-0.026847774951606902,2,2024-07-17,2025-04-15,145.0
2024-10-23,dlog_SOLVPN__dlog_DXY,dlog_SOLVPN,dlog_DXY,0.002518676711126588,0.06828104365373931,-0.06576236694261273,2,2024-07-17,2025-04-15,145.0
2024-10-24,dlog_SOLVPN__dlog_DXY,dlog_SOLVPN,dlog_DXY,0.009498678297286114,0.07571235847130489,-0.06621368017401878,2,2024-07-17,2025-04-15,145.0
2024-10-28,dlog_SOLVPN__dlog_DXY,dlog_SOLVPN,dlog_DXY,0.007148963230921992,0.06543104605363143,-0.058282082822709434,2,2024-07-17,2025-04-15,145.0
2024-10-29,dlog_SOLVPN__dlog_DXY,dlog_SOLVPN,dlog_DXY,0.006119112721597888,0.07604100837080938,-0.06992189564921149,2,2024-07-17,2025-04-15,145.0
2024-10-30,dlog_SOLVPN__dlog_DXY,dlog_SOLVPN,dlog_DXY,0.03439985811344243,0.07530949303874077,-0.04090963492529834,2,2024-07-17,2025-04-15,145.0
2024-10-31,dlog_SOLVPN__dlog_DXY,dlog_SOLVPN,dlog_DXY,0.04195618671080902,0.031847697581186586,0.010108489129622436,2,2024-07-17,2025-04-15,145.0
2024-11-04,dlog_SOLVPN__dlog_DXY,dlog_SOLVPN,dlog_DXY,0.08380475210185429,0.03352276731986828,0.050281984781986006,2,2024-07-17,2025-04-15,145.0
2024-11-05,dlog_SOLVPN__dlog_DXY,dlog_SOLVPN,dlog_DXY,0.09104777953763325,0.029346447552629638,0.06170133198500362,2,2024-07-17,2025-04-15,145.0
2024-11-06,dlog_SOLVPN__dlog_DXY,dlog_SOLVPN,dlog_DXY,0.1296406733230485,0.03530188997151466,0.09433878335153383,2,2024-07-17,2025-04-15,145.0
2024-11-07,dlog_SOLVPN__dlog_DXY,dlog_SOLVPN,dlog_DXY,0.14184753014403684,0.0929016415118596,0.048945888632177234,2,2024-07-17,2025-04-15,145.0
2024-11-12,dlog_SOLVPN__dlog_DXY,dlog_SOLVPN,dlog_DXY,0.18205212147218475,0.10439517144493536,0.07765695002724939,2,2024-07-17,2025-04-15,145.0
2024-11-13,dlog_SOLVPN__dlog_DXY,dlog_SOLVPN,dlog_DXY,0.16373266687867585,0.10727598783042197,0.05645667904825388,2,2024-07-17,2025-04-15,145.0
2024-11-14,dlog_SOLVPN__dlog_DXY,dlog_SOLVPN,dlog_DXY,0.16911318131435796,0.09042458042903519,0.07868860088532277,2,2024-07-17,2025-04-15,145.0
2024-11-18,dlog_SOLVPN__dlog_DXY,dlog_SOLVPN,dlog_DXY,0.17561032941583035,0.09993577979008506,0.0756745496257453,2,2024-07-17,2025-04-15,145.0
2024-11-19,dlog_SOLVPN__dlog_DXY,dlog_SOLVPN,dlog_DXY,0.16324911626719574,0.10576818584758621,0.05748093041960953,2,2024-07-17,2025-04-15,145.0
2024-11-20,dlog_SOLVPN__dlog_DXY,dlog_SOLVPN,dlog_DXY,0.17348999409296578,0.11231885500299293,0.06117113908997285,2,2024-07-17,2025-04-15,145.0
2024-11-21,dlog_SOLVPN__dlog_DXY,dlog_SOLVPN,dlog_DXY,0.1368294568811665,0.10871255275974276,0.02811690412142373,2,2024-07-17,2025-04-15,145.0
2024-11-25,dlog_SOLVPN__dlog_DXY,dlog_SOLVPN,dlog_DXY,0.1379950078292429,0.13703670081599004,0.0009583070132528626,2,2024-07-17,2025-04-15,145.0
2024-11-26,dlog_SOLVPN__dlog_DXY,dlog_SOLVPN,dlog_DXY,0.13136868730702944,0.1474391646470567,-0.016070477340027256,2,2024-07-17,2025-04-15,145.0
2024-11-27,dlog_SOLVPN__dlog_DXY,dlog_SOLVPN,dlog_DXY,0.14068659455392168,0.14171555841369232,-0.0010289638597706374,2,2024-07-17,2025-04-15,145.0
2024-12-02,dlog_SOLVPN__dlog_DXY,dlog_SOLVPN,dlog_DXY,0.13845713208192448,0.16603989224928098,-0.0275827601673565,2,2024-07-17,2025-04-15,145.0
2024-12-03,dlog_SOLVPN__dlog_DXY,dlog_SOLVPN,dlog_DXY,0.14921094219438652,0.13431357733997806,0.014897364854408457,2,2024-07-17,2025-04-15,145.0
2024-12-04,dlog_SOLVPN__dlog_DXY,dlog_SOLVPN,dlog_DXY,0.14657114355853512,0.13072401819094434,0.01584712536759078,2,2024-07-17,2025-04-15,145.0
2024-12-05,dlog_SOLVPN__dlog_DXY,dlog_SOLVPN,dlog_DXY,0.15467836841488458,0.12896940170667184,0.025708966708212738,2,2024-07-17,2025-04-15,145.0
2024-12-09,dlog_SOLVPN__dlog_DXY,dlog_SOLVPN,dlog_DXY,0.15974100532545416,0.1291310175875446,0.030609987737909544,2,2024-07-17,2025-04-15,145.0
2024-12-10,dlog_SOLVPN__dlog_DXY,dlog_SOLVPN,dlog_DXY,0.14857117201636785,0.12553071545563757,0.023040456560730282,2,2024-07-17,2025-04-15,145.0
2024-12-11,dlog_SOLVPN__dlog_DXY,dlog_SOLVPN,dlog_DXY,0.10782047443039645,0.1295795710017387,-0.021759096571342243,2,2024-07-17,2025-04-15,145.0
2024-12-12,dlog_SOLVPN__dlog_DXY,dlog_SOLVPN,dlog_DXY,0.1106588615786797,0.11143221800311404,-0.0007733564244343377,2,2024-07-17,2025-04-15,145.0
2024-12-16,dlog_SOLVPN__dlog_DXY,dlog_SOLVPN,dlog_DXY,0.11406496945047473,0.10121821439718826,0.012846755053286474,2,2024-07-17,2025-04-15,145.0
2024-12-17,dlog_SOLVPN__dlog_DXY,dlog_SOLVPN,dlog_DXY,0.11929795885898646,0.09935810610400223,0.019939852754984236,2,2024-07-17,2025-04-15,145.0
2024-12-18,dlog_SOLVPN__dlog_DXY,dlog_SOLVPN,dlog_DXY,0.13903948349771686,0.062057489824743614,0.07698199367297325,2,2024-07-17,2025-04-15,145.0
2024-12-19,dlog_SOLVPN__dlog_DXY,dlog_SOLVPN,dlog_DXY,0.09814773500071623,0.11864531325798497,-0.020497578257268737,2,2024-07-17,2025-04-15,145.0
2024-12-23,dlog_SOLVPN__dlog_DXY,dlog_SOLVPN,dlog_DXY,0.12330709221222648,0.11913135694367526,0.004175735268551223,2,2024-07-17,2025-04-15,145.0
2024-12-26,dlog_SOLVPN__dlog_DXY,dlog_SOLVPN,dlog_DXY,0.12267739180831758,0.12328233806735747,-0.0006049462590398957,2,2024-07-17,2025-04-15,145.0
2024-12-30,dlog_SOLVPN__dlog_DXY,dlog_SOLVPN,dlog_DXY,0.13120122195348616,0.11674126773800189,0.014459954215484266,2,2024-07-17,2025-04-15,145.0
2025-01-02,dlog_SOLVPN__dlog_DXY,dlog_SOLVPN,dlog_DXY,0.11711691947069208,0.1367527455391799,-0.01963582606848782,2,2024-07-17,2025-04-15,145.0
2025-01-06,dlog_SOLVPN__dlog_DXY,dlog_SOLVPN,dlog_DXY,0.08297931772427701,0.12483484412542568,-0.041855526401148674,2,2024-07-17,2025-04-15,145.0
2025-01-07,dlog_SOLVPN__dlog_DXY,dlog_SOLVPN,dlog_DXY,0.07335783873941186,0.0964455314186804,-0.023087692679268537,2,2024-07-17,2025-04-15,145.0
2025-01-08,dlog_SOLVPN__dlog_DXY,dlog_SOLVPN,dlog_DXY,0.06986942766558725,0.09028590671578171,-0.02041647905019446,2,2024-07-17,2025-04-15,145.0
2025-01-13,dlog_SOLVPN__dlog_DXY,dlog_SOLVPN,dlog_DXY,0.07632215084250989,0.07872641044365157,-0.002404259601141684,2,2024-07-17,2025-04-15,145.0
2025-01-14,dlog_SOLVPN__dlog_DXY,dlog_SOLVPN,dlog_DXY,0.07946087859622157,0.07671646748830196,0.002744411107919606,2,2024-07-17,2025-04-15,145.0
2025-01-15,dlog_SOLVPN__dlog_DXY,dlog_SOLVPN,dlog_DXY,0.0899473624546164,0.09613951125974103,-0.006192148805124628,2,2024-07-17,2025-04-15,145.0
2025-01-16,dlog_SOLVPN__dlog_DXY,dlog_SOLVPN,dlog_DXY,0.07769357371367026,0.07188298932225397,0.005810584391416296,2,2024-07-17,2025-04-15,145.0
2025-01-21,dlog_SOLVPN__dlog_DXY,dlog_SOLVPN,dlog_DXY,0.18693647788118534,0.13418614486028096,0.05275033302090437,2,2024-07-17,2025-04-15,145.0
2025-01-22,dlog_SOLVPN__dlog_DXY,dlog_SOLVPN,dlog_DXY,0.1428925961420766,0.08879346999369724,0.054099126148379376,2,2024-07-17,2025-04-15,145.0
2025-01-23,dlog_SOLVPN__dlog_DXY,dlog_SOLVPN,dlog_DXY,0.13776358069042377,0.08139358921284187,0.0563699914775819,2,2024-07-17,2025-04-15,145.0
2025-01-27,dlog_SOLVPN__dlog_DXY,dlog_SOLVPN,dlog_DXY,0.13772333623102873,0.07455092054891141,0.06317241568211732,2,2024-07-17,2025-04-15,145.0
2025-01-28,dlog_SOLVPN__dlog_DXY,dlog_SOLVPN,dlog_DXY,0.1302921509095882,0.07169016875269615,0.05860198215689205,2,2024-07-17,2025-04-15,145.0
2025-01-29,dlog_SOLVPN__dlog_DXY,dlog_SOLVPN,dlog_DXY,0.13793285291307777,0.06993540802090513,0.06799744489217265,2,2024-07-17,2025-04-15,145.0
2025-01-30,dlog_SOLVPN__dlog_DXY,dlog_SOLVPN,dlog_DXY,0.13697233809790846,0.06650335443183254,0.07046898366607592,2,2024-07-17,2025-04-15,145.0
2025-02-03,dlog_SOLVPN__dlog_DXY,dlog_SOLVPN,dlog_DXY,0.12403503503233802,0.08606894434312554,0.03796609068921249,2,2024-07-17,2025-04-15,145.0
2025-02-04,dlog_SOLVPN__dlog_DXY,dlog_SOLVPN,dlog_DXY,0.08147818370034239,0.09080329614296051,-0.00932511244261812,2,2024-07-17,2025-04-15,145.0
2025-02-05,dlog_SOLVPN__dlog_DXY,dlog_SOLVPN,dlog_DXY,0.10917265363263716,0.07709408181570847,0.03207857181692869,2,2024-07-17,2025-04-15,145.0
2025-02-06,dlog_SOLVPN__dlog_DXY,dlog_SOLVPN,dlog_DXY,0.0940747003493486,0.08100684578337981,0.01306785456596879,2,2024-07-17,2025-04-15,145.0
2025-02-10,dlog_SOLVPN__dlog_DXY,dlog_SOLVPN,dlog_DXY,0.08156781034793599,0.07159856448797829,0.009969245859957704,2,2024-07-17,2025-04-15,145.0
2025-02-11,dlog_SOLVPN__dlog_DXY,dlog_SOLVPN,dlog_DXY,0.08240470051049431,0.0723767599824534,0.010027940528040916,2,2024-07-17,2025-04-15,145.0
2025-02-12,dlog_SOLVPN__dlog_DXY,dlog_SOLVPN,dlog_DXY,0.08272162331599403,0.07511170218846128,0.007609921127532754,2,2024-07-17,2025-04-15,145.0
2025-02-13,dlog_SOLVPN__dlog_DXY,dlog_SOLVPN,dlog_DXY,0.08597835634339213,0.08208964810324668,0.00388870824014545,2,2024-07-17,2025-04-15,145.0
2025-02-18,dlog_SOLVPN__dlog_DXY,dlog_SOLVPN,dlog_DXY,0.08561530218194026,0.058161504394579976,0.027453797787360283,2,2024-07-17,2025-04-15,145.0
2025-02-19,dlog_SOLVPN__dlog_DXY,dlog_SOLVPN,dlog_DXY,0.0902411992418492,0.06573360333629244,0.02450759590555676,2,2024-07-17,2025-04-15,145.0
2025-02-20,dlog_SOLVPN__dlog_DXY,dlog_SOLVPN,dlog_DXY,0.11483630640208961,0.06700518124171233,0.04783112516037728,2,2024-07-17,2025-04-15,145.0
2025-02-24,dlog_SOLVPN__dlog_DXY,dlog_SOLVPN,dlog_DXY,0.09056260512161747,0.05553401181579985,0.03502859330581762,2,2024-07-17,2025-04-15,145.0
2025-02-25,dlog_SOLVPN__dlog_DXY,dlog_SOLVPN,dlog_DXY,0.11053211387782538,0.05475240494210925,0.055779708935716134,2,2024-07-17,2025-04-15,145.0
2025-02-26,dlog_SOLVPN__dlog_DXY,dlog_SOLVPN,dlog_DXY,0.10909060122800156,0.05715612753692084,0.051934473691080715,2,2024-07-17,2025-04-15,145.0
2025-02-27,dlog_SOLVPN__dlog_DXY,dlog_SOLVPN,dlog_DXY,0.1266816368338147,0.06590201903271682,0.06077961780109788,2,2024-07-17,2025-04-15,145.0
2025-03-03,dlog_SOLVPN__dlog_DXY,dlog_SOLVPN,dlog_DXY,0.14039605872782437,0.04360582200473009,0.09679023672309428,2,2024-07-17,2025-04-15,145.0
2025-03-04,dlog_SOLVPN__dlog_DXY,dlog_SOLVPN,dlog_DXY,0.17037731459416816,0.040669433860776365,0.1297078807333918,2,2024-07-17,2025-04-15,145.0
2025-03-05,dlog_SOLVPN__dlog_DXY,dlog_SOLVPN,dlog_DXY,0.10473747424777147,0.04471226424699847,0.060025210000772995,2,2024-07-17,2025-04-15,145.0
2025-03-06,dlog_SOLVPN__dlog_DXY,dlog_SOLVPN,dlog_DXY,0.09988525254698924,0.07727937351153982,0.022605879035449417,2,2024-07-17,2025-04-15,145.0
2025-03-10,dlog_SOLVPN__dlog_DXY,dlog_SOLVPN,dlog_DXY,0.08058566814395958,0.07118200020705266,0.009403667936906918,2,2024-07-17,2025-04-15,145.0
2025-03-11,dlog_SOLVPN__dlog_DXY,dlog_SOLVPN,dlog_DXY,0.08585298918505291,0.07362374328220322,0.012229245902849684,2,2024-07-17,2025-04-15,145.0
2025-03-12,dlog_SOLVPN__dlog_DXY,dlog_SOLVPN,dlog_DXY,0.1183831400189753,0.04607460562158477,0.07230853439739054,2,2024-07-17,2025-04-15,145.0
2025-03-13,dlog_SOLVPN__dlog_DXY,dlog_SOLVPN,dlog_DXY,0.1163471990669521,0.04760692109739959,0.06874027796955251,2,2024-07-17,2025-04-15,145.0
2025-03-17,dlog_SOLVPN__dlog_DXY,dlog_SOLVPN,dlog_DXY,0.12930485514390425,0.048623170577991495,0.08068168456591275,2,2024-07-17,2025-04-15,145.0
2025-03-18,dlog_SOLVPN__dlog_DXY,dlog_SOLVPN,dlog_DXY,0.09665845367494941,0.041689485723361334,0.05496896795158807,2,2024-07-17,2025-04-15,145.0
2025-03-19,dlog_SOLVPN__dlog_DXY,dlog_SOLVPN,dlog_DXY,0.07684645100501884,0.06678124422436924,0.010065206780649608,2,2024-07-17,2025-04-15,145.0
2025-03-20,dlog_SOLVPN__dlog_DXY,dlog_SOLVPN,dlog_DXY,0.07456468188804352,0.05989426588331781,0.014670416004725712,2,2024-07-17,2025-04-15,145.0
2025-03-24,dlog_SOLVPN__dlog_DXY,dlog_SOLVPN,dlog_DXY,0.058660233245421925,0.0752421377746534,-0.016581904529231473,2,2024-07-17,2025-04-15,145.0
2025-03-25,dlog_SOLVPN__dlog_DXY,dlog_SOLVPN,dlog_DXY,0.05215234012193183,0.06013142315567714,-0.00797908303374531,2,2024-07-17,2025-04-15,145.0
2025-03-26,dlog_SOLVPN__dlog_DXY,dlog_SOLVPN,dlog_DXY,0.054113174554734585,0.059911319524287,-0.005798144969552416,2,2024-07-17,2025-04-15,145.0
2025-03-27,dlog_SOLVPN__dlog_DXY,dlog_SOLVPN,dlog_DXY,0.04661427213897004,0.05029175667419643,-0.0036774845352263857,2,2024-07-17,2025-04-15,145.0
2025-03-31,dlog_SOLVPN__dlog_DXY,dlog_SOLVPN,dlog_DXY,0.06249104317807525,0.04110911725285528,0.021381925925219973,2,2024-07-17,2025-04-15,145.0
2025-04-01,dlog_SOLVPN__dlog_DXY,dlog_SOLVPN,dlog_DXY,0.04358778073153368,0.04116682370255755,0.0024209570289761284,2,2024-07-17,2025-04-15,145.0
2025-04-02,dlog_SOLVPN__dlog_DXY,dlog_SOLVPN,dlog_DXY,0.03931976758142904,0.04271581149752114,-0.0033960439160920994,2,2024-07-17,2025-04-15,145.0
2025-04-03,dlog_SOLVPN__dlog_DXY,dlog_SOLVPN,dlog_DXY,0.019218608833542025,0.017209708032801162,0.0020089008007408635,2,2024-07-17,2025-04-15,145.0
2025-04-07,dlog_SOLVPN__dlog_DXY,dlog_SOLVPN,dlog_DXY,0.16038052988018014,0.11209821780182495,0.04828231207835519,2,2024-07-17,2025-04-15,145.0
2025-04-08,dlog_SOLVPN__dlog_DXY,dlog_SOLVPN,dlog_DXY,0.07464047994029777,0.09277699170605493,-0.01813651176575716,2,2024-07-17,2025-04-15,145.0
2025-04-09,dlog_SOLVPN__dlog_DXY,dlog_SOLVPN,dlog_DXY,0.059487656916534105,0.02670014723084816,0.032787509685685945,2,2024-07-17,2025-04-15,145.0
2025-04-10,dlog_SOLVPN__dlog_DXY,dlog_SOLVPN,dlog_DXY,0.12736917742619883,0.05561632125142226,0.07175285617477656,2,2024-07-17,2025-04-15,145.0
2025-04-14,dlog_SOLVPN__dlog_DXY,dlog_SOLVPN,dlog_DXY,0.15478846842972338,0.06618559254615702,0.08860287588356636,2,2024-07-17,2025-04-15,145.0
2025-04-15,dlog_SOLVPN__dlog_DXY,dlog_SOLVPN,dlog_DXY,0.15208531518568294,0.06007454414434615,0.09201077104133679,2,2024-07-17,2025-04-15,145.0
2025-04-16,dlog_SOLVPN__dlog_DXY,dlog_SOLVPN,dlog_DXY,0.13352689160273745,0.034981345633726985,0.09854554596901047,3,2025-04-16,2026-01-06,141.0
2025-04-21,dlog_SOLVPN__dlog_DXY,dlog_SOLVPN,dlog_DXY,0.08169212039524222,0.02913150519295314,0.05256061520228908,3,2025-04-16,2026-01-06,141.0
2025-04-22,dlog_SOLVPN__dlog_DXY,dlog_SOLVPN,dlog_DXY,0.13422720527095622,0.025933563207458023,0.1082936420634982,3,2025-04-16,2026-01-06,141.0
2025-04-23,dlog_SOLVPN__dlog_DXY,dlog_SOLVPN,dlog_DXY,0.07308113559614625,0.026727417937804216,0.046353717658342036,3,2025-04-16,2026-01-06,141.0
2025-04-24,dlog_SOLVPN__dlog_DXY,dlog_SOLVPN,dlog_DXY,0.048114276290841786,0.032097018865198626,0.01601725742564316,3,2025-04-16,2026-01-06,141.0
2025-04-28,dlog_SOLVPN__dlog_DXY,dlog_SOLVPN,dlog_DXY,0.03994214969832076,0.010864253462069986,0.029077896236250775,3,2025-04-16,2026-01-06,141.0
2025-04-29,dlog_SOLVPN__dlog_DXY,dlog_SOLVPN,dlog_DXY,0.03318750169110676,0.0178918896210222,0.015295612070084563,3,2025-04-16,2026-01-06,141.0
2025-04-30,dlog_SOLVPN__dlog_DXY,dlog_SOLVPN,dlog_DXY,0.05704347313201944,0.017949042245509424,0.03909443088651002,3,2025-04-16,2026-01-06,141.0
2025-05-01,dlog_SOLVPN__dlog_DXY,dlog_SOLVPN,dlog_DXY,0.05114870322953317,0.025304690755359578,0.02584401247417359,3,2025-04-16,2026-01-06,141.0
2025-05-05,dlog_SOLVPN__dlog_DXY,dlog_SOLVPN,dlog_DXY,0.045148347684354585,0.016930314668564404,0.02821803301579018,3,2025-04-16,2026-01-06,141.0
2025-05-06,dlog_SOLVPN__dlog_DXY,dlog_SOLVPN,dlog_DXY,0.05547362361585836,0.0146439698986309,0.04082965371722746,3,2025-04-16,2026-01-06,141.0
2025-05-07,dlog_SOLVPN__dlog_DXY,dlog_SOLVPN,dlog_DXY,0.02361001603331851,0.013112154672756114,0.010497861360562395,3,2025-04-16,2026-01-06,141.0
2025-05-08,dlog_SOLVPN__dlog_DXY,dlog_SOLVPN,dlog_DXY,0.04271766990292849,0.009575599063699487,0.033142070839229,3,2025-04-16,2026-01-06,141.0
2025-05-12,dlog_SOLVPN__dlog_DXY,dlog_SOLVPN,dlog_DXY,0.028565947517203254,0.015544558635708198,0.013021388881495056,3,2025-04-16,2026-01-06,141.0
2025-05-13,dlog_SOLVPN__dlog_DXY,dlog_SOLVPN,dlog_DXY,0.07807150816588071,0.003503744414559632,0.07456776375132108,3,2025-04-16,2026-01-06,141.0
2025-05-14,dlog_SOLVPN__dlog_DXY,dlog_SOLVPN,dlog_DXY,0.07384232634632204,0.005413732816501577,0.06842859352982046,3,2025-04-16,2026-01-06,141.0
2025-05-15,dlog_SOLVPN__dlog_DXY,dlog_SOLVPN,dlog_DXY,0.07862373028456202,0.005320642807032074,0.07330308747752994,3,2025-04-16,2026-01-06,141.0
2025-05-19,dlog_SOLVPN__dlog_DXY,dlog_SOLVPN,dlog_DXY,0.09548384267903219,0.005346857745316204,0.09013698493371598,3,2025-04-16,2026-01-06,141.0
2025-05-20,dlog_SOLVPN__dlog_DXY,dlog_SOLVPN,dlog_DXY,0.09737256347981958,0.011231302325445237,0.08614126115437434,3,2025-04-16,2026-01-06,141.0
2025-05-21,dlog_SOLVPN__dlog_DXY,dlog_SOLVPN,dlog_DXY,0.09715702768368761,0.006726976760671587,0.09043005092301602,3,2025-04-16,2026-01-06,141.0
2025-05-22,dlog_SOLVPN__dlog_DXY,dlog_SOLVPN,dlog_DXY,0.14507021910313325,0.007878034882327046,0.1371921842208062,3,2025-04-16,2026-01-06,141.0
2025-05-27,dlog_SOLVPN__dlog_DXY,dlog_SOLVPN,dlog_DXY,0.1654458963110277,0.022306172886903043,0.14313972342412468,3,2025-04-16,2026-01-06,141.0
2025-05-28,dlog_SOLVPN__dlog_DXY,dlog_SOLVPN,dlog_DXY,0.1575132931831238,0.005804985650440221,0.15170830753268358,3,2025-04-16,2026-01-06,141.0
2025-05-29,dlog_SOLVPN__dlog_DXY,dlog_SOLVPN,dlog_DXY,0.07853190482712098,0.02056011786831353,0.05797178695880745,3,2025-04-16,2026-01-06,141.0
2025-06-02,dlog_SOLVPN__dlog_DXY,dlog_SOLVPN,dlog_DXY,0.08976841138346964,0.015443898204429228,0.0743245131790404,3,2025-04-16,2026-01-06,141.0
2025-06-03,dlog_SOLVPN__dlog_DXY,dlog_SOLVPN,dlog_DXY,0.02676515362605424,0.01359507113596755,0.01317008249008669,3,2025-04-16,2026-01-06,141.0
2025-06-04,dlog_SOLVPN__dlog_DXY,dlog_SOLVPN,dlog_DXY,0.031212366090118886,0.026998919132892738,0.004213446957226148,3,2025-04-16,2026-01-06,141.0
2025-06-05,dlog_SOLVPN__dlog_DXY,dlog_SOLVPN,dlog_DXY,0.022895450606205348,0.024325149538745858,-0.0014296989325405102,3,2025-04-16,2026-01-06,141.0
2025-06-09,dlog_SOLVPN__dlog_DXY,dlog_SOLVPN,dlog_DXY,0.02183099037958127,0.028992754750370227,-0.007161764370788956,3,2025-04-16,2026-01-06,141.0
2025-06-10,dlog_SOLVPN__dlog_DXY,dlog_SOLVPN,dlog_DXY,0.020519655013687747,0.017569388597427214,0.002950266416260533,3,2025-04-16,2026-01-06,141.0
2025-06-11,dlog_SOLVPN__dlog_DXY,dlog_SOLVPN,dlog_DXY,0.022177486927024818,0.026505632018168173,-0.004328145091143355,3,2025-04-16,2026-01-06,141.0
2025-06-12,dlog_SOLVPN__dlog_DXY,dlog_SOLVPN,dlog_DXY,0.03372802074427974,0.016454939432459174,0.017273081311820565,3,2025-04-16,2026-01-06,141.0
2025-06-16,dlog_SOLVPN__dlog_DXY,dlog_SOLVPN,dlog_DXY,0.033174795539580706,0.04448516445095745,-0.011310368911376746,3,2025-04-16,2026-01-06,141.0
2025-06-17,dlog_SOLVPN__dlog_DXY,dlog_SOLVPN,dlog_DXY,0.08154596489571385,0.03266704670882935,0.0488789181868845,3,2025-04-16,2026-01-06,141.0
2025-06-18,dlog_SOLVPN__dlog_DXY,dlog_SOLVPN,dlog_DXY,0.06520873231755431,0.045459337874226916,0.019749394443327392,3,2025-04-16,2026-01-06,141.0
2025-06-23,dlog_SOLVPN__dlog_DXY,dlog_SOLVPN,dlog_DXY,0.04290205503889097,0.03824904425359893,0.004653010785292039,3,2025-04-16,2026-01-06,141.0
2025-06-24,dlog_SOLVPN__dlog_DXY,dlog_SOLVPN,dlog_DXY,0.0378579104244337,0.04582156512477926,-0.00796365470034556,3,2025-04-16,2026-01-06,141.0
2025-06-25,dlog_SOLVPN__dlog_DXY,dlog_SOLVPN,dlog_DXY,0.06005838420046432,0.046430549000798974,0.013627835199665345,3,2025-04-16,2026-01-06,141.0
2025-06-26,dlog_SOLVPN__dlog_DXY,dlog_SOLVPN,dlog_DXY,0.02970251622889332,0.04289479337868826,-0.013192277149794943,3,2025-04-16,2026-01-06,141.0
2025-06-30,dlog_SOLVPN__dlog_DXY,dlog_SOLVPN,dlog_DXY,0.030361159023259133,0.051320388016522236,-0.020959228993263104,3,2025-04-16,2026-01-06,141.0
2025-07-01,dlog_SOLVPN__dlog_DXY,dlog_SOLVPN,dlog_DXY,0.03000070935496618,0.04257764190264495,-0.012576932547678773,3,2025-04-16,2026-01-06,141.0
2025-07-02,dlog_SOLVPN__dlog_DXY,dlog_SOLVPN,dlog_DXY,0.027193875213864398,0.04726239316001808,-0.020068517946153684,3,2025-04-16,2026-01-06,141.0
2025-07-03,dlog_SOLVPN__dlog_DXY,dlog_SOLVPN,dlog_DXY,0.027311246314579537,0.04519940611929039,-0.01788815980471085,3,2025-04-16,2026-01-06,141.0
2025-07-07,dlog_SOLVPN__dlog_DXY,dlog_SOLVPN,dlog_DXY,0.025338184430076325,0.07905698930637196,-0.05371880487629564,3,2025-04-16,2026-01-06,141.0
2025-07-08,dlog_SOLVPN__dlog_DXY,dlog_SOLVPN,dlog_DXY,0.04807435097656426,0.0957312150972095,-0.04765686412064524,3,2025-04-16,2026-01-06,141.0
2025-07-09,dlog_SOLVPN__dlog_DXY,dlog_SOLVPN,dlog_DXY,0.027110042132041965,0.06504335381754822,-0.03793331168550626,3,2025-04-16,2026-01-06,141.0
2025-07-10,dlog_SOLVPN__dlog_DXY,dlog_SOLVPN,dlog_DXY,0.03038028812629336,0.06324277006972102,-0.03286248194342767,3,2025-04-16,2026-01-06,141.0
2025-07-14,dlog_SOLVPN__dlog_DXY,dlog_SOLVPN,dlog_DXY,0.03122171754181365,0.05550161642819624,-0.02427989888638259,3,2025-04-16,2026-01-06,141.0
2025-07-15,dlog_SOLVPN__dlog_DXY,dlog_SOLVPN,dlog_DXY,0.04109474019303748,0.06253331186646052,-0.021438571673423043,3,2025-04-16,2026-01-06,141.0
2025-07-16,dlog_SOLVPN__dlog_DXY,dlog_SOLVPN,dlog_DXY,0.03555762592667865,0.03041861721861429,0.0051390087080643646,3,2025-04-16,2026-01-06,141.0
2025-07-17,dlog_SOLVPN__dlog_DXY,dlog_SOLVPN,dlog_DXY,0.054388059639725796,0.03234081143369931,0.022047248206026486,3,2025-04-16,2026-01-06,141.0
2025-07-21,dlog_SOLVPN__dlog_DXY,dlog_SOLVPN,dlog_DXY,0.027564740990342115,0.0822160261871315,-0.054651285196789384,3,2025-04-16,2026-01-06,141.0
2025-07-22,dlog_SOLVPN__dlog_DXY,dlog_SOLVPN,dlog_DXY,0.025825206059230332,0.024957715886053656,0.0008674901731766764,3,2025-04-16,2026-01-06,141.0
2025-07-23,dlog_SOLVPN__dlog_DXY,dlog_SOLVPN,dlog_DXY,0.029034974048028,0.028516248806154547,0.000518725241873453,3,2025-04-16,2026-01-06,141.0
2025-07-24,dlog_SOLVPN__dlog_DXY,dlog_SOLVPN,dlog_DXY,0.025869875596333844,0.026649888228915578,-0.0007800126325817336,3,2025-04-16,2026-01-06,141.0
2025-07-28,dlog_SOLVPN__dlog_DXY,dlog_SOLVPN,dlog_DXY,0.04965527599780255,0.035227164406868246,0.014428111590934302,3,2025-04-16,2026-01-06,141.0
2025-07-29,dlog_SOLVPN__dlog_DXY,dlog_SOLVPN,dlog_DXY,0.047341596351211004,0.04450677454721987,0.002834821803991132,3,2025-04-16,2026-01-06,141.0
2025-07-30,dlog_SOLVPN__dlog_DXY,dlog_SOLVPN,dlog_DXY,0.05288088359092846,0.022633072838349765,0.030247810752578697,3,2025-04-16,2026-01-06,141.0
2025-07-31,dlog_SOLVPN__dlog_DXY,dlog_SOLVPN,dlog_DXY,0.030889481031792707,0.0775260757926819,-0.0466365947608892,3,2025-04-16,2026-01-06,141.0
2025-08-04,dlog_SOLVPN__dlog_DXY,dlog_SOLVPN,dlog_DXY,0.022302918407409156,0.022761624091112296,-0.00045870568370313947,3,2025-04-16,2026-01-06,141.0
2025-08-05,dlog_SOLVPN__dlog_DXY,dlog_SOLVPN,dlog_DXY,0.02144019324574862,0.022126948624696822,-0.0006867553789482034,3,2025-04-16,2026-01-06,141.0
2025-08-06,dlog_SOLVPN__dlog_DXY,dlog_SOLVPN,dlog_DXY,0.008917644717042683,0.011109587089160931,-0.002191942372118248,3,2025-04-16,2026-01-06,141.0
2025-08-07,dlog_SOLVPN__dlog_DXY,dlog_SOLVPN,dlog_DXY,0.005677530013930353,0.011708551003997971,-0.006031020990067619,3,2025-04-16,2026-01-06,141.0
2025-08-11,dlog_SOLVPN__dlog_DXY,dlog_SOLVPN,dlog_DXY,0.008324880225539422,0.011029748172857871,-0.002704867947318449,3,2025-04-16,2026-01-06,141.0
2025-08-12,dlog_SOLVPN__dlog_DXY,dlog_SOLVPN,dlog_DXY,0.006410707976040762,0.011185402603738697,-0.004774694627697935,3,2025-04-16,2026-01-06,141.0
2025-08-13,dlog_SOLVPN__dlog_DXY,dlog_SOLVPN,dlog_DXY,0.007497472020824612,0.013105463907718553,-0.005607991886893941,3,2025-04-16,2026-01-06,141.0
2025-08-14,dlog_SOLVPN__dlog_DXY,dlog_SOLVPN,dlog_DXY,0.005677060193049764,0.008176908467705602,-0.002499848274655838,3,2025-04-16,2026-01-06,141.0
2025-08-18,dlog_SOLVPN__dlog_DXY,dlog_SOLVPN,dlog_DXY,0.013709134865929288,0.006952275557340941,0.006756859308588347,3,2025-04-16,2026-01-06,141.0
2025-08-19,dlog_SOLVPN__dlog_DXY,dlog_SOLVPN,dlog_DXY,0.014821657014778306,0.010290566598417353,0.004531090416360952,3,2025-04-16,2026-01-06,141.0
2025-08-20,dlog_SOLVPN__dlog_DXY,dlog_SOLVPN,dlog_DXY,0.01514210798843279,0.007992539954032185,0.007149568034400606,3,2025-04-16,2026-01-06,141.0
2025-08-21,dlog_SOLVPN__dlog_DXY,dlog_SOLVPN,dlog_DXY,0.02448063320662986,0.010554607565785131,0.01392602564084473,3,2025-04-16,2026-01-06,141.0
2025-08-25,dlog_SOLVPN__dlog_DXY,dlog_SOLVPN,dlog_DXY,0.08121842951182921,0.01720474298854783,0.06401368652328138,3,2025-04-16,2026-01-06,141.0
2025-08-26,dlog_SOLVPN__dlog_DXY,dlog_SOLVPN,dlog_DXY,0.04900319979059104,0.01171968681728292,0.03728351297330812,3,2025-04-16,2026-01-06,141.0
2025-08-27,dlog_SOLVPN__dlog_DXY,dlog_SOLVPN,dlog_DXY,0.04717045762904894,0.012624527568851867,0.03454593006019707,3,2025-04-16,2026-01-06,141.0
2025-08-28,dlog_SOLVPN__dlog_DXY,dlog_SOLVPN,dlog_DXY,0.03510925525067766,0.015995760384390344,0.019113494866287314,3,2025-04-16,2026-01-06,141.0
2025-09-02,dlog_SOLVPN__dlog_DXY,dlog_SOLVPN,dlog_DXY,0.05685202083160576,0.06489116154804006,-0.008039140716434301,3,2025-04-16,2026-01-06,141.0
2025-09-03,dlog_SOLVPN__dlog_DXY,dlog_SOLVPN,dlog_DXY,0.03795240390187132,0.06888974002071421,-0.03093733611884289,3,2025-04-16,2026-01-06,141.0
2025-09-04,dlog_SOLVPN__dlog_DXY,dlog_SOLVPN,dlog_DXY,0.0385657344424934,0.06356389085799508,-0.024998156415501675,3,2025-04-16,2026-01-06,141.0
2025-09-08,dlog_SOLVPN__dlog_DXY,dlog_SOLVPN,dlog_DXY,0.042082977732623525,0.042170967281294186,-8.798954867066111e-05,3,2025-04-16,2026-01-06,141.0
2025-09-09,dlog_SOLVPN__dlog_DXY,dlog_SOLVPN,dlog_DXY,0.037687021848719054,0.031922810142044566,0.005764211706674488,3,2025-04-16,2026-01-06,141.0
2025-09-10,dlog_SOLVPN__dlog_DXY,dlog_SOLVPN,dlog_DXY,0.0237656700129518,0.00563569109169131,0.01812997892126049,3,2025-04-16,2026-01-06,141.0
2025-09-11,dlog_SOLVPN__dlog_DXY,dlog_SOLVPN,dlog_DXY,0.020390231666318714,0.008033074486329997,0.012357157179988717,3,2025-04-16,2026-01-06,141.0
2025-09-15,dlog_SOLVPN__dlog_DXY,dlog_SOLVPN,dlog_DXY,0.010341583683584865,0.007855812969655497,0.0024857707139293687,3,2025-04-16,2026-01-06,141.0
2025-09-16,dlog_SOLVPN__dlog_DXY,dlog_SOLVPN,dlog_DXY,0.030690626923351606,0.016646035977133548,0.014044590946218058,3,2025-04-16,2026-01-06,141.0
2025-09-17,dlog_SOLVPN__dlog_DXY,dlog_SOLVPN,dlog_DXY,0.027067297666770972,0.0269304857487431,0.00013681191802787304,3,2025-04-16,2026-01-06,141.0
2025-09-18,dlog_SOLVPN__dlog_DXY,dlog_SOLVPN,dlog_DXY,0.02129321561944737,0.03287485552184585,-0.011581639902398484,3,2025-04-16,2026-01-06,141.0
2025-09-22,dlog_SOLVPN__dlog_DXY,dlog_SOLVPN,dlog_DXY,0.033742880597742685,0.009037126136110352,0.024705754461632333,3,2025-04-16,2026-01-06,141.0
2025-09-23,dlog_SOLVPN__dlog_DXY,dlog_SOLVPN,dlog_DXY,0.03103579756732638,0.025578166646468337,0.005457630920858044,3,2025-04-16,2026-01-06,141.0
2025-09-24,dlog_SOLVPN__dlog_DXY,dlog_SOLVPN,dlog_DXY,0.014704484907100884,0.023313569880467844,-0.00860908497336696,3,2025-04-16,2026-01-06,141.0
2025-09-25,dlog_SOLVPN__dlog_DXY,dlog_SOLVPN,dlog_DXY,0.03234251037229826,0.04004867456056192,-0.007706164188263663,3,2025-04-16,2026-01-06,141.0
2025-09-29,dlog_SOLVPN__dlog_DXY,dlog_SOLVPN,dlog_DXY,0.021435877456633102,0.081121950525191,-0.0596860730685579,3,2025-04-16,2026-01-06,141.0
2025-09-30,dlog_SOLVPN__dlog_DXY,dlog_SOLVPN,dlog_DXY,0.03899633251598668,0.0071997376685257,0.03179659484746098,3,2025-04-16,2026-01-06,141.0
2025-10-01,dlog_SOLVPN__dlog_DXY,dlog_SOLVPN,dlog_DXY,0.02326155436265577,0.008657347596402748,0.014604206766253023,3,2025-04-16,2026-01-06,141.0
2025-10-02,dlog_SOLVPN__dlog_DXY,dlog_SOLVPN,dlog_DXY,0.023009667656533006,0.004890922732102228,0.018118744924430778,3,2025-04-16,2026-01-06,141.0
2025-10-06,dlog_SOLVPN__dlog_DXY,dlog_SOLVPN,dlog_DXY,0.027657728070701135,0.006315562804170783,0.021342165266530353,3,2025-04-16,2026-01-06,141.0
2025-10-07,dlog_SOLVPN__dlog_DXY,dlog_SOLVPN,dlog_DXY,0.017361088673699752,0.01409271117589583,0.0032683774978039225,3,2025-04-16,2026-01-06,141.0
2025-10-08,dlog_SOLVPN__dlog_DXY,dlog_SOLVPN,dlog_DXY,0.02228193510397801,0.06506514299396648,-0.042783207889988475,3,2025-04-16,2026-01-06,141.0
2025-10-09,dlog_SOLVPN__dlog_DXY,dlog_SOLVPN,dlog_DXY,0.028882056526904034,0.018574244411220752,0.010307812115683282,3,2025-04-16,2026-01-06,141.0
2025-10-14,dlog_SOLVPN__dlog_DXY,dlog_SOLVPN,dlog_DXY,0.04270411154713211,0.04165090894905916,0.0010532025980729554,3,2025-04-16,2026-01-06,141.0
2025-10-15,dlog_SOLVPN__dlog_DXY,dlog_SOLVPN,dlog_DXY,0.020237831791036394,0.06331158678748704,-0.04307375499645064,3,2025-04-16,2026-01-06,141.0
2025-10-16,dlog_SOLVPN__dlog_DXY,dlog_SOLVPN,dlog_DXY,0.01175694480758622,0.012248045876389923,-0.000491101068803703,3,2025-04-16,2026-01-06,141.0
2025-10-20,dlog_SOLVPN__dlog_DXY,dlog_SOLVPN,dlog_DXY,0.07250495088265492,0.03750865950324747,0.03499629137940745,3,2025-04-16,2026-01-06,141.0
2025-10-21,dlog_SOLVPN__dlog_DXY,dlog_SOLVPN,dlog_DXY,0.05824746297011305,0.04206708426435589,0.016180378705757163,3,2025-04-16,2026-01-06,141.0
2025-10-22,dlog_SOLVPN__dlog_DXY,dlog_SOLVPN,dlog_DXY,0.05260217542153434,0.03633909992561669,0.016263075495917656,3,2025-04-16,2026-01-06,141.0
2025-10-23,dlog_SOLVPN__dlog_DXY,dlog_SOLVPN,dlog_DXY,0.038291145048144314,0.033352723336405446,0.004938421711738868,3,2025-04-16,2026-01-06,141.0
2025-10-27,dlog_SOLVPN__dlog_DXY,dlog_SOLVPN,dlog_DXY,0.06847622471411795,0.02413290115487365,0.044343323559244294,3,2025-04-16,2026-01-06,141.0
2025-10-28,dlog_SOLVPN__dlog_DXY,dlog_SOLVPN,dlog_DXY,0.062149070936217056,0.03207698746422246,0.030072083471994596,3,2025-04-16,2026-01-06,141.0
2025-10-29,dlog_SOLVPN__dlog_DXY,dlog_SOLVPN,dlog_DXY,0.06317837298425905,0.032065747006193426,0.03111262597806562,3,2025-04-16,2026-01-06,141.0
2025-10-30,dlog_SOLVPN__dlog_DXY,dlog_SOLVPN,dlog_DXY,0.06723982910276675,0.02908572799654742,0.038154101106219335,3,2025-04-16,2026-01-06,141.0
2025-11-03,dlog_SOLVPN__dlog_DXY,dlog_SOLVPN,dlog_DXY,0.07093404425087245,0.012281654513910315,0.058652389736962136,3,2025-04-16,2026-01-06,141.0
2025-11-04,dlog_SOLVPN__dlog_DXY,dlog_SOLVPN,dlog_DXY,0.09502285074778274,0.019161956556518884,0.07586089419126386,3,2025-04-16,2026-01-06,141.0
2025-11-05,dlog_SOLVPN__dlog_DXY,dlog_SOLVPN,dlog_DXY,0.08556181765527424,0.01104849822483149,0.07451331943044275,3,2025-04-16,2026-01-06,141.0
2025-11-06,dlog_SOLVPN__dlog_DXY,dlog_SOLVPN,dlog_DXY,0.0996810847004868,0.01045817937056415,0.08922290532992265,3,2025-04-16,2026-01-06,141.0
2025-11-10,dlog_SOLVPN__dlog_DXY,dlog_SOLVPN,dlog_DXY,0.10327458465520839,0.016443075078053256,0.08683150957715513,3,2025-04-16,2026-01-06,141.0
2025-11-12,dlog_SOLVPN__dlog_DXY,dlog_SOLVPN,dlog_DXY,0.10096761940109784,0.021544839536700732,0.07942277986439711,3,2025-04-16,2026-01-06,141.0
2025-11-13,dlog_SOLVPN__dlog_DXY,dlog_SOLVPN,dlog_DXY,0.07942985854644195,0.018824852846508953,0.060605005699933004,3,2025-04-16,2026-01-06,141.0
2025-11-17,dlog_SOLVPN__dlog_DXY,dlog_SOLVPN,dlog_DXY,0.06400350626694058,0.02854544327747457,0.03545806298946601,3,2025-04-16,2026-01-06,141.0
2025-11-18,dlog_SOLVPN__dlog_DXY,dlog_SOLVPN,dlog_DXY,0.051807820866120964,0.045663178149287754,0.00614464271683321,3,2025-04-16,2026-01-06,141.0
2025-11-19,dlog_SOLVPN__dlog_DXY,dlog_SOLVPN,dlog_DXY,0.09926380666009085,0.04763037978107656,0.051633426879014295,3,2025-04-16,2026-01-06,141.0
2025-11-20,dlog_SOLVPN__dlog_DXY,dlog_SOLVPN,dlog_DXY,0.09247191759117332,0.038260152886677945,0.054211764704495374,3,2025-04-16,2026-01-06,141.0
2025-11-24,dlog_SOLVPN__dlog_DXY,dlog_SOLVPN,dlog_DXY,0.058763011345644975,0.051878326301190485,0.00688468504445449,3,2025-04-16,2026-01-06,141.0
2025-11-25,dlog_SOLVPN__dlog_DXY,dlog_SOLVPN,dlog_DXY,0.09706731951647218,0.05405613558784965,0.043011183928622534,3,2025-04-16,2026-01-06,141.0
2025-11-26,dlog_SOLVPN__dlog_DXY,dlog_SOLVPN,dlog_DXY,0.09480428811594958,0.04328239251890408,0.0515218955970455,3,2025-04-16,2026-01-06,141.0
2025-12-01,dlog_SOLVPN__dlog_DXY,dlog_SOLVPN,dlog_DXY,0.10018108402540986,0.06592167052653716,0.034259413498872696,3,2025-04-16,2026-01-06,141.0
2025-12-02,dlog_SOLVPN__dlog_DXY,dlog_SOLVPN,dlog_DXY,0.08395990561724628,0.07275259744596081,0.011207308171285471,3,2025-04-16,2026-01-06,141.0
2025-12-03,dlog_SOLVPN__dlog_DXY,dlog_SOLVPN,dlog_DXY,0.07290571346825367,0.06750623700647908,0.005399476461774591,3,2025-04-16,2026-01-06,141.0
2025-12-04,dlog_SOLVPN__dlog_DXY,dlog_SOLVPN,dlog_DXY,0.0687084299328856,0.08635575781402026,-0.017647327881134656,3,2025-04-16,2026-01-06,141.0
2025-12-08,dlog_SOLVPN__dlog_DXY,dlog_SOLVPN,dlog_DXY,0.0642246121116698,0.056421111157495416,0.007803500954174383,3,2025-04-16,2026-01-06,141.0
2025-12-09,dlog_SOLVPN__dlog_DXY,dlog_SOLVPN,dlog_DXY,0.029850719249553726,0.048807872374373354,-0.018957153124819628,3,2025-04-16,2026-01-06,141.0
2025-12-10,dlog_SOLVPN__dlog_DXY,dlog_SOLVPN,dlog_DXY,0.03178198738985033,0.06339733172983787,-0.03161534433998754,3,2025-04-16,2026-01-06,141.0
2025-12-11,dlog_SOLVPN__dlog_DXY,dlog_SOLVPN,dlog_DXY,0.03056359351329951,0.05475389153991345,-0.024190298026613943,3,2025-04-16,2026-01-06,141.0
2025-12-15,dlog_SOLVPN__dlog_DXY,dlog_SOLVPN,dlog_DXY,0.029794915941755443,0.049646082999875434,-0.01985116705811999,3,2025-04-16,2026-01-06,141.0
2025-12-16,dlog_SOLVPN__dlog_DXY,dlog_SOLVPN,dlog_DXY,0.010087655120772051,0.06758426979023097,-0.05749661466945891,3,2025-04-16,2026-01-06,141.0
2025-12-17,dlog_SOLVPN__dlog_DXY,dlog_SOLVPN,dlog_DXY,0.017014507009762477,0.04364041794348144,-0.026625910933718962,3,2025-04-16,2026-01-06,141.0
2025-12-18,dlog_SOLVPN__dlog_DXY,dlog_SOLVPN,dlog_DXY,0.029197238870049835,0.03531698935833606,-0.006119750488286228,3,2025-04-16,2026-01-06,141.0
2025-12-22,dlog_SOLVPN__dlog_DXY,dlog_SOLVPN,dlog_DXY,0.026661154292051743,0.04607456800760865,-0.01941341371555691,3,2025-04-16,2026-01-06,141.0
2025-12-23,dlog_SOLVPN__dlog_DXY,dlog_SOLVPN,dlog_DXY,0.03304889997316058,0.02802973664495335,0.005019163328207229,3,2025-04-16,2026-01-06,141.0
2025-12-29,dlog_SOLVPN__dlog_DXY,dlog_SOLVPN,dlog_DXY,0.03526538523849628,0.010339417952306936,0.024925967286189343,3,2025-04-16,2026-01-06,141.0
2025-12-30,dlog_SOLVPN__dlog_DXY,dlog_SOLVPN,dlog_DXY,0.04587583767242122,0.01194428553442156,0.03393155213799966,3,2025-04-16,2026-01-06,141.0
2026-01-05,dlog_SOLVPN__dlog_DXY,dlog_SOLVPN,dlog_DXY,0.03999250380957316,0.014407764791781482,0.025584739017791673,3,2025-04-16,2026-01-06,141.0
2026-01-06,dlog_SOLVPN__dlog_DXY,dlog_SOLVPN,dlog_DXY,0.021275414490102312,0.00974255164671361,0.011532862843388702,3,2025-04-16,2026-01-06,141.0
2022-12-05,dlog_SOLVPN__dlog_OIL,dlog_SOLVPN,dlog_OIL,0.03031268319745375,0.004628003244788544,0.025684679952665206,0,2022-12-01,2023-10-30,180.0
2022-12-06,dlog_SOLVPN__dlog_OIL,dlog_SOLVPN,dlog_OIL,0.03710484778726607,0.061282341440200165,-0.024177493652934097,0,2022-12-01,2023-10-30,180.0
2022-12-07,dlog_SOLVPN__dlog_OIL,dlog_SOLVPN,dlog_OIL,0.1601875294838814,0.3177333385061732,-0.1575458090222918,0,2022-12-01,2023-10-30,180.0
2022-12-08,dlog_SOLVPN__dlog_OIL,dlog_SOLVPN,dlog_OIL,0.15519111922292622,0.04535048304519485,0.10984063617773138,0,2022-12-01,2023-10-30,180.0
2022-12-12,dlog_SOLVPN__dlog_OIL,dlog_SOLVPN,dlog_OIL,0.1590256530422781,0.030819083018570975,0.1282065700237071,0,2022-12-01,2023-10-30,180.0
2022-12-13,dlog_SOLVPN__dlog_OIL,dlog_SOLVPN,dlog_OIL,0.20155663292253986,0.16012535589183477,0.041431277030705094,0,2022-12-01,2023-10-30,180.0
2022-12-14,dlog_SOLVPN__dlog_OIL,dlog_SOLVPN,dlog_OIL,0.14040231020579733,0.0669558454044495,0.07344646480134782,0,2022-12-01,2023-10-30,180.0
2022-12-15,dlog_SOLVPN__dlog_OIL,dlog_SOLVPN,dlog_OIL,0.11790203307887873,0.07603794088258453,0.041864092196294195,0,2022-12-01,2023-10-30,180.0
2022-12-19,dlog_SOLVPN__dlog_OIL,dlog_SOLVPN,dlog_OIL,0.14851977815744088,0.025693867380802635,0.12282591077663825,0,2022-12-01,2023-10-30,180.0
2022-12-20,dlog_SOLVPN__dlog_OIL,dlog_SOLVPN,dlog_OIL,0.12349679157252248,0.07930481746582471,0.04419197410669777,0,2022-12-01,2023-10-30,180.0
2022-12-21,dlog_SOLVPN__dlog_OIL,dlog_SOLVPN,dlog_OIL,0.13320184347803632,0.14767665152438042,-0.014474808046344101,0,2022-12-01,2023-10-30,180.0
2022-12-22,dlog_SOLVPN__dlog_OIL,dlog_SOLVPN,dlog_OIL,0.09132363193216363,0.08491023157976792,0.0064134003523957095,0,2022-12-01,2023-10-30,180.0
2022-12-27,dlog_SOLVPN__dlog_OIL,dlog_SOLVPN,dlog_OIL,0.02196136163866463,0.03458306213150909,-0.012621700492844463,0,2022-12-01,2023-10-30,180.0
2022-12-28,dlog_SOLVPN__dlog_OIL,dlog_SOLVPN,dlog_OIL,0.04261330349546629,0.052394277622706424,-0.009780974127240133,0,2022-12-01,2023-10-30,180.0
2022-12-29,dlog_SOLVPN__dlog_OIL,dlog_SOLVPN,dlog_OIL,0.11667295952496544,0.062328484240975784,0.054344475283989654,0,2022-12-01,2023-10-30,180.0
2023-01-03,dlog_SOLVPN__dlog_OIL,dlog_SOLVPN,dlog_OIL,0.025294902616350937,0.050182892760668694,-0.024887990144317758,0,2022-12-01,2023-10-30,180.0
2023-01-04,dlog_SOLVPN__dlog_OIL,dlog_SOLVPN,dlog_OIL,0.057609297359548825,0.12982689378068313,-0.0722175964211343,0,2022-12-01,2023-10-30,180.0
2023-01-05,dlog_SOLVPN__dlog_OIL,dlog_SOLVPN,dlog_OIL,0.10566878601139998,0.01979672143519764,0.08587206457620233,0,2022-12-01,2023-10-30,180.0
2023-01-09,dlog_SOLVPN__dlog_OIL,dlog_SOLVPN,dlog_OIL,0.020388411808005973,0.029637541556006095,-0.009249129748000122,0,2022-12-01,2023-10-30,180.0
2023-01-10,dlog_SOLVPN__dlog_OIL,dlog_SOLVPN,dlog_OIL,0.012043464786997297,0.020354327386072905,-0.008310862599075607,0,2022-12-01,2023-10-30,180.0
2023-01-11,dlog_SOLVPN__dlog_OIL,dlog_SOLVPN,dlog_OIL,0.05335619370170454,0.024752994383556517,0.02860319931814802,0,2022-12-01,2023-10-30,180.0
2023-01-12,dlog_SOLVPN__dlog_OIL,dlog_SOLVPN,dlog_OIL,0.019088191047886303,0.031630767051599944,-0.01254257600371364,0,2022-12-01,2023-10-30,180.0
2023-01-17,dlog_SOLVPN__dlog_OIL,dlog_SOLVPN,dlog_OIL,0.027498420904887307,0.019145791953075794,0.008352628951811512,0,2022-12-01,2023-10-30,180.0
2023-01-18,dlog_SOLVPN__dlog_OIL,dlog_SOLVPN,dlog_OIL,0.026118739171925715,0.024512667239961063,0.0016060719319646519,0,2022-12-01,2023-10-30,180.0
2023-01-19,dlog_SOLVPN__dlog_OIL,dlog_SOLVPN,dlog_OIL,0.02994086518176513,0.03704200040208028,-0.007101135220315146,0,2022-12-01,2023-10-30,180.0
2023-01-23,dlog_SOLVPN__dlog_OIL,dlog_SOLVPN,dlog_OIL,0.02694100694251412,0.0381120281035854,-0.011171021161071285,0,2022-12-01,2023-10-30,180.0
2023-01-24,dlog_SOLVPN__dlog_OIL,dlog_SOLVPN,dlog_OIL,0.02406706901388716,0.03420057811173652,-0.01013350909784936,0,2022-12-01,2023-10-30,180.0
2023-01-25,dlog_SOLVPN__dlog_OIL,dlog_SOLVPN,dlog_OIL,0.024053538279704318,0.03030557007774273,-0.006252031798038411,0,2022-12-01,2023-10-30,180.0
2023-01-26,dlog_SOLVPN__dlog_OIL,dlog_SOLVPN,dlog_OIL,0.025829967570856958,0.03706156254991697,-0.011231594979060015,0,2022-12-01,2023-10-30,180.0
2023-01-30,dlog_SOLVPN__dlog_OIL,dlog_SOLVPN,dlog_OIL,0.0406664468051466,0.03569706594029413,0.00496938086485247,0,2022-12-01,2023-10-30,180.0
2023-01-31,dlog_SOLVPN__dlog_OIL,dlog_SOLVPN,dlog_OIL,0.06685131553559773,0.0379478733050087,0.02890344223058903,0,2022-12-01,2023-10-30,180.0
2023-02-01,dlog_SOLVPN__dlog_OIL,dlog_SOLVPN,dlog_OIL,0.1103700667597906,0.03139073723580282,0.07897932952398778,0,2022-12-01,2023-10-30,180.0
2023-02-02,dlog_SOLVPN__dlog_OIL,dlog_SOLVPN,dlog_OIL,0.20696595062441916,0.021667755793905032,0.18529819483051413,0,2022-12-01,2023-10-30,180.0
2023-02-06,dlog_SOLVPN__dlog_OIL,dlog_SOLVPN,dlog_OIL,0.12178325589410517,0.0188120720526613,0.10297118384144387,0,2022-12-01,2023-10-30,180.0
2023-02-07,dlog_SOLVPN__dlog_OIL,dlog_SOLVPN,dlog_OIL,0.11793139112989261,0.0016102569745998889,0.11632113415529272,0,2022-12-01,2023-10-30,180.0
2023-02-08,dlog_SOLVPN__dlog_OIL,dlog_SOLVPN,dlog_OIL,0.09064015475155651,0.0061296541553971596,0.08451050059615935,0,2022-12-01,2023-10-30,180.0
2023-02-09,dlog_SOLVPN__dlog_OIL,dlog_SOLVPN,dlog_OIL,0.10162400355548919,0.0018175759682890497,0.09980642758720014,0,2022-12-01,2023-10-30,180.0
2023-02-13,dlog_SOLVPN__dlog_OIL,dlog_SOLVPN,dlog_OIL,0.08320393102200387,0.0017873840660042337,0.08141654695599963,0,2022-12-01,2023-10-30,180.0
2023-02-14,dlog_SOLVPN__dlog_OIL,dlog_SOLVPN,dlog_OIL,0.09563576949552412,0.0025052499349790436,0.09313051956054508,0,2022-12-01,2023-10-30,180.0
2023-02-15,dlog_SOLVPN__dlog_OIL,dlog_SOLVPN,dlog_OIL,0.0760793165778732,0.002873531834863826,0.07320578474300937,0,2022-12-01,2023-10-30,180.0
2023-02-16,dlog_SOLVPN__dlog_OIL,dlog_SOLVPN,dlog_OIL,0.07974805782015237,0.0025738682559281207,0.07717418956422425,0,2022-12-01,2023-10-30,180.0
2023-02-21,dlog_SOLVPN__dlog_OIL,dlog_SOLVPN,dlog_OIL,0.07967658081937183,0.0065765411591787015,0.07310003966019313,0,2022-12-01,2023-10-30,180.0
2023-02-22,dlog_SOLVPN__dlog_OIL,dlog_SOLVPN,dlog_OIL,0.008405483721644687,0.008194086829592046,0.00021139689205264094,0,2022-12-01,2023-10-30,180.0
2023-02-23,dlog_SOLVPN__dlog_OIL,dlog_SOLVPN,dlog_OIL,0.02451844764029487,0.019542161142478674,0.004976286497816198,0,2022-12-01,2023-10-30,180.0
2023-02-27,dlog_SOLVPN__dlog_OIL,dlog_SOLVPN,dlog_OIL,0.02184528893308694,0.022157808621621058,-0.0003125196885341193,0,2022-12-01,2023-10-30,180.0
2023-02-28,dlog_SOLVPN__dlog_OIL,dlog_SOLVPN,dlog_OIL,0.025135179868747602,0.021911001438990378,0.003224178429757224,0,2022-12-01,2023-10-30,180.0
2023-03-01,dlog_SOLVPN__dlog_OIL,dlog_SOLVPN,dlog_OIL,0.027480276824100633,0.026647506861995886,0.0008327699621047471,0,2022-12-01,2023-10-30,180.0
2023-03-02,dlog_SOLVPN__dlog_OIL,dlog_SOLVPN,dlog_OIL,0.027713003808232252,0.009854417828182445,0.01785858598004981,0,2022-12-01,2023-10-30,180.0
2023-03-06,dlog_SOLVPN__dlog_OIL,dlog_SOLVPN,dlog_OIL,0.023076779659891612,0.011107152100728645,0.011969627559162968,0,2022-12-01,2023-10-30,180.0
2023-03-07,dlog_SOLVPN__dlog_OIL,dlog_SOLVPN,dlog_OIL,0.029909974457779865,0.035135999935656005,-0.00522602547787614,0,2022-12-01,2023-10-30,180.0
2023-03-08,dlog_SOLVPN__dlog_OIL,dlog_SOLVPN,dlog_OIL,0.058553255831617745,0.03560990623766899,0.022943349593948753,0,2022-12-01,2023-10-30,180.0
2023-03-09,dlog_SOLVPN__dlog_OIL,dlog_SOLVPN,dlog_OIL,0.039792406122195326,0.028720870292484133,0.011071535829711193,0,2022-12-01,2023-10-30,180.0
2023-03-13,dlog_SOLVPN__dlog_OIL,dlog_SOLVPN,dlog_OIL,0.03073358590499611,0.04342616674165874,-0.012692580836662627,0,2022-12-01,2023-10-30,180.0
2023-03-14,dlog_SOLVPN__dlog_OIL,dlog_SOLVPN,dlog_OIL,0.034304671709879574,0.02809856025523557,0.006206111454644003,0,2022-12-01,2023-10-30,180.0
2023-03-15,dlog_SOLVPN__dlog_OIL,dlog_SOLVPN,dlog_OIL,0.013121035591697574,0.05925836420267537,-0.046137328610977794,0,2022-12-01,2023-10-30,180.0
2023-03-16,dlog_SOLVPN__dlog_OIL,dlog_SOLVPN,dlog_OIL,0.007366275820068246,0.027776622497993567,-0.020410346677925323,0,2022-12-01,2023-10-30,180.0
2023-03-20,dlog_SOLVPN__dlog_OIL,dlog_SOLVPN,dlog_OIL,0.0059448181039569075,0.026382696030843096,-0.02043787792688619,0,2022-12-01,2023-10-30,180.0
2023-03-21,dlog_SOLVPN__dlog_OIL,dlog_SOLVPN,dlog_OIL,0.007172873919635155,0.03966296857790017,-0.032490094658265016,0,2022-12-01,2023-10-30,180.0
2023-03-22,dlog_SOLVPN__dlog_OIL,dlog_SOLVPN,dlog_OIL,0.010734137705224139,0.04164305034314864,-0.0309089126379245,0,2022-12-01,2023-10-30,180.0
2023-03-23,dlog_SOLVPN__dlog_OIL,dlog_SOLVPN,dlog_OIL,0.004802162557288977,0.04034453307938621,-0.03554237052209723,0,2022-12-01,2023-10-30,180.0
2023-03-27,dlog_SOLVPN__dlog_OIL,dlog_SOLVPN,dlog_OIL,0.0062749524128325315,0.03305925264108719,-0.026784300228254655,0,2022-12-01,2023-10-30,180.0
2023-03-28,dlog_SOLVPN__dlog_OIL,dlog_SOLVPN,dlog_OIL,0.005444500193389704,0.027703109676453844,-0.02225860948306414,0,2022-12-01,2023-10-30,180.0
2023-03-29,dlog_SOLVPN__dlog_OIL,dlog_SOLVPN,dlog_OIL,0.005512152285271787,0.02647548954623869,-0.020963337260966903,0,2022-12-01,2023-10-30,180.0
2023-03-30,dlog_SOLVPN__dlog_OIL,dlog_SOLVPN,dlog_OIL,0.012258164500471572,0.018530670498734598,-0.0062725059982630255,0,2022-12-01,2023-10-30,180.0
2023-04-03,dlog_SOLVPN__dlog_OIL,dlog_SOLVPN,dlog_OIL,0.1309012302495376,0.02044809123227688,0.11045313901726071,0,2022-12-01,2023-10-30,180.0
2023-04-04,dlog_SOLVPN__dlog_OIL,dlog_SOLVPN,dlog_OIL,0.10169072721657561,0.052171935932256316,0.0495187912843193,0,2022-12-01,2023-10-30,180.0
2023-04-05,dlog_SOLVPN__dlog_OIL,dlog_SOLVPN,dlog_OIL,0.09775760651247667,0.02797142046626282,0.06978618604621385,0,2022-12-01,2023-10-30,180.0
2023-04-10,dlog_SOLVPN__dlog_OIL,dlog_SOLVPN,dlog_OIL,0.09046208116961246,0.0268593525582192,0.06360272861139327,0,2022-12-01,2023-10-30,180.0
2023-04-11,dlog_SOLVPN__dlog_OIL,dlog_SOLVPN,dlog_OIL,0.12181314373755839,0.0512769342258307,0.07053620951172769,0,2022-12-01,2023-10-30,180.0
2023-04-12,dlog_SOLVPN__dlog_OIL,dlog_SOLVPN,dlog_OIL,0.12173136542854018,0.048069964559607783,0.0736614008689324,0,2022-12-01,2023-10-30,180.0
2023-04-13,dlog_SOLVPN__dlog_OIL,dlog_SOLVPN,dlog_OIL,0.1204089534455076,0.027050509477228743,0.09335844396827886,0,2022-12-01,2023-10-30,180.0
2023-04-17,dlog_SOLVPN__dlog_OIL,dlog_SOLVPN,dlog_OIL,0.08298873687281803,0.04693112777046725,0.036057609102350785,0,2022-12-01,2023-10-30,180.0
2023-04-18,dlog_SOLVPN__dlog_OIL,dlog_SOLVPN,dlog_OIL,0.08445308641741446,0.04383959388957106,0.0406134925278434,0,2022-12-01,2023-10-30,180.0
2023-04-19,dlog_SOLVPN__dlog_OIL,dlog_SOLVPN,dlog_OIL,0.08054404744181148,0.040255472876756404,0.04028857456505508,0,2022-12-01,2023-10-30,180.0
2023-04-20,dlog_SOLVPN__dlog_OIL,dlog_SOLVPN,dlog_OIL,0.1208822583795593,0.013594753771968691,0.1072875046075906,0,2022-12-01,2023-10-30,180.0
2023-04-24,dlog_SOLVPN__dlog_OIL,dlog_SOLVPN,dlog_OIL,0.0371610995265814,0.010675142768863955,0.026485956757717442,0,2022-12-01,2023-10-30,180.0
2023-04-25,dlog_SOLVPN__dlog_OIL,dlog_SOLVPN,dlog_OIL,0.03215748577810533,0.012495520778262369,0.019661964999842962,0,2022-12-01,2023-10-30,180.0
2023-04-26,dlog_SOLVPN__dlog_OIL,dlog_SOLVPN,dlog_OIL,0.12381971410878491,0.009426886940466688,0.11439282716831822,0,2022-12-01,2023-10-30,180.0
2023-04-27,dlog_SOLVPN__dlog_OIL,dlog_SOLVPN,dlog_OIL,0.11416937481461335,0.04603407812316911,0.06813529669144425,0,2022-12-01,2023-10-30,180.0
2023-05-01,dlog_SOLVPN__dlog_OIL,dlog_SOLVPN,dlog_OIL,0.03811992285066858,0.06541569994793042,-0.027295777097261845,0,2022-12-01,2023-10-30,180.0
2023-05-02,dlog_SOLVPN__dlog_OIL,dlog_SOLVPN,dlog_OIL,0.08748153041607,0.0497050903088003,0.0377764401072697,0,2022-12-01,2023-10-30,180.0
2023-05-03,dlog_SOLVPN__dlog_OIL,dlog_SOLVPN,dlog_OIL,0.1668753682956215,0.06422602623025157,0.10264934206536992,0,2022-12-01,2023-10-30,180.0
2023-05-04,dlog_SOLVPN__dlog_OIL,dlog_SOLVPN,dlog_OIL,0.15218451814943498,0.061598740860138924,0.09058577728929607,0,2022-12-01,2023-10-30,180.0
2023-05-08,dlog_SOLVPN__dlog_OIL,dlog_SOLVPN,dlog_OIL,0.15646179479293362,0.05823198606541008,0.09822980872752354,0,2022-12-01,2023-10-30,180.0
2023-05-09,dlog_SOLVPN__dlog_OIL,dlog_SOLVPN,dlog_OIL,0.1644992950654806,0.0572971065649507,0.10720218850052991,0,2022-12-01,2023-10-30,180.0
2023-05-10,dlog_SOLVPN__dlog_OIL,dlog_SOLVPN,dlog_OIL,0.1703396597414184,0.050085374467296065,0.12025428527412234,0,2022-12-01,2023-10-30,180.0
2023-05-11,dlog_SOLVPN__dlog_OIL,dlog_SOLVPN,dlog_OIL,0.12614175696424756,0.06615790722394048,0.059983849740307085,0,2022-12-01,2023-10-30,180.0
2023-05-15,dlog_SOLVPN__dlog_OIL,dlog_SOLVPN,dlog_OIL,0.11348024160337707,0.06739002431289058,0.046090217290486485,0,2022-12-01,2023-10-30,180.0
2023-05-16,dlog_SOLVPN__dlog_OIL,dlog_SOLVPN,dlog_OIL,0.12280122491664737,0.0677951114453594,0.055006113471287976,0,2022-12-01,2023-10-30,180.0
2023-05-17,dlog_SOLVPN__dlog_OIL,dlog_SOLVPN,dlog_OIL,0.07923652487125929,0.08557174305195357,-0.0063352181806942826,0,2022-12-01,2023-10-30,180.0
2023-05-18,dlog_SOLVPN__dlog_OIL,dlog_SOLVPN,dlog_OIL,0.07116176440846338,0.07127972696403966,-0.00011796255557627866,0,2022-12-01,2023-10-30,180.0
2023-05-22,dlog_SOLVPN__dlog_OIL,dlog_SOLVPN,dlog_OIL,0.08058146259687701,0.08081178863613486,-0.0002303260392578499,0,2022-12-01,2023-10-30,180.0
2023-05-23,dlog_SOLVPN__dlog_OIL,dlog_SOLVPN,dlog_OIL,0.07846300051214407,0.07927554695995631,-0.0008125464478122429,0,2022-12-01,2023-10-30,180.0
2023-05-24,dlog_SOLVPN__dlog_OIL,dlog_SOLVPN,dlog_OIL,0.05333939856668325,0.06743455354532983,-0.014095154978646579,0,2022-12-01,2023-10-30,180.0
2023-05-25,dlog_SOLVPN__dlog_OIL,dlog_SOLVPN,dlog_OIL,0.03332615854664049,0.04231404178369685,-0.008987883237056356,0,2022-12-01,2023-10-30,180.0
2023-05-30,dlog_SOLVPN__dlog_OIL,dlog_SOLVPN,dlog_OIL,0.0103637231928674,0.04004879796797946,-0.029685074775112057,0,2022-12-01,2023-10-30,180.0
2023-05-31,dlog_SOLVPN__dlog_OIL,dlog_SOLVPN,dlog_OIL,0.008123259297333698,0.03738476428881966,-0.029261504991485957,0,2022-12-01,2023-10-30,180.0
2023-06-01,dlog_SOLVPN__dlog_OIL,dlog_SOLVPN,dlog_OIL,0.013492752025178667,0.06449043041662597,-0.0509976783914473,0,2022-12-01,2023-10-30,180.0
2023-06-05,dlog_SOLVPN__dlog_OIL,dlog_SOLVPN,dlog_OIL,0.016312218367530565,0.04082914167598207,-0.024516923308451503,0,2022-12-01,2023-10-30,180.0
2023-06-06,dlog_SOLVPN__dlog_OIL,dlog_SOLVPN,dlog_OIL,0.01593911278871081,0.036575744813394484,-0.020636632024683674,0,2022-12-01,2023-10-30,180.0
2023-06-07,dlog_SOLVPN__dlog_OIL,dlog_SOLVPN,dlog_OIL,0.014945537076822968,0.03015945612881681,-0.015213919051993841,0,2022-12-01,2023-10-30,180.0
2023-06-08,dlog_SOLVPN__dlog_OIL,dlog_SOLVPN,dlog_OIL,0.01614968640831221,0.04145325297907528,-0.025303566570763072,0,2022-12-01,2023-10-30,180.0
2023-06-12,dlog_SOLVPN__dlog_OIL,dlog_SOLVPN,dlog_OIL,0.004260392003033783,0.04053825894408668,-0.036277866941052894,0,2022-12-01,2023-10-30,180.0
2023-06-13,dlog_SOLVPN__dlog_OIL,dlog_SOLVPN,dlog_OIL,0.008872143559179377,0.08618843304189902,-0.07731628948271964,0,2022-12-01,2023-10-30,180.0
2023-06-14,dlog_SOLVPN__dlog_OIL,dlog_SOLVPN,dlog_OIL,0.006637605308480111,0.014054682289710418,-0.007417076981230307,0,2022-12-01,2023-10-30,180.0
2023-06-15,dlog_SOLVPN__dlog_OIL,dlog_SOLVPN,dlog_OIL,0.016237830502758677,0.01058831754472186,0.005649512958036817,0,2022-12-01,2023-10-30,180.0
2023-06-20,dlog_SOLVPN__dlog_OIL,dlog_SOLVPN,dlog_OIL,0.02079842590264935,0.043510501234352086,-0.022712075331702736,0,2022-12-01,2023-10-30,180.0
2023-06-21,dlog_SOLVPN__dlog_OIL,dlog_SOLVPN,dlog_OIL,0.0067182670158519925,0.014040996811468144,-0.007322729795616152,0,2022-12-01,2023-10-30,180.0
2023-06-22,dlog_SOLVPN__dlog_OIL,dlog_SOLVPN,dlog_OIL,0.03582015484111337,0.02499528190074179,0.010824872940371582,0,2022-12-01,2023-10-30,180.0
2023-06-26,dlog_SOLVPN__dlog_OIL,dlog_SOLVPN,dlog_OIL,0.01567122357256637,0.017993117988586677,-0.0023218944160203064,0,2022-12-01,2023-10-30,180.0
2023-06-27,dlog_SOLVPN__dlog_OIL,dlog_SOLVPN,dlog_OIL,0.011240929160082977,0.02304606091154738,-0.011805131751464403,0,2022-12-01,2023-10-30,180.0
2023-06-28,dlog_SOLVPN__dlog_OIL,dlog_SOLVPN,dlog_OIL,0.02368975261661506,0.024553941339215544,-0.0008641887226004848,0,2022-12-01,2023-10-30,180.0
2023-06-29,dlog_SOLVPN__dlog_OIL,dlog_SOLVPN,dlog_OIL,0.026775555840149717,0.010783736978805032,0.015991818861344684,0,2022-12-01,2023-10-30,180.0
2023-07-03,dlog_SOLVPN__dlog_OIL,dlog_SOLVPN,dlog_OIL,0.016862943844515515,0.008912756457619157,0.007950187386896358,0,2022-12-01,2023-10-30,180.0
2023-07-05,dlog_SOLVPN__dlog_OIL,dlog_SOLVPN,dlog_OIL,0.03069413409281222,0.00881354187831754,0.021880592214494683,0,2022-12-01,2023-10-30,180.0
2023-07-06,dlog_SOLVPN__dlog_OIL,dlog_SOLVPN,dlog_OIL,0.05146270817343622,0.05323843408934841,-0.0017757259159121921,0,2022-12-01,2023-10-30,180.0
2023-07-10,dlog_SOLVPN__dlog_OIL,dlog_SOLVPN,dlog_OIL,0.0350581965483013,0.057825390615825666,-0.022767194067524366,0,2022-12-01,2023-10-30,180.0
2023-07-11,dlog_SOLVPN__dlog_OIL,dlog_SOLVPN,dlog_OIL,0.03179144727497233,0.06548183973921422,-0.03369039246424189,0,2022-12-01,2023-10-30,180.0
2023-07-12,dlog_SOLVPN__dlog_OIL,dlog_SOLVPN,dlog_OIL,0.04135794590996904,0.026321930925661124,0.015036014984307913,0,2022-12-01,2023-10-30,180.0
2023-07-13,dlog_SOLVPN__dlog_OIL,dlog_SOLVPN,dlog_OIL,0.0574309949260014,0.022426756891389288,0.03500423803461211,0,2022-12-01,2023-10-30,180.0
2023-07-17,dlog_SOLVPN__dlog_OIL,dlog_SOLVPN,dlog_OIL,0.026776542306477434,0.06568288901362947,-0.03890634670715203,0,2022-12-01,2023-10-30,180.0
2023-07-18,dlog_SOLVPN__dlog_OIL,dlog_SOLVPN,dlog_OIL,0.02634280543266724,0.05079754999645994,-0.0244547445637927,0,2022-12-01,2023-10-30,180.0
2023-07-19,dlog_SOLVPN__dlog_OIL,dlog_SOLVPN,dlog_OIL,0.02478026299545172,0.043605303486041455,-0.018825040490589737,0,2022-12-01,2023-10-30,180.0
2023-07-20,dlog_SOLVPN__dlog_OIL,dlog_SOLVPN,dlog_OIL,0.03165110504350971,0.022948869271028745,0.008702235772480964,0,2022-12-01,2023-10-30,180.0
2023-07-24,dlog_SOLVPN__dlog_OIL,dlog_SOLVPN,dlog_OIL,0.038801387740221356,0.058258302617264904,-0.019456914877043548,0,2022-12-01,2023-10-30,180.0
2023-07-25,dlog_SOLVPN__dlog_OIL,dlog_SOLVPN,dlog_OIL,0.039136167693460976,0.05154012910324079,-0.012403961409779812,0,2022-12-01,2023-10-30,180.0
2023-07-26,dlog_SOLVPN__dlog_OIL,dlog_SOLVPN,dlog_OIL,0.04014625723628992,0.041844747047150674,-0.001698489810860751,0,2022-12-01,2023-10-30,180.0
2023-07-27,dlog_SOLVPN__dlog_OIL,dlog_SOLVPN,dlog_OIL,0.030605204461003142,0.026201549530134535,0.004403654930868608,0,2022-12-01,2023-10-30,180.0
2023-07-31,dlog_SOLVPN__dlog_OIL,dlog_SOLVPN,dlog_OIL,0.02834946058565433,0.033900546253379314,-0.005551085667724984,0,2022-12-01,2023-10-30,180.0
2023-08-01,dlog_SOLVPN__dlog_OIL,dlog_SOLVPN,dlog_OIL,0.033575397338781156,0.032939128621317176,0.0006362687174639794,0,2022-12-01,2023-10-30,180.0
2023-08-02,dlog_SOLVPN__dlog_OIL,dlog_SOLVPN,dlog_OIL,0.031486558935752924,0.01605329336681928,0.015433265568933645,0,2022-12-01,2023-10-30,180.0
2023-08-03,dlog_SOLVPN__dlog_OIL,dlog_SOLVPN,dlog_OIL,0.02072123805574741,0.041472523757998904,-0.020751285702251494,0,2022-12-01,2023-10-30,180.0
2023-08-07,dlog_SOLVPN__dlog_OIL,dlog_SOLVPN,dlog_OIL,0.025324611758736768,0.02568559608530729,-0.0003609843265705223,0,2022-12-01,2023-10-30,180.0
2023-08-08,dlog_SOLVPN__dlog_OIL,dlog_SOLVPN,dlog_OIL,0.026097216747419754,0.035501239834981484,-0.00940402308756173,0,2022-12-01,2023-10-30,180.0
2023-08-09,dlog_SOLVPN__dlog_OIL,dlog_SOLVPN,dlog_OIL,0.03111245279620623,0.037839595398993044,-0.006727142602786812,0,2022-12-01,2023-10-30,180.0
2023-08-10,dlog_SOLVPN__dlog_OIL,dlog_SOLVPN,dlog_OIL,0.02484099902520893,0.03215820859336309,-0.007317209568154157,0,2022-12-01,2023-10-30,180.0
2023-08-14,dlog_SOLVPN__dlog_OIL,dlog_SOLVPN,dlog_OIL,0.02557186907133525,0.030042444592883567,-0.004470575521548316,0,2022-12-01,2023-10-30,180.0
2023-08-15,dlog_SOLVPN__dlog_OIL,dlog_SOLVPN,dlog_OIL,0.02626946523360103,0.0328064541997473,-0.006536988966146271,0,2022-12-01,2023-10-30,180.0
2023-08-16,dlog_SOLVPN__dlog_OIL,dlog_SOLVPN,dlog_OIL,0.008144129782405723,0.04216673160974882,-0.034022601827343096,0,2022-12-01,2023-10-30,180.0
2023-08-17,dlog_SOLVPN__dlog_OIL,dlog_SOLVPN,dlog_OIL,0.013701895710011918,0.03919660209935037,-0.025494706389338456,0,2022-12-01,2023-10-30,180.0
2023-08-21,dlog_SOLVPN__dlog_OIL,dlog_SOLVPN,dlog_OIL,0.013360007405125272,0.053755565009711286,-0.04039555760458601,0,2022-12-01,2023-10-30,180.0
2023-08-22,dlog_SOLVPN__dlog_OIL,dlog_SOLVPN,dlog_OIL,0.013755825660445234,0.0514185449488368,-0.037662719288391565,0,2022-12-01,2023-10-30,180.0
2023-08-23,dlog_SOLVPN__dlog_OIL,dlog_SOLVPN,dlog_OIL,0.02938101317991198,0.011336172092100876,0.018044841087811105,0,2022-12-01,2023-10-30,180.0
2023-08-24,dlog_SOLVPN__dlog_OIL,dlog_SOLVPN,dlog_OIL,0.016997270414640473,0.03891377466007402,-0.02191650424543355,0,2022-12-01,2023-10-30,180.0
2023-08-28,dlog_SOLVPN__dlog_OIL,dlog_SOLVPN,dlog_OIL,0.01911333558531403,0.04073965030843551,-0.02162631472312148,0,2022-12-01,2023-10-30,180.0
2023-08-29,dlog_SOLVPN__dlog_OIL,dlog_SOLVPN,dlog_OIL,0.01611527182386372,0.04314147438570138,-0.02702620256183766,0,2022-12-01,2023-10-30,180.0
2023-08-30,dlog_SOLVPN__dlog_OIL,dlog_SOLVPN,dlog_OIL,0.006206020485030084,0.04601868208747465,-0.039812661602444566,0,2022-12-01,2023-10-30,180.0
2023-08-31,dlog_SOLVPN__dlog_OIL,dlog_SOLVPN,dlog_OIL,0.013126250829981596,0.04637839085857891,-0.03325214002859731,0,2022-12-01,2023-10-30,180.0
2023-09-05,dlog_SOLVPN__dlog_OIL,dlog_SOLVPN,dlog_OIL,0.02002086908009815,0.025460380058851904,-0.005439510978753753,0,2022-12-01,2023-10-30,180.0
2023-09-06,dlog_SOLVPN__dlog_OIL,dlog_SOLVPN,dlog_OIL,0.017703787258380753,0.012304529920495366,0.005399257337885387,0,2022-12-01,2023-10-30,180.0
2023-09-07,dlog_SOLVPN__dlog_OIL,dlog_SOLVPN,dlog_OIL,0.02220594984381471,0.01448846369528539,0.007717486148529322,0,2022-12-01,2023-10-30,180.0
2023-09-11,dlog_SOLVPN__dlog_OIL,dlog_SOLVPN,dlog_OIL,0.026674667689302285,0.010345655858858483,0.0163290118304438,0,2022-12-01,2023-10-30,180.0
2023-09-12,dlog_SOLVPN__dlog_OIL,dlog_SOLVPN,dlog_OIL,0.03560488401106181,0.010487922038379208,0.0251169619726826,0,2022-12-01,2023-10-30,180.0
2023-09-13,dlog_SOLVPN__dlog_OIL,dlog_SOLVPN,dlog_OIL,0.0325174799995794,0.01030273721847523,0.02221474278110417,0,2022-12-01,2023-10-30,180.0
2023-09-14,dlog_SOLVPN__dlog_OIL,dlog_SOLVPN,dlog_OIL,0.01516433876392795,0.008196148378438461,0.006968190385489488,0,2022-12-01,2023-10-30,180.0
2023-09-18,dlog_SOLVPN__dlog_OIL,dlog_SOLVPN,dlog_OIL,0.02321584839750334,0.013283142383349092,0.009932706014154248,0,2022-12-01,2023-10-30,180.0
2023-09-19,dlog_SOLVPN__dlog_OIL,dlog_SOLVPN,dlog_OIL,0.02519729667682018,0.017763848463381096,0.007433448213439085,0,2022-12-01,2023-10-30,180.0
2023-09-20,dlog_SOLVPN__dlog_OIL,dlog_SOLVPN,dlog_OIL,0.03965930245367952,0.015731115273878448,0.02392818717980107,0,2022-12-01,2023-10-30,180.0
2023-09-21,dlog_SOLVPN__dlog_OIL,dlog_SOLVPN,dlog_OIL,0.08704802997126572,0.04100387815960958,0.04604415181165614,0,2022-12-01,2023-10-30,180.0
2023-09-25,dlog_SOLVPN__dlog_OIL,dlog_SOLVPN,dlog_OIL,0.005050323300800495,0.03627201476995719,-0.031221691469156692,0,2022-12-01,2023-10-30,180.0
2023-09-26,dlog_SOLVPN__dlog_OIL,dlog_SOLVPN,dlog_OIL,0.028184780484259292,0.02646071634000374,0.0017240641442555528,0,2022-12-01,2023-10-30,180.0
2023-09-27,dlog_SOLVPN__dlog_OIL,dlog_SOLVPN,dlog_OIL,0.06522984035844505,0.03672422428491039,0.028505616073534662,0,2022-12-01,2023-10-30,180.0
2023-09-28,dlog_SOLVPN__dlog_OIL,dlog_SOLVPN,dlog_OIL,0.037225839466563916,0.06453635527954195,-0.027310515812978033,0,2022-12-01,2023-10-30,180.0
2023-10-02,dlog_SOLVPN__dlog_OIL,dlog_SOLVPN,dlog_OIL,0.053337347565494214,0.06629369782985434,-0.012956350264360122,0,2022-12-01,2023-10-30,180.0
2023-10-03,dlog_SOLVPN__dlog_OIL,dlog_SOLVPN,dlog_OIL,0.038161000869431236,0.09762300089578722,-0.05946200002635599,0,2022-12-01,2023-10-30,180.0
2023-10-04,dlog_SOLVPN__dlog_OIL,dlog_SOLVPN,dlog_OIL,0.10188458159998917,0.11633183082512721,-0.014447249225138042,0,2022-12-01,2023-10-30,180.0
2023-10-05,dlog_SOLVPN__dlog_OIL,dlog_SOLVPN,dlog_OIL,0.10261701273604532,0.038247869199664095,0.06436914353638122,0,2022-12-01,2023-10-30,180.0
2023-10-10,dlog_SOLVPN__dlog_OIL,dlog_SOLVPN,dlog_OIL,0.10273121217114585,0.016900849215407167,0.08583036295573868,0,2022-12-01,2023-10-30,180.0
2023-10-11,dlog_SOLVPN__dlog_OIL,dlog_SOLVPN,dlog_OIL,0.0863595053372946,0.03428918198089513,0.05207032335639947,0,2022-12-01,2023-10-30,180.0
2023-10-12,dlog_SOLVPN__dlog_OIL,dlog_SOLVPN,dlog_OIL,0.03810655123354561,0.05396475157695287,-0.015858200343407264,0,2022-12-01,2023-10-30,180.0
2023-10-16,dlog_SOLVPN__dlog_OIL,dlog_SOLVPN,dlog_OIL,0.047960922162250334,0.04548034168896513,0.0024805804732852058,0,2022-12-01,2023-10-30,180.0
2023-10-17,dlog_SOLVPN__dlog_OIL,dlog_SOLVPN,dlog_OIL,0.053296205112078734,0.06537682521226285,-0.012080620100184111,0,2022-12-01,2023-10-30,180.0
2023-10-18,dlog_SOLVPN__dlog_OIL,dlog_SOLVPN,dlog_OIL,0.08204777415819589,0.06964474637654834,0.01240302778164755,0,2022-12-01,2023-10-30,180.0
2023-10-19,dlog_SOLVPN__dlog_OIL,dlog_SOLVPN,dlog_OIL,0.07455895741313784,0.029968358386623227,0.04459059902651461,0,2022-12-01,2023-10-30,180.0
2023-10-23,dlog_SOLVPN__dlog_OIL,dlog_SOLVPN,dlog_OIL,0.10949541803328636,0.04375385599221263,0.06574156204107373,0,2022-12-01,2023-10-30,180.0
2023-10-24,dlog_SOLVPN__dlog_OIL,dlog_SOLVPN,dlog_OIL,0.11439934443292124,0.058950306662604875,0.055449037770316366,0,2022-12-01,2023-10-30,180.0
2023-10-25,dlog_SOLVPN__dlog_OIL,dlog_SOLVPN,dlog_OIL,0.11107951239089822,0.06300206838188036,0.04807744400901787,0,2022-12-01,2023-10-30,180.0
2023-10-26,dlog_SOLVPN__dlog_OIL,dlog_SOLVPN,dlog_OIL,0.16993545053384418,0.05950353623015799,0.11043191430368618,0,2022-12-01,2023-10-30,180.0
2023-10-30,dlog_SOLVPN__dlog_OIL,dlog_SOLVPN,dlog_OIL,0.1278579121451907,0.08422018958072579,0.04363772256446492,0,2022-12-01,2023-10-30,180.0
2023-10-31,dlog_SOLVPN__dlog_OIL,dlog_SOLVPN,dlog_OIL,0.1246863727156467,0.0801251270365647,0.044561245679082,1,2023-10-31,2024-07-16,140.0
2023-11-01,dlog_SOLVPN__dlog_OIL,dlog_SOLVPN,dlog_OIL,0.12329425311713085,0.08551135984038263,0.03778289327674822,1,2023-10-31,2024-07-16,140.0
2023-11-02,dlog_SOLVPN__dlog_OIL,dlog_SOLVPN,dlog_OIL,0.09608032221254131,0.060944401689674854,0.03513592052286646,1,2023-10-31,2024-07-16,140.0
2023-11-06,dlog_SOLVPN__dlog_OIL,dlog_SOLVPN,dlog_OIL,0.09131594901459668,0.06177879280635396,0.029537156208242717,1,2023-10-31,2024-07-16,140.0
2023-11-07,dlog_SOLVPN__dlog_OIL,dlog_SOLVPN,dlog_OIL,0.08145373668625029,0.06854954388527054,0.01290419280097975,1,2023-10-31,2024-07-16,140.0
2023-11-08,dlog_SOLVPN__dlog_OIL,dlog_SOLVPN,dlog_OIL,0.07131845229102983,0.03745593677310432,0.03386251551792551,1,2023-10-31,2024-07-16,140.0
2023-11-09,dlog_SOLVPN__dlog_OIL,dlog_SOLVPN,dlog_OIL,0.07461846482427745,0.024235790172058926,0.05038267465221852,1,2023-10-31,2024-07-16,140.0
2023-11-13,dlog_SOLVPN__dlog_OIL,dlog_SOLVPN,dlog_OIL,0.049728411557368984,0.03111982365740098,0.018608587899968006,1,2023-10-31,2024-07-16,140.0
2023-11-14,dlog_SOLVPN__dlog_OIL,dlog_SOLVPN,dlog_OIL,0.038403951486622394,0.050713298798015116,-0.012309347311392722,1,2023-10-31,2024-07-16,140.0
2023-11-15,dlog_SOLVPN__dlog_OIL,dlog_SOLVPN,dlog_OIL,0.031921841759803546,0.03346306526231425,-0.001541223502510701,1,2023-10-31,2024-07-16,140.0
2023-11-16,dlog_SOLVPN__dlog_OIL,dlog_SOLVPN,dlog_OIL,0.08048842708311134,0.05793743035963507,0.02255099672347627,1,2023-10-31,2024-07-16,140.0
2023-11-20,dlog_SOLVPN__dlog_OIL,dlog_SOLVPN,dlog_OIL,0.08372855633468226,0.011964892952492793,0.07176366338218947,1,2023-10-31,2024-07-16,140.0
2023-11-21,dlog_SOLVPN__dlog_OIL,dlog_SOLVPN,dlog_OIL,0.05418375611869214,0.016360244988770003,0.03782351112992213,1,2023-10-31,2024-07-16,140.0
2023-11-22,dlog_SOLVPN__dlog_OIL,dlog_SOLVPN,dlog_OIL,0.051739994277422215,0.015519723455356264,0.03622027082206595,1,2023-10-31,2024-07-16,140.0
2023-11-27,dlog_SOLVPN__dlog_OIL,dlog_SOLVPN,dlog_OIL,0.053988437501378356,0.01772886497820547,0.036259572523172884,1,2023-10-31,2024-07-16,140.0
2023-11-28,dlog_SOLVPN__dlog_OIL,dlog_SOLVPN,dlog_OIL,0.017811592430480774,0.016121565667741672,0.0016900267627391018,1,2023-10-31,2024-07-16,140.0
2023-11-29,dlog_SOLVPN__dlog_OIL,dlog_SOLVPN,dlog_OIL,0.022981360816016372,0.013187197677793172,0.0097941631382232,1,2023-10-31,2024-07-16,140.0
2023-11-30,dlog_SOLVPN__dlog_OIL,dlog_SOLVPN,dlog_OIL,0.04593126038392432,0.01915405602049314,0.026777204363431176,1,2023-10-31,2024-07-16,140.0
2023-12-04,dlog_SOLVPN__dlog_OIL,dlog_SOLVPN,dlog_OIL,0.039917182725399646,0.015468126917527846,0.0244490558078718,1,2023-10-31,2024-07-16,140.0
2023-12-05,dlog_SOLVPN__dlog_OIL,dlog_SOLVPN,dlog_OIL,0.04486629533062712,0.019339197390352916,0.025527097940274208,1,2023-10-31,2024-07-16,140.0
2023-12-06,dlog_SOLVPN__dlog_OIL,dlog_SOLVPN,dlog_OIL,0.01552435016651077,0.007447431620324243,0.008076918546186525,1,2023-10-31,2024-07-16,140.0
2023-12-07,dlog_SOLVPN__dlog_OIL,dlog_SOLVPN,dlog_OIL,0.01602821354237391,0.0061679852755356784,0.00986022826683823,1,2023-10-31,2024-07-16,140.0
2023-12-11,dlog_SOLVPN__dlog_OIL,dlog_SOLVPN,dlog_OIL,0.016486566371470616,0.005357587011465813,0.011128979360004803,1,2023-10-31,2024-07-16,140.0
2023-12-12,dlog_SOLVPN__dlog_OIL,dlog_SOLVPN,dlog_OIL,0.011723562295853975,0.005704524014619639,0.006019038281234336,1,2023-10-31,2024-07-16,140.0
2023-12-13,dlog_SOLVPN__dlog_OIL,dlog_SOLVPN,dlog_OIL,0.002250115283898812,0.01808252870418953,-0.01583241342029072,1,2023-10-31,2024-07-16,140.0
2023-12-14,dlog_SOLVPN__dlog_OIL,dlog_SOLVPN,dlog_OIL,0.05493878136804137,0.024653064082273933,0.030285717285767434,1,2023-10-31,2024-07-16,140.0
2023-12-18,dlog_SOLVPN__dlog_OIL,dlog_SOLVPN,dlog_OIL,0.0175239462191319,0.023565180180956206,-0.006041233961824308,1,2023-10-31,2024-07-16,140.0
2023-12-19,dlog_SOLVPN__dlog_OIL,dlog_SOLVPN,dlog_OIL,0.013997321422054967,0.012156724234024202,0.0018405971880307657,1,2023-10-31,2024-07-16,140.0
2023-12-20,dlog_SOLVPN__dlog_OIL,dlog_SOLVPN,dlog_OIL,0.0219076308220487,0.02029863944483263,0.0016089913772160715,1,2023-10-31,2024-07-16,140.0
2023-12-21,dlog_SOLVPN__dlog_OIL,dlog_SOLVPN,dlog_OIL,0.022056225280952982,0.0162475186431155,0.005808706637837481,1,2023-10-31,2024-07-16,140.0
2023-12-26,dlog_SOLVPN__dlog_OIL,dlog_SOLVPN,dlog_OIL,0.0213989784323139,0.027299810500229938,-0.005900832067916039,1,2023-10-31,2024-07-16,140.0
2023-12-27,dlog_SOLVPN__dlog_OIL,dlog_SOLVPN,dlog_OIL,0.022220831565148282,0.003219498929140713,0.01900133263600757,1,2023-10-31,2024-07-16,140.0
2023-12-28,dlog_SOLVPN__dlog_OIL,dlog_SOLVPN,dlog_OIL,0.045084976902084864,0.001765846570987516,0.04331913033109735,1,2023-10-31,2024-07-16,140.0
2024-01-02,dlog_SOLVPN__dlog_OIL,dlog_SOLVPN,dlog_OIL,0.04349976720247706,0.007262531438727984,0.03623723576374907,1,2023-10-31,2024-07-16,140.0
2024-01-03,dlog_SOLVPN__dlog_OIL,dlog_SOLVPN,dlog_OIL,0.09416843997490859,0.019687245442811765,0.07448119453209683,1,2023-10-31,2024-07-16,140.0
2024-01-04,dlog_SOLVPN__dlog_OIL,dlog_SOLVPN,dlog_OIL,0.06393047926188494,0.011635554100735268,0.052294925161149676,1,2023-10-31,2024-07-16,140.0
2024-01-08,dlog_SOLVPN__dlog_OIL,dlog_SOLVPN,dlog_OIL,0.019615506241411753,0.026357117374461583,-0.00674161113304983,1,2023-10-31,2024-07-16,140.0
2024-01-09,dlog_SOLVPN__dlog_OIL,dlog_SOLVPN,dlog_OIL,0.0158799560256796,0.016798850667741897,-0.0009188946420622957,1,2023-10-31,2024-07-16,140.0
2024-01-10,dlog_SOLVPN__dlog_OIL,dlog_SOLVPN,dlog_OIL,0.015501227112120902,0.020624060876037416,-0.005122833763916514,1,2023-10-31,2024-07-16,140.0
2024-01-11,dlog_SOLVPN__dlog_OIL,dlog_SOLVPN,dlog_OIL,0.016270013755144627,0.020555715160041406,-0.004285701404896779,1,2023-10-31,2024-07-16,140.0
2024-01-16,dlog_SOLVPN__dlog_OIL,dlog_SOLVPN,dlog_OIL,0.021055062315338824,0.0019471797320294371,0.019107882583309387,1,2023-10-31,2024-07-16,140.0
2024-01-17,dlog_SOLVPN__dlog_OIL,dlog_SOLVPN,dlog_OIL,0.0945865161005022,0.0615019328236893,0.0330845832768129,1,2023-10-31,2024-07-16,140.0
2024-01-18,dlog_SOLVPN__dlog_OIL,dlog_SOLVPN,dlog_OIL,0.08880672602295543,0.06148277300908709,0.027323953013868342,1,2023-10-31,2024-07-16,140.0
2024-01-22,dlog_SOLVPN__dlog_OIL,dlog_SOLVPN,dlog_OIL,0.12009918410010116,0.06003919288520368,0.06005999121489748,1,2023-10-31,2024-07-16,140.0
2024-01-23,dlog_SOLVPN__dlog_OIL,dlog_SOLVPN,dlog_OIL,0.1176448427611014,0.057246924798122774,0.06039791796297863,1,2023-10-31,2024-07-16,140.0
2024-01-24,dlog_SOLVPN__dlog_OIL,dlog_SOLVPN,dlog_OIL,0.12432222490202378,0.05626933016534794,0.06805289473667583,1,2023-10-31,2024-07-16,140.0
2024-01-25,dlog_SOLVPN__dlog_OIL,dlog_SOLVPN,dlog_OIL,0.11475707767542134,0.039810257960695816,0.07494681971472553,1,2023-10-31,2024-07-16,140.0
2024-01-29,dlog_SOLVPN__dlog_OIL,dlog_SOLVPN,dlog_OIL,0.11368048657931383,0.03540434143253358,0.07827614514678025,1,2023-10-31,2024-07-16,140.0
2024-01-30,dlog_SOLVPN__dlog_OIL,dlog_SOLVPN,dlog_OIL,0.10393151268635409,0.04569127214450619,0.0582402405418479,1,2023-10-31,2024-07-16,140.0
2024-01-31,dlog_SOLVPN__dlog_OIL,dlog_SOLVPN,dlog_OIL,0.10828560694342657,0.030189897790117926,0.07809570915330864,1,2023-10-31,2024-07-16,140.0
2024-02-01,dlog_SOLVPN__dlog_OIL,dlog_SOLVPN,dlog_OIL,0.1124607344001243,0.04497478512535906,0.06748594927476524,1,2023-10-31,2024-07-16,140.0
2024-02-05,dlog_SOLVPN__dlog_OIL,dlog_SOLVPN,dlog_OIL,0.0926118734047279,0.04532568927447859,0.04728618413024931,1,2023-10-31,2024-07-16,140.0
2024-02-06,dlog_SOLVPN__dlog_OIL,dlog_SOLVPN,dlog_OIL,0.07209359791941447,0.04531304998735604,0.026780547932058432,1,2023-10-31,2024-07-16,140.0
2024-02-07,dlog_SOLVPN__dlog_OIL,dlog_SOLVPN,dlog_OIL,0.08785211867315088,0.04278984349643518,0.045062275176715696,1,2023-10-31,2024-07-16,140.0
2024-02-08,dlog_SOLVPN__dlog_OIL,dlog_SOLVPN,dlog_OIL,0.07566015325886433,0.03915280334631664,0.036507349912547685,1,2023-10-31,2024-07-16,140.0
2024-02-12,dlog_SOLVPN__dlog_OIL,dlog_SOLVPN,dlog_OIL,0.08465421241357642,0.0429285320092182,0.041725680404358215,1,2023-10-31,2024-07-16,140.0
2024-02-13,dlog_SOLVPN__dlog_OIL,dlog_SOLVPN,dlog_OIL,0.07389994365355733,0.0549820647816604,0.01891787887189693,1,2023-10-31,2024-07-16,140.0
2024-02-14,dlog_SOLVPN__dlog_OIL,dlog_SOLVPN,dlog_OIL,0.13835867232118396,0.0957125349091407,0.04264613741204326,1,2023-10-31,2024-07-16,140.0
2024-02-15,dlog_SOLVPN__dlog_OIL,dlog_SOLVPN,dlog_OIL,0.12965464826579567,0.022302636691598297,0.10735201157419738,1,2023-10-31,2024-07-16,140.0
2024-02-20,dlog_SOLVPN__dlog_OIL,dlog_SOLVPN,dlog_OIL,0.09653177715899341,0.027339562889790246,0.06919221426920316,1,2023-10-31,2024-07-16,140.0
2024-02-21,dlog_SOLVPN__dlog_OIL,dlog_SOLVPN,dlog_OIL,0.0930710973909246,0.028427129086283386,0.06464396830464123,1,2023-10-31,2024-07-16,140.0
2024-02-22,dlog_SOLVPN__dlog_OIL,dlog_SOLVPN,dlog_OIL,0.08516178740369772,0.04613654399058012,0.0390252434131176,1,2023-10-31,2024-07-16,140.0
2024-02-26,dlog_SOLVPN__dlog_OIL,dlog_SOLVPN,dlog_OIL,0.0935898933083311,0.04456160725606612,0.04902828605226498,1,2023-10-31,2024-07-16,140.0
2024-02-27,dlog_SOLVPN__dlog_OIL,dlog_SOLVPN,dlog_OIL,0.07060072228637003,0.02986747250032236,0.04073324978604767,1,2023-10-31,2024-07-16,140.0
2024-02-28,dlog_SOLVPN__dlog_OIL,dlog_SOLVPN,dlog_OIL,0.06689366864094366,0.04931257671328404,0.017581091927659623,1,2023-10-31,2024-07-16,140.0
2024-02-29,dlog_SOLVPN__dlog_OIL,dlog_SOLVPN,dlog_OIL,0.05829516156160084,0.027215073413934865,0.031080088147665975,1,2023-10-31,2024-07-16,140.0
2024-03-04,dlog_SOLVPN__dlog_OIL,dlog_SOLVPN,dlog_OIL,0.07344556906690532,0.026914399619412173,0.046531169447493144,1,2023-10-31,2024-07-16,140.0
2024-03-05,dlog_SOLVPN__dlog_OIL,dlog_SOLVPN,dlog_OIL,0.05181174259633256,0.02604764360314649,0.02576409899318607,1,2023-10-31,2024-07-16,140.0
2024-03-06,dlog_SOLVPN__dlog_OIL,dlog_SOLVPN,dlog_OIL,0.03934319739631588,0.014011870711361361,0.025331326684954518,1,2023-10-31,2024-07-16,140.0
2024-03-07,dlog_SOLVPN__dlog_OIL,dlog_SOLVPN,dlog_OIL,0.029420779730679518,0.01459701058754805,0.014823769143131467,1,2023-10-31,2024-07-16,140.0
2024-03-11,dlog_SOLVPN__dlog_OIL,dlog_SOLVPN,dlog_OIL,0.03320639229301006,0.014454920634751447,0.018751471658258613,1,2023-10-31,2024-07-16,140.0
2024-03-12,dlog_SOLVPN__dlog_OIL,dlog_SOLVPN,dlog_OIL,0.029484510258051193,0.01565681467432118,0.013827695583730013,1,2023-10-31,2024-07-16,140.0
2024-03-13,dlog_SOLVPN__dlog_OIL,dlog_SOLVPN,dlog_OIL,0.04628234259447672,0.018779610960105688,0.027502731634371034,1,2023-10-31,2024-07-16,140.0
2024-03-14,dlog_SOLVPN__dlog_OIL,dlog_SOLVPN,dlog_OIL,0.03839133476265791,0.016355949880466136,0.022035384882191773,1,2023-10-31,2024-07-16,140.0
2024-03-18,dlog_SOLVPN__dlog_OIL,dlog_SOLVPN,dlog_OIL,0.045085218542431894,0.017294554371423392,0.027790664171008502,1,2023-10-31,2024-07-16,140.0
2024-03-19,dlog_SOLVPN__dlog_OIL,dlog_SOLVPN,dlog_OIL,0.05630456051112949,0.020032494357598164,0.036272066153531325,1,2023-10-31,2024-07-16,140.0
2024-03-20,dlog_SOLVPN__dlog_OIL,dlog_SOLVPN,dlog_OIL,0.03380002366142648,0.020887370436708182,0.0129126532247183,1,2023-10-31,2024-07-16,140.0
2024-03-21,dlog_SOLVPN__dlog_OIL,dlog_SOLVPN,dlog_OIL,0.03557958108485198,0.04131633191418893,-0.005736750829336952,1,2023-10-31,2024-07-16,140.0
2024-03-25,dlog_SOLVPN__dlog_OIL,dlog_SOLVPN,dlog_OIL,0.01579934519375297,0.04464817322729678,-0.028848828033543807,1,2023-10-31,2024-07-16,140.0
2024-03-26,dlog_SOLVPN__dlog_OIL,dlog_SOLVPN,dlog_OIL,0.015071015165217546,0.061126021514062864,-0.046055006348845316,1,2023-10-31,2024-07-16,140.0
2024-03-27,dlog_SOLVPN__dlog_OIL,dlog_SOLVPN,dlog_OIL,0.01334550283983427,0.055817089447834346,-0.04247158660800007,1,2023-10-31,2024-07-16,140.0
2024-04-01,dlog_SOLVPN__dlog_OIL,dlog_SOLVPN,dlog_OIL,0.014585227988942795,0.0641967624720978,-0.049611534483155,1,2023-10-31,2024-07-16,140.0
2024-04-02,dlog_SOLVPN__dlog_OIL,dlog_SOLVPN,dlog_OIL,0.015696570828903324,0.07065623078459488,-0.05495965995569155,1,2023-10-31,2024-07-16,140.0
2024-04-03,dlog_SOLVPN__dlog_OIL,dlog_SOLVPN,dlog_OIL,0.013695549554036436,0.0533640519168091,-0.03966850236277266,1,2023-10-31,2024-07-16,140.0
2024-04-04,dlog_SOLVPN__dlog_OIL,dlog_SOLVPN,dlog_OIL,0.02099633796406612,0.03049045852802897,-0.00949412056396285,1,2023-10-31,2024-07-16,140.0
2024-04-08,dlog_SOLVPN__dlog_OIL,dlog_SOLVPN,dlog_OIL,0.021287129010541368,0.0363957880431515,-0.015108659032610133,1,2023-10-31,2024-07-16,140.0
2024-04-09,dlog_SOLVPN__dlog_OIL,dlog_SOLVPN,dlog_OIL,0.0243337261271149,0.05179793367159347,-0.027464207544478574,1,2023-10-31,2024-07-16,140.0
2024-04-10,dlog_SOLVPN__dlog_OIL,dlog_SOLVPN,dlog_OIL,0.049212660242086925,0.029869020376424534,0.019343639865662392,1,2023-10-31,2024-07-16,140.0
2024-04-11,dlog_SOLVPN__dlog_OIL,dlog_SOLVPN,dlog_OIL,0.09905208196469562,0.01881057393415568,0.08024150803053993,1,2023-10-31,2024-07-16,140.0
2024-04-15,dlog_SOLVPN__dlog_OIL,dlog_SOLVPN,dlog_OIL,0.0918029427621103,0.013862425109391507,0.0779405176527188,1,2023-10-31,2024-07-16,140.0
2024-04-16,dlog_SOLVPN__dlog_OIL,dlog_SOLVPN,dlog_OIL,0.09852780886802295,0.013531360653552945,0.08499644821447001,1,2023-10-31,2024-07-16,140.0
2024-04-17,dlog_SOLVPN__dlog_OIL,dlog_SOLVPN,dlog_OIL,0.12690397624176228,0.005722468247404156,0.12118150799435812,1,2023-10-31,2024-07-16,140.0
2024-04-18,dlog_SOLVPN__dlog_OIL,dlog_SOLVPN,dlog_OIL,0.12138018147877884,0.006570323495484441,0.1148098579832944,1,2023-10-31,2024-07-16,140.0
2024-04-22,dlog_SOLVPN__dlog_OIL,dlog_SOLVPN,dlog_OIL,0.12480293039341886,0.008803446588148675,0.11599948380527018,1,2023-10-31,2024-07-16,140.0
2024-04-23,dlog_SOLVPN__dlog_OIL,dlog_SOLVPN,dlog_OIL,0.12337554016657468,0.0068768293108617436,0.11649871085571294,1,2023-10-31,2024-07-16,140.0
2024-04-24,dlog_SOLVPN__dlog_OIL,dlog_SOLVPN,dlog_OIL,0.09731983989477717,0.007433607412634435,0.08988623248214274,1,2023-10-31,2024-07-16,140.0
2024-04-25,dlog_SOLVPN__dlog_OIL,dlog_SOLVPN,dlog_OIL,0.09713184051013811,0.006215366199589324,0.09091647431054878,1,2023-10-31,2024-07-16,140.0
2024-04-29,dlog_SOLVPN__dlog_OIL,dlog_SOLVPN,dlog_OIL,0.12098111867994094,0.02062466965216815,0.10035644902777278,1,2023-10-31,2024-07-16,140.0
2024-04-30,dlog_SOLVPN__dlog_OIL,dlog_SOLVPN,dlog_OIL,0.0789700878445609,0.02617570475156177,0.052794383092999136,1,2023-10-31,2024-07-16,140.0
2024-05-01,dlog_SOLVPN__dlog_OIL,dlog_SOLVPN,dlog_OIL,0.14464680853910591,0.09492771513933455,0.04971909339977136,1,2023-10-31,2024-07-16,140.0
2024-05-02,dlog_SOLVPN__dlog_OIL,dlog_SOLVPN,dlog_OIL,0.11318297314267735,0.04579374324939872,0.06738922989327863,1,2023-10-31,2024-07-16,140.0
2024-05-06,dlog_SOLVPN__dlog_OIL,dlog_SOLVPN,dlog_OIL,0.12416428757130116,0.04573343148164692,0.07843085608965424,1,2023-10-31,2024-07-16,140.0
2024-05-07,dlog_SOLVPN__dlog_OIL,dlog_SOLVPN,dlog_OIL,0.1299183072611872,0.04811479439019186,0.08180351287099533,1,2023-10-31,2024-07-16,140.0
2024-05-08,dlog_SOLVPN__dlog_OIL,dlog_SOLVPN,dlog_OIL,0.1375203344602419,0.051399998886991594,0.0861203355732503,1,2023-10-31,2024-07-16,140.0
2024-05-09,dlog_SOLVPN__dlog_OIL,dlog_SOLVPN,dlog_OIL,0.13644996742106585,0.066162487299195,0.07028748012187086,1,2023-10-31,2024-07-16,140.0
2024-05-13,dlog_SOLVPN__dlog_OIL,dlog_SOLVPN,dlog_OIL,0.12680023677161734,0.07008918181490423,0.05671105495671311,1,2023-10-31,2024-07-16,140.0
2024-05-14,dlog_SOLVPN__dlog_OIL,dlog_SOLVPN,dlog_OIL,0.12095338499637032,0.06844481211915232,0.052508572877217996,1,2023-10-31,2024-07-16,140.0
2024-05-15,dlog_SOLVPN__dlog_OIL,dlog_SOLVPN,dlog_OIL,0.1343450071999342,0.027541954833387873,0.10680305236654633,1,2023-10-31,2024-07-16,140.0
2024-05-16,dlog_SOLVPN__dlog_OIL,dlog_SOLVPN,dlog_OIL,0.12069163562261254,0.026686266588436196,0.09400536903417633,1,2023-10-31,2024-07-16,140.0
2024-05-20,dlog_SOLVPN__dlog_OIL,dlog_SOLVPN,dlog_OIL,0.11419273257083841,0.02727181990452574,0.08692091266631266,1,2023-10-31,2024-07-16,140.0
2024-05-21,dlog_SOLVPN__dlog_OIL,dlog_SOLVPN,dlog_OIL,0.11898791801410447,0.025492811685651512,0.09349510632845295,1,2023-10-31,2024-07-16,140.0
2024-05-22,dlog_SOLVPN__dlog_OIL,dlog_SOLVPN,dlog_OIL,0.16099299235991538,0.05865646192011535,0.10233653043980002,1,2023-10-31,2024-07-16,140.0
2024-05-23,dlog_SOLVPN__dlog_OIL,dlog_SOLVPN,dlog_OIL,0.1713425525576027,0.050593862577788036,0.12074868997981467,1,2023-10-31,2024-07-16,140.0
2024-05-28,dlog_SOLVPN__dlog_OIL,dlog_SOLVPN,dlog_OIL,0.10867598217313185,0.04988726456527523,0.058788717607856616,1,2023-10-31,2024-07-16,140.0
2024-05-29,dlog_SOLVPN__dlog_OIL,dlog_SOLVPN,dlog_OIL,0.09363865437274463,0.037918708800242194,0.055719945572502434,1,2023-10-31,2024-07-16,140.0
2024-05-30,dlog_SOLVPN__dlog_OIL,dlog_SOLVPN,dlog_OIL,0.10924263235433582,0.014664688150420605,0.09457794420391522,1,2023-10-31,2024-07-16,140.0
2024-06-03,dlog_SOLVPN__dlog_OIL,dlog_SOLVPN,dlog_OIL,0.06518317303744671,0.013869823595173433,0.051313349442273275,1,2023-10-31,2024-07-16,140.0
2024-06-04,dlog_SOLVPN__dlog_OIL,dlog_SOLVPN,dlog_OIL,0.024425859842324704,0.005423840060534966,0.01900201978178974,1,2023-10-31,2024-07-16,140.0
2024-06-05,dlog_SOLVPN__dlog_OIL,dlog_SOLVPN,dlog_OIL,0.030733121798999986,0.015826868118695814,0.014906253680304172,1,2023-10-31,2024-07-16,140.0
2024-06-06,dlog_SOLVPN__dlog_OIL,dlog_SOLVPN,dlog_OIL,0.05711656363972609,0.014875507902175395,0.042241055737550694,1,2023-10-31,2024-07-16,140.0
2024-06-10,dlog_SOLVPN__dlog_OIL,dlog_SOLVPN,dlog_OIL,0.08937415545081187,0.011952596974552135,0.07742155847625974,1,2023-10-31,2024-07-16,140.0
2024-06-11,dlog_SOLVPN__dlog_OIL,dlog_SOLVPN,dlog_OIL,0.08576085732468894,0.02269998098031856,0.06306087634437038,1,2023-10-31,2024-07-16,140.0
2024-06-12,dlog_SOLVPN__dlog_OIL,dlog_SOLVPN,dlog_OIL,0.06471520657387617,0.021612691554408106,0.04310251501946806,1,2023-10-31,2024-07-16,140.0
2024-06-13,dlog_SOLVPN__dlog_OIL,dlog_SOLVPN,dlog_OIL,0.04932641894879844,0.019103441506572304,0.030222977442226136,1,2023-10-31,2024-07-16,140.0
2024-06-17,dlog_SOLVPN__dlog_OIL,dlog_SOLVPN,dlog_OIL,0.05237213054584894,0.015344769986654941,0.037027360559194,1,2023-10-31,2024-07-16,140.0
2024-06-18,dlog_SOLVPN__dlog_OIL,dlog_SOLVPN,dlog_OIL,0.044838220962259576,0.027044905113226884,0.017793315849032692,1,2023-10-31,2024-07-16,140.0
2024-06-20,dlog_SOLVPN__dlog_OIL,dlog_SOLVPN,dlog_OIL,0.04707277680659456,0.01733693007898267,0.029735846727611887,1,2023-10-31,2024-07-16,140.0
2024-06-24,dlog_SOLVPN__dlog_OIL,dlog_SOLVPN,dlog_OIL,0.05141822960402364,0.014833244390844318,0.03658498521317932,1,2023-10-31,2024-07-16,140.0
2024-06-25,dlog_SOLVPN__dlog_OIL,dlog_SOLVPN,dlog_OIL,0.059162443199534356,0.01684424593022521,0.042318197269309146,1,2023-10-31,2024-07-16,140.0
2024-06-26,dlog_SOLVPN__dlog_OIL,dlog_SOLVPN,dlog_OIL,0.05067019116847734,0.016080252884108755,0.034589938284368585,1,2023-10-31,2024-07-16,140.0
2024-06-27,dlog_SOLVPN__dlog_OIL,dlog_SOLVPN,dlog_OIL,0.05147858894854856,0.019950780395793934,0.031527808552754624,1,2023-10-31,2024-07-16,140.0
2024-07-01,dlog_SOLVPN__dlog_OIL,dlog_SOLVPN,dlog_OIL,0.06422999632459205,0.011468501963101528,0.05276149436149052,1,2023-10-31,2024-07-16,140.0
2024-07-02,dlog_SOLVPN__dlog_OIL,dlog_SOLVPN,dlog_OIL,0.08580246831020143,0.009699476610419708,0.07610299169978171,1,2023-10-31,2024-07-16,140.0
2024-07-03,dlog_SOLVPN__dlog_OIL,dlog_SOLVPN,dlog_OIL,0.11846192552506009,0.015549308271249136,0.10291261725381096,1,2023-10-31,2024-07-16,140.0
2024-07-08,dlog_SOLVPN__dlog_OIL,dlog_SOLVPN,dlog_OIL,0.024449117987180167,0.015734821447652078,0.008714296539528089,1,2023-10-31,2024-07-16,140.0
2024-07-09,dlog_SOLVPN__dlog_OIL,dlog_SOLVPN,dlog_OIL,0.010429810772342018,0.011534454515657693,-0.0011046437433156753,1,2023-10-31,2024-07-16,140.0
2024-07-10,dlog_SOLVPN__dlog_OIL,dlog_SOLVPN,dlog_OIL,0.0031988534311626115,0.004622012154491919,-0.0014231587233293078,1,2023-10-31,2024-07-16,140.0
2024-07-11,dlog_SOLVPN__dlog_OIL,dlog_SOLVPN,dlog_OIL,0.01222138948121787,0.01361078466110763,-0.0013893951798897592,1,2023-10-31,2024-07-16,140.0
2024-07-15,dlog_SOLVPN__dlog_OIL,dlog_SOLVPN,dlog_OIL,0.007844026137121337,0.014094779838564579,-0.0062507537014432416,1,2023-10-31,2024-07-16,140.0
2024-07-16,dlog_SOLVPN__dlog_OIL,dlog_SOLVPN,dlog_OIL,0.010375134030752827,0.012191122169697184,-0.001815988138944357,1,2023-10-31,2024-07-16,140.0
2024-07-17,dlog_SOLVPN__dlog_OIL,dlog_SOLVPN,dlog_OIL,0.007924260134370162,0.024051995008093966,-0.016127734873723806,2,2024-07-17,2025-04-15,145.0
2024-07-18,dlog_SOLVPN__dlog_OIL,dlog_SOLVPN,dlog_OIL,0.014648072793057432,0.003057188607938477,0.011590884185118954,2,2024-07-17,2025-04-15,145.0
2024-07-22,dlog_SOLVPN__dlog_OIL,dlog_SOLVPN,dlog_OIL,0.032329693551360186,0.004961397133567241,0.027368296417792946,2,2024-07-17,2025-04-15,145.0
2024-07-23,dlog_SOLVPN__dlog_OIL,dlog_SOLVPN,dlog_OIL,0.007390940459040735,0.030125094309137526,-0.02273415385009679,2,2024-07-17,2025-04-15,145.0
2024-07-24,dlog_SOLVPN__dlog_OIL,dlog_SOLVPN,dlog_OIL,0.011732950077177581,0.12199294590558372,-0.11025999582840615,2,2024-07-17,2025-04-15,145.0
2024-07-25,dlog_SOLVPN__dlog_OIL,dlog_SOLVPN,dlog_OIL,0.006325469306276688,0.1291406051303887,-0.122815135824112,2,2024-07-17,2025-04-15,145.0
2024-07-29,dlog_SOLVPN__dlog_OIL,dlog_SOLVPN,dlog_OIL,0.010185447599889697,0.1278762660665119,-0.1176908184666222,2,2024-07-17,2025-04-15,145.0
2024-07-30,dlog_SOLVPN__dlog_OIL,dlog_SOLVPN,dlog_OIL,0.008720536106094723,0.12558136939413905,-0.11686083328804434,2,2024-07-17,2025-04-15,145.0
2024-07-31,dlog_SOLVPN__dlog_OIL,dlog_SOLVPN,dlog_OIL,0.020475155625943466,0.04646423147828289,-0.02598907585233942,2,2024-07-17,2025-04-15,145.0
2024-08-01,dlog_SOLVPN__dlog_OIL,dlog_SOLVPN,dlog_OIL,0.028614437369177688,0.049164737842098086,-0.020550300472920398,2,2024-07-17,2025-04-15,145.0
2024-08-05,dlog_SOLVPN__dlog_OIL,dlog_SOLVPN,dlog_OIL,0.0357909434970311,0.047436753579806354,-0.011645810082775251,2,2024-07-17,2025-04-15,145.0
2024-08-06,dlog_SOLVPN__dlog_OIL,dlog_SOLVPN,dlog_OIL,0.10748604051441027,0.02946091367649407,0.0780251268379162,2,2024-07-17,2025-04-15,145.0
2024-08-07,dlog_SOLVPN__dlog_OIL,dlog_SOLVPN,dlog_OIL,0.0796063875795346,0.02873578384734405,0.05087060373219055,2,2024-07-17,2025-04-15,145.0
2024-08-08,dlog_SOLVPN__dlog_OIL,dlog_SOLVPN,dlog_OIL,0.07811691745685988,0.033336381689848225,0.04478053576701165,2,2024-07-17,2025-04-15,145.0
2024-08-12,dlog_SOLVPN__dlog_OIL,dlog_SOLVPN,dlog_OIL,0.09867374984016572,0.023048768839379664,0.07562498100078606,2,2024-07-17,2025-04-15,145.0
2024-08-13,dlog_SOLVPN__dlog_OIL,dlog_SOLVPN,dlog_OIL,0.10297316382873391,0.024789871934603348,0.07818329189413056,2,2024-07-17,2025-04-15,145.0
2024-08-14,dlog_SOLVPN__dlog_OIL,dlog_SOLVPN,dlog_OIL,0.09720702289683271,0.02205734732771408,0.07514967556911863,2,2024-07-17,2025-04-15,145.0
2024-08-15,dlog_SOLVPN__dlog_OIL,dlog_SOLVPN,dlog_OIL,0.10495050125665056,0.02498014535429713,0.07997035590235343,2,2024-07-17,2025-04-15,145.0
2024-08-19,dlog_SOLVPN__dlog_OIL,dlog_SOLVPN,dlog_OIL,0.09411743737985052,0.02549496824373784,0.06862246913611268,2,2024-07-17,2025-04-15,145.0
2024-08-20,dlog_SOLVPN__dlog_OIL,dlog_SOLVPN,dlog_OIL,0.08431227856163567,0.028975272946021157,0.05533700561561451,2,2024-07-17,2025-04-15,145.0
2024-08-21,dlog_SOLVPN__dlog_OIL,dlog_SOLVPN,dlog_OIL,0.09832508651183479,0.022067674069466713,0.07625741244236808,2,2024-07-17,2025-04-15,145.0
2024-08-22,dlog_SOLVPN__dlog_OIL,dlog_SOLVPN,dlog_OIL,0.10823283944638118,0.017192464369681224,0.09104037507669996,2,2024-07-17,2025-04-15,145.0
2024-08-26,dlog_SOLVPN__dlog_OIL,dlog_SOLVPN,dlog_OIL,0.09136111006303714,0.022546777817126246,0.0688143322459109,2,2024-07-17,2025-04-15,145.0
2024-08-27,dlog_SOLVPN__dlog_OIL,dlog_SOLVPN,dlog_OIL,0.0738533162440805,0.023038935891650042,0.05081438035243045,2,2024-07-17,2025-04-15,145.0
2024-08-28,dlog_SOLVPN__dlog_OIL,dlog_SOLVPN,dlog_OIL,0.07480461489709818,0.036422313855229926,0.03838230104186825,2,2024-07-17,2025-04-15,145.0
2024-08-29,dlog_SOLVPN__dlog_OIL,dlog_SOLVPN,dlog_OIL,0.10300942658710388,0.020575512375411983,0.0824339142116919,2,2024-07-17,2025-04-15,145.0
2024-09-03,dlog_SOLVPN__dlog_OIL,dlog_SOLVPN,dlog_OIL,0.09782289731870471,0.025942784651733813,0.07188011266697089,2,2024-07-17,2025-04-15,145.0
2024-09-04,dlog_SOLVPN__dlog_OIL,dlog_SOLVPN,dlog_OIL,0.06870563582042015,0.023678363867927266,0.045027271952492884,2,2024-07-17,2025-04-15,145.0
2024-09-05,dlog_SOLVPN__dlog_OIL,dlog_SOLVPN,dlog_OIL,0.07232285297789483,0.025213038000441765,0.04710981497745306,2,2024-07-17,2025-04-15,145.0
2024-09-09,dlog_SOLVPN__dlog_OIL,dlog_SOLVPN,dlog_OIL,0.10341990975242504,0.037001767623925486,0.06641814212849956,2,2024-07-17,2025-04-15,145.0
2024-09-10,dlog_SOLVPN__dlog_OIL,dlog_SOLVPN,dlog_OIL,0.022454533357564258,0.018104048642459066,0.004350484715105192,2,2024-07-17,2025-04-15,145.0
2024-09-11,dlog_SOLVPN__dlog_OIL,dlog_SOLVPN,dlog_OIL,0.034194221303808524,0.014848991189018529,0.019345230114789995,2,2024-07-17,2025-04-15,145.0
2024-09-12,dlog_SOLVPN__dlog_OIL,dlog_SOLVPN,dlog_OIL,0.05481737973153615,0.005040619711808592,0.049776760019727556,2,2024-07-17,2025-04-15,145.0
2024-09-16,dlog_SOLVPN__dlog_OIL,dlog_SOLVPN,dlog_OIL,0.06996418480646745,0.011192548131571351,0.0587716366748961,2,2024-07-17,2025-04-15,145.0
2024-09-17,dlog_SOLVPN__dlog_OIL,dlog_SOLVPN,dlog_OIL,0.07016264860640924,0.00454695824717253,0.0656156903592367,2,2024-07-17,2025-04-15,145.0
2024-09-18,dlog_SOLVPN__dlog_OIL,dlog_SOLVPN,dlog_OIL,0.07708748767724438,0.005195429482860194,0.07189205819438418,2,2024-07-17,2025-04-15,145.0
2024-09-19,dlog_SOLVPN__dlog_OIL,dlog_SOLVPN,dlog_OIL,0.05000011330302355,0.010128749965909265,0.03987136333711429,2,2024-07-17,2025-04-15,145.0
2024-09-23,dlog_SOLVPN__dlog_OIL,dlog_SOLVPN,dlog_OIL,0.018612260920246107,0.00933733663997596,0.009274924280270148,2,2024-07-17,2025-04-15,145.0
2024-09-24,dlog_SOLVPN__dlog_OIL,dlog_SOLVPN,dlog_OIL,0.009666020327924768,0.006710349037522842,0.0029556712904019265,2,2024-07-17,2025-04-15,145.0
2024-09-25,dlog_SOLVPN__dlog_OIL,dlog_SOLVPN,dlog_OIL,0.02731116967123898,0.011415114588824646,0.015896055082414335,2,2024-07-17,2025-04-15,145.0
2024-09-26,dlog_SOLVPN__dlog_OIL,dlog_SOLVPN,dlog_OIL,0.056664938171630215,0.014641789549702851,0.04202314862192737,2,2024-07-17,2025-04-15,145.0
2024-09-30,dlog_SOLVPN__dlog_OIL,dlog_SOLVPN,dlog_OIL,0.03932327943659823,0.008991312257081115,0.030331967179517118,2,2024-07-17,2025-04-15,145.0
2024-10-01,dlog_SOLVPN__dlog_OIL,dlog_SOLVPN,dlog_OIL,0.0526689596697105,0.009276051364355642,0.04339290830535485,2,2024-07-17,2025-04-15,145.0
2024-10-02,dlog_SOLVPN__dlog_OIL,dlog_SOLVPN,dlog_OIL,0.07472688103593522,0.012328139328140121,0.0623987417077951,2,2024-07-17,2025-04-15,145.0
2024-10-03,dlog_SOLVPN__dlog_OIL,dlog_SOLVPN,dlog_OIL,0.03573130596510969,0.019507391511920148,0.016223914453189544,2,2024-07-17,2025-04-15,145.0
2024-10-07,dlog_SOLVPN__dlog_OIL,dlog_SOLVPN,dlog_OIL,0.040469311000104605,0.009471564960248714,0.03099774603985589,2,2024-07-17,2025-04-15,145.0
2024-10-08,dlog_SOLVPN__dlog_OIL,dlog_SOLVPN,dlog_OIL,0.04478762070617403,0.021132223915560477,0.023655396790613552,2,2024-07-17,2025-04-15,145.0
2024-10-09,dlog_SOLVPN__dlog_OIL,dlog_SOLVPN,dlog_OIL,0.04768666954049324,0.00967852484498558,0.03800814469550766,2,2024-07-17,2025-04-15,145.0
2024-10-10,dlog_SOLVPN__dlog_OIL,dlog_SOLVPN,dlog_OIL,0.05153673319751063,0.009784886319680101,0.041751846877830526,2,2024-07-17,2025-04-15,145.0
2024-10-15,dlog_SOLVPN__dlog_OIL,dlog_SOLVPN,dlog_OIL,0.026311355311048445,0.017131518602560035,0.00917983670848841,2,2024-07-17,2025-04-15,145.0
2024-10-16,dlog_SOLVPN__dlog_OIL,dlog_SOLVPN,dlog_OIL,0.06545689161356912,0.03333895374683728,0.03211793786673184,2,2024-07-17,2025-04-15,145.0
2024-10-17,dlog_SOLVPN__dlog_OIL,dlog_SOLVPN,dlog_OIL,0.06228820854417824,0.03599976985066608,0.02628843869351216,2,2024-07-17,2025-04-15,145.0
2024-10-21,dlog_SOLVPN__dlog_OIL,dlog_SOLVPN,dlog_OIL,0.04748763730604483,0.036868372605107204,0.010619264700937624,2,2024-07-17,2025-04-15,145.0
2024-10-22,dlog_SOLVPN__dlog_OIL,dlog_SOLVPN,dlog_OIL,0.045101409816592476,0.023870980726615,0.021230429089977475,2,2024-07-17,2025-04-15,145.0
2024-10-23,dlog_SOLVPN__dlog_OIL,dlog_SOLVPN,dlog_OIL,0.02863259492460805,0.016698404617453318,0.011934190307154733,2,2024-07-17,2025-04-15,145.0
2024-10-24,dlog_SOLVPN__dlog_OIL,dlog_SOLVPN,dlog_OIL,0.059085010041540965,0.01870797407528107,0.0403770359662599,2,2024-07-17,2025-04-15,145.0
2024-10-28,dlog_SOLVPN__dlog_OIL,dlog_SOLVPN,dlog_OIL,0.05856704886893441,0.01747794829110603,0.04108910057782838,2,2024-07-17,2025-04-15,145.0
2024-10-29,dlog_SOLVPN__dlog_OIL,dlog_SOLVPN,dlog_OIL,0.05212000132529205,0.012900173052496288,0.03921982827279576,2,2024-07-17,2025-04-15,145.0
2024-10-30,dlog_SOLVPN__dlog_OIL,dlog_SOLVPN,dlog_OIL,0.037307400067345065,0.011683338602735906,0.02562406146460916,2,2024-07-17,2025-04-15,145.0
2024-10-31,dlog_SOLVPN__dlog_OIL,dlog_SOLVPN,dlog_OIL,0.03312162589750643,0.006359970152711923,0.02676165574479451,2,2024-07-17,2025-04-15,145.0
2024-11-04,dlog_SOLVPN__dlog_OIL,dlog_SOLVPN,dlog_OIL,0.035997614724294344,0.008323246359187898,0.027674368365106446,2,2024-07-17,2025-04-15,145.0
2024-11-05,dlog_SOLVPN__dlog_OIL,dlog_SOLVPN,dlog_OIL,0.0298546008252687,0.009230355650087067,0.020624245175181632,2,2024-07-17,2025-04-15,145.0
2024-11-06,dlog_SOLVPN__dlog_OIL,dlog_SOLVPN,dlog_OIL,0.05344573708354524,0.01762319153008851,0.03582254555345673,2,2024-07-17,2025-04-15,145.0
2024-11-07,dlog_SOLVPN__dlog_OIL,dlog_SOLVPN,dlog_OIL,0.04850150677996913,0.03716886859648328,0.01133263818348585,2,2024-07-17,2025-04-15,145.0
2024-11-12,dlog_SOLVPN__dlog_OIL,dlog_SOLVPN,dlog_OIL,0.09926580836910957,0.021733772129936043,0.07753203623917353,2,2024-07-17,2025-04-15,145.0
2024-11-13,dlog_SOLVPN__dlog_OIL,dlog_SOLVPN,dlog_OIL,0.07177395427265564,0.017931646210220198,0.05384230806243544,2,2024-07-17,2025-04-15,145.0
2024-11-14,dlog_SOLVPN__dlog_OIL,dlog_SOLVPN,dlog_OIL,0.07062948134619783,0.01733937507720505,0.053290106268992776,2,2024-07-17,2025-04-15,145.0
2024-11-18,dlog_SOLVPN__dlog_OIL,dlog_SOLVPN,dlog_OIL,0.09461259714660081,0.01203130618798677,0.08258129095861404,2,2024-07-17,2025-04-15,145.0
2024-11-19,dlog_SOLVPN__dlog_OIL,dlog_SOLVPN,dlog_OIL,0.07568594103602025,0.012256892638799977,0.06342904839722027,2,2024-07-17,2025-04-15,145.0
2024-11-20,dlog_SOLVPN__dlog_OIL,dlog_SOLVPN,dlog_OIL,0.07507910000450531,0.011628479510090828,0.06345062049441448,2,2024-07-17,2025-04-15,145.0
2024-11-21,dlog_SOLVPN__dlog_OIL,dlog_SOLVPN,dlog_OIL,0.09201341362322403,0.011300668011625324,0.0807127456115987,2,2024-07-17,2025-04-15,145.0
2024-11-25,dlog_SOLVPN__dlog_OIL,dlog_SOLVPN,dlog_OIL,0.11023691164465681,0.024444750955228762,0.08579216068942805,2,2024-07-17,2025-04-15,145.0
2024-11-26,dlog_SOLVPN__dlog_OIL,dlog_SOLVPN,dlog_OIL,0.10596785354542311,0.037302141328664516,0.0686657122167586,2,2024-07-17,2025-04-15,145.0
2024-11-27,dlog_SOLVPN__dlog_OIL,dlog_SOLVPN,dlog_OIL,0.1042317009368686,0.0401134597162891,0.06411824122057949,2,2024-07-17,2025-04-15,145.0
2024-12-02,dlog_SOLVPN__dlog_OIL,dlog_SOLVPN,dlog_OIL,0.07958661343642932,0.04787970313757187,0.03170691029885745,2,2024-07-17,2025-04-15,145.0
2024-12-03,dlog_SOLVPN__dlog_OIL,dlog_SOLVPN,dlog_OIL,0.08354165083477215,0.044519424581696936,0.039022226253075214,2,2024-07-17,2025-04-15,145.0
2024-12-04,dlog_SOLVPN__dlog_OIL,dlog_SOLVPN,dlog_OIL,0.08873498977189101,0.056366711498071535,0.032368278273819474,2,2024-07-17,2025-04-15,145.0
2024-12-05,dlog_SOLVPN__dlog_OIL,dlog_SOLVPN,dlog_OIL,0.08869878281615419,0.03892229870920333,0.04977648410695086,2,2024-07-17,2025-04-15,145.0
2024-12-09,dlog_SOLVPN__dlog_OIL,dlog_SOLVPN,dlog_OIL,0.09030175636455093,0.03713674199302855,0.05316501437152238,2,2024-07-17,2025-04-15,145.0
2024-12-10,dlog_SOLVPN__dlog_OIL,dlog_SOLVPN,dlog_OIL,0.08626425162165957,0.021873411293878906,0.06439084032778067,2,2024-07-17,2025-04-15,145.0
2024-12-11,dlog_SOLVPN__dlog_OIL,dlog_SOLVPN,dlog_OIL,0.12333573553495719,0.025569976726120585,0.0977657588088366,2,2024-07-17,2025-04-15,145.0
2024-12-12,dlog_SOLVPN__dlog_OIL,dlog_SOLVPN,dlog_OIL,0.1278991644387917,0.012679320566632452,0.11521984387215925,2,2024-07-17,2025-04-15,145.0
2024-12-16,dlog_SOLVPN__dlog_OIL,dlog_SOLVPN,dlog_OIL,0.09980892465961094,0.012872039966891813,0.08693688469271912,2,2024-07-17,2025-04-15,145.0
2024-12-17,dlog_SOLVPN__dlog_OIL,dlog_SOLVPN,dlog_OIL,0.06587318074444228,0.012820703999608123,0.053052476744834154,2,2024-07-17,2025-04-15,145.0
2024-12-18,dlog_SOLVPN__dlog_OIL,dlog_SOLVPN,dlog_OIL,0.18719134221260597,0.0204577415649009,0.16673360064770507,2,2024-07-17,2025-04-15,145.0
2024-12-19,dlog_SOLVPN__dlog_OIL,dlog_SOLVPN,dlog_OIL,0.035925856783298425,0.05394626806869871,-0.018020411285400287,2,2024-07-17,2025-04-15,145.0
2024-12-23,dlog_SOLVPN__dlog_OIL,dlog_SOLVPN,dlog_OIL,0.035612461788196596,0.05383615588418751,-0.018223694095990915,2,2024-07-17,2025-04-15,145.0
2024-12-26,dlog_SOLVPN__dlog_OIL,dlog_SOLVPN,dlog_OIL,0.03819043275922078,0.04692001682600625,-0.008729584066785472,2,2024-07-17,2025-04-15,145.0
2024-12-30,dlog_SOLVPN__dlog_OIL,dlog_SOLVPN,dlog_OIL,0.03337552211507498,0.038373914946111205,-0.004998392831036223,2,2024-07-17,2025-04-15,145.0
2025-01-02,dlog_SOLVPN__dlog_OIL,dlog_SOLVPN,dlog_OIL,0.048403737878898866,0.04431378936608768,0.004089948512811185,2,2024-07-17,2025-04-15,145.0
2025-01-06,dlog_SOLVPN__dlog_OIL,dlog_SOLVPN,dlog_OIL,0.03756798851367386,0.045970285317918566,-0.008402296804244709,2,2024-07-17,2025-04-15,145.0
2025-01-07,dlog_SOLVPN__dlog_OIL,dlog_SOLVPN,dlog_OIL,0.03585972539687458,0.021740332189527905,0.014119393207346672,2,2024-07-17,2025-04-15,145.0
2025-01-08,dlog_SOLVPN__dlog_OIL,dlog_SOLVPN,dlog_OIL,0.040739106304319685,0.035348656995597486,0.005390449308722199,2,2024-07-17,2025-04-15,145.0
2025-01-13,dlog_SOLVPN__dlog_OIL,dlog_SOLVPN,dlog_OIL,0.0722926371859681,0.17381907763137794,-0.10152644044540984,2,2024-07-17,2025-04-15,145.0
2025-01-14,dlog_SOLVPN__dlog_OIL,dlog_SOLVPN,dlog_OIL,0.07770366330593113,0.192541045321812,-0.11483738201588085,2,2024-07-17,2025-04-15,145.0
2025-01-15,dlog_SOLVPN__dlog_OIL,dlog_SOLVPN,dlog_OIL,0.0845757900504438,0.15210458056043089,-0.06752879050998709,2,2024-07-17,2025-04-15,145.0
2025-01-16,dlog_SOLVPN__dlog_OIL,dlog_SOLVPN,dlog_OIL,0.06577462954486815,0.2278284377006901,-0.16205380815582196,2,2024-07-17,2025-04-15,145.0
2025-01-21,dlog_SOLVPN__dlog_OIL,dlog_SOLVPN,dlog_OIL,0.05195888530738468,0.0794573918367371,-0.027498506529352422,2,2024-07-17,2025-04-15,145.0
2025-01-22,dlog_SOLVPN__dlog_OIL,dlog_SOLVPN,dlog_OIL,0.0662433952207066,0.09635286136634023,-0.03010946614563363,2,2024-07-17,2025-04-15,145.0
2025-01-23,dlog_SOLVPN__dlog_OIL,dlog_SOLVPN,dlog_OIL,0.04736766812310649,0.07853109784238897,-0.03116342971928248,2,2024-07-17,2025-04-15,145.0
2025-01-27,dlog_SOLVPN__dlog_OIL,dlog_SOLVPN,dlog_OIL,0.14864193333030928,0.0889999305380654,0.05964200279224388,2,2024-07-17,2025-04-15,145.0
2025-01-28,dlog_SOLVPN__dlog_OIL,dlog_SOLVPN,dlog_OIL,0.04239839065824252,0.08692588445180022,-0.0445274937935577,2,2024-07-17,2025-04-15,145.0
2025-01-29,dlog_SOLVPN__dlog_OIL,dlog_SOLVPN,dlog_OIL,0.046089960155542516,0.07829932129392683,-0.03220936113838432,2,2024-07-17,2025-04-15,145.0
2025-01-30,dlog_SOLVPN__dlog_OIL,dlog_SOLVPN,dlog_OIL,0.04740058111219195,0.06278100932546732,-0.015380428213275371,2,2024-07-17,2025-04-15,145.0
2025-02-03,dlog_SOLVPN__dlog_OIL,dlog_SOLVPN,dlog_OIL,0.03307234491759983,0.06060913004892806,-0.027536785131328227,2,2024-07-17,2025-04-15,145.0
2025-02-04,dlog_SOLVPN__dlog_OIL,dlog_SOLVPN,dlog_OIL,0.02986645979522737,0.06987163686028583,-0.04000517706505846,2,2024-07-17,2025-04-15,145.0
2025-02-05,dlog_SOLVPN__dlog_OIL,dlog_SOLVPN,dlog_OIL,0.07772575965727171,0.05982556168750651,0.017900197969765205,2,2024-07-17,2025-04-15,145.0
2025-02-06,dlog_SOLVPN__dlog_OIL,dlog_SOLVPN,dlog_OIL,0.09669210933987393,0.052288994758873705,0.04440311458100023,2,2024-07-17,2025-04-15,145.0
2025-02-10,dlog_SOLVPN__dlog_OIL,dlog_SOLVPN,dlog_OIL,0.04206208414466863,0.03521755809265659,0.006844526052012044,2,2024-07-17,2025-04-15,145.0
2025-02-11,dlog_SOLVPN__dlog_OIL,dlog_SOLVPN,dlog_OIL,0.03021624412430946,0.03056616125866811,-0.0003499171343586509,2,2024-07-17,2025-04-15,145.0
2025-02-12,dlog_SOLVPN__dlog_OIL,dlog_SOLVPN,dlog_OIL,0.04484725857432665,0.03079322949437655,0.014054029079950101,2,2024-07-17,2025-04-15,145.0
2025-02-13,dlog_SOLVPN__dlog_OIL,dlog_SOLVPN,dlog_OIL,0.04375188995400994,0.01886672053792865,0.024885169416081293,2,2024-07-17,2025-04-15,145.0
2025-02-18,dlog_SOLVPN__dlog_OIL,dlog_SOLVPN,dlog_OIL,0.02387348733813972,0.020105058747616613,0.003768428590523107,2,2024-07-17,2025-04-15,145.0
2025-02-19,dlog_SOLVPN__dlog_OIL,dlog_SOLVPN,dlog_OIL,0.02569658808402968,0.016379521891357492,0.009317066192672186,2,2024-07-17,2025-04-15,145.0
2025-02-20,dlog_SOLVPN__dlog_OIL,dlog_SOLVPN,dlog_OIL,0.03263923199244875,0.015048097517210793,0.01759113447523796,2,2024-07-17,2025-04-15,145.0
2025-02-24,dlog_SOLVPN__dlog_OIL,dlog_SOLVPN,dlog_OIL,0.04433609627173222,0.02029464183417474,0.02404145443755748,2,2024-07-17,2025-04-15,145.0
2025-02-25,dlog_SOLVPN__dlog_OIL,dlog_SOLVPN,dlog_OIL,0.0954366196621328,0.024249440139885937,0.07118717952224686,2,2024-07-17,2025-04-15,145.0
2025-02-26,dlog_SOLVPN__dlog_OIL,dlog_SOLVPN,dlog_OIL,0.08793749074344245,0.02356280666416723,0.06437468407927523,2,2024-07-17,2025-04-15,145.0
2025-02-27,dlog_SOLVPN__dlog_OIL,dlog_SOLVPN,dlog_OIL,0.09560558639450395,0.027476430671684437,0.06812915572281951,2,2024-07-17,2025-04-15,145.0
2025-03-03,dlog_SOLVPN__dlog_OIL,dlog_SOLVPN,dlog_OIL,0.12785941616539656,0.026576676100912314,0.10128274006448425,2,2024-07-17,2025-04-15,145.0
2025-03-04,dlog_SOLVPN__dlog_OIL,dlog_SOLVPN,dlog_OIL,0.09710222422871265,0.031539681127611345,0.0655625431011013,2,2024-07-17,2025-04-15,145.0
2025-03-05,dlog_SOLVPN__dlog_OIL,dlog_SOLVPN,dlog_OIL,0.061946354534410206,0.021490356945022524,0.040455997589387685,2,2024-07-17,2025-04-15,145.0
2025-03-06,dlog_SOLVPN__dlog_OIL,dlog_SOLVPN,dlog_OIL,0.03357869513088588,0.009245130071304246,0.024333565059581633,2,2024-07-17,2025-04-15,145.0
2025-03-10,dlog_SOLVPN__dlog_OIL,dlog_SOLVPN,dlog_OIL,0.03880697041897197,0.007676990986423724,0.03112997943254825,2,2024-07-17,2025-04-15,145.0
2025-03-11,dlog_SOLVPN__dlog_OIL,dlog_SOLVPN,dlog_OIL,0.028834283816786068,0.004906930149520001,0.023927353667266067,2,2024-07-17,2025-04-15,145.0
2025-03-12,dlog_SOLVPN__dlog_OIL,dlog_SOLVPN,dlog_OIL,0.04765182873637982,0.0006589341027332323,0.04699289463364659,2,2024-07-17,2025-04-15,145.0
2025-03-13,dlog_SOLVPN__dlog_OIL,dlog_SOLVPN,dlog_OIL,0.05908633331338419,0.0011049113733398303,0.05798142194004436,2,2024-07-17,2025-04-15,145.0
2025-03-17,dlog_SOLVPN__dlog_OIL,dlog_SOLVPN,dlog_OIL,0.06867286154470287,0.0021284706173881835,0.06654439092731468,2,2024-07-17,2025-04-15,145.0
2025-03-18,dlog_SOLVPN__dlog_OIL,dlog_SOLVPN,dlog_OIL,0.049805197970475897,0.003956619030775076,0.04584857893970082,2,2024-07-17,2025-04-15,145.0
2025-03-19,dlog_SOLVPN__dlog_OIL,dlog_SOLVPN,dlog_OIL,0.04788552330163356,0.0021030169880261506,0.045782506313607405,2,2024-07-17,2025-04-15,145.0
2025-03-20,dlog_SOLVPN__dlog_OIL,dlog_SOLVPN,dlog_OIL,0.04270480164538742,0.002639378509836499,0.04006542313555092,2,2024-07-17,2025-04-15,145.0
2025-03-24,dlog_SOLVPN__dlog_OIL,dlog_SOLVPN,dlog_OIL,0.004801074351475826,0.0010207692649882277,0.0037803050864875978,2,2024-07-17,2025-04-15,145.0
2025-03-25,dlog_SOLVPN__dlog_OIL,dlog_SOLVPN,dlog_OIL,0.005574050080906267,0.01208038005818346,-0.006506329977277193,2,2024-07-17,2025-04-15,145.0
2025-03-26,dlog_SOLVPN__dlog_OIL,dlog_SOLVPN,dlog_OIL,0.0023729168357908637,0.012027485409995983,-0.00965456857420512,2,2024-07-17,2025-04-15,145.0
2025-03-27,dlog_SOLVPN__dlog_OIL,dlog_SOLVPN,dlog_OIL,0.010352034528178998,0.005368896556508756,0.004983137971670242,2,2024-07-17,2025-04-15,145.0
2025-03-31,dlog_SOLVPN__dlog_OIL,dlog_SOLVPN,dlog_OIL,0.057839039104922677,0.015204817122188274,0.0426342219827344,2,2024-07-17,2025-04-15,145.0
2025-04-01,dlog_SOLVPN__dlog_OIL,dlog_SOLVPN,dlog_OIL,0.05001918884671973,0.019697678400060505,0.030321510446659223,2,2024-07-17,2025-04-15,145.0
2025-04-02,dlog_SOLVPN__dlog_OIL,dlog_SOLVPN,dlog_OIL,0.035208183622364685,0.02047698409215735,0.014731199530207333,2,2024-07-17,2025-04-15,145.0
2025-04-03,dlog_SOLVPN__dlog_OIL,dlog_SOLVPN,dlog_OIL,0.058908327755661676,0.0785056171764835,-0.01959728942082182,2,2024-07-17,2025-04-15,145.0
2025-04-07,dlog_SOLVPN__dlog_OIL,dlog_SOLVPN,dlog_OIL,0.15322696074045583,0.028095837664762317,0.12513112307569352,2,2024-07-17,2025-04-15,145.0
2025-04-08,dlog_SOLVPN__dlog_OIL,dlog_SOLVPN,dlog_OIL,0.07305114994956646,0.04512733659154797,0.027923813358018496,2,2024-07-17,2025-04-15,145.0
2025-04-09,dlog_SOLVPN__dlog_OIL,dlog_SOLVPN,dlog_OIL,0.18665692369587492,0.08332805496769097,0.10332886872818395,2,2024-07-17,2025-04-15,145.0
2025-04-10,dlog_SOLVPN__dlog_OIL,dlog_SOLVPN,dlog_OIL,0.16412841375309173,0.07621067111397871,0.08791774263911302,2,2024-07-17,2025-04-15,145.0
2025-04-14,dlog_SOLVPN__dlog_OIL,dlog_SOLVPN,dlog_OIL,0.17488694300349822,0.04495558057014504,0.12993136243335318,2,2024-07-17,2025-04-15,145.0
2025-04-15,dlog_SOLVPN__dlog_OIL,dlog_SOLVPN,dlog_OIL,0.17611203643793172,0.04871038861160006,0.12740164782633165,2,2024-07-17,2025-04-15,145.0
2025-04-16,dlog_SOLVPN__dlog_OIL,dlog_SOLVPN,dlog_OIL,0.1829401266658642,0.04280020446265757,0.14013992220320665,3,2025-04-16,2026-01-06,141.0
2025-04-21,dlog_SOLVPN__dlog_OIL,dlog_SOLVPN,dlog_OIL,0.15680212478586047,0.05139285829585296,0.10540926649000751,3,2025-04-16,2026-01-06,141.0
2025-04-22,dlog_SOLVPN__dlog_OIL,dlog_SOLVPN,dlog_OIL,0.18775752749271976,0.05359458874656135,0.13416293874615842,3,2025-04-16,2026-01-06,141.0
2025-04-23,dlog_SOLVPN__dlog_OIL,dlog_SOLVPN,dlog_OIL,0.2108906514669977,0.04811503689419274,0.16277561457280496,3,2025-04-16,2026-01-06,141.0
2025-04-24,dlog_SOLVPN__dlog_OIL,dlog_SOLVPN,dlog_OIL,0.2026977904406693,0.05625358894053507,0.14644420150013424,3,2025-04-16,2026-01-06,141.0
2025-04-28,dlog_SOLVPN__dlog_OIL,dlog_SOLVPN,dlog_OIL,0.1868359551569758,0.055810750770379926,0.13102520438659587,3,2025-04-16,2026-01-06,141.0
2025-04-29,dlog_SOLVPN__dlog_OIL,dlog_SOLVPN,dlog_OIL,0.18851112853940546,0.03440221198628102,0.15410891655312445,3,2025-04-16,2026-01-06,141.0
2025-04-30,dlog_SOLVPN__dlog_OIL,dlog_SOLVPN,dlog_OIL,0.22537447352713658,0.03065346907568274,0.19472100445145385,3,2025-04-16,2026-01-06,141.0
2025-05-01,dlog_SOLVPN__dlog_OIL,dlog_SOLVPN,dlog_OIL,0.20491363224025244,0.03168312460827038,0.17323050763198206,3,2025-04-16,2026-01-06,141.0
2025-05-05,dlog_SOLVPN__dlog_OIL,dlog_SOLVPN,dlog_OIL,0.20649510392821366,0.03668395051367735,0.16981115341453631,3,2025-04-16,2026-01-06,141.0
2025-05-06,dlog_SOLVPN__dlog_OIL,dlog_SOLVPN,dlog_OIL,0.20143566502314122,0.02534974247722096,0.17608592254592026,3,2025-04-16,2026-01-06,141.0
2025-05-07,dlog_SOLVPN__dlog_OIL,dlog_SOLVPN,dlog_OIL,0.1931115832235188,0.031479914693529766,0.16163166852998903,3,2025-04-16,2026-01-06,141.0
2025-05-08,dlog_SOLVPN__dlog_OIL,dlog_SOLVPN,dlog_OIL,0.21268024128971738,0.0239213280606299,0.18875891322908747,3,2025-04-16,2026-01-06,141.0
2025-05-12,dlog_SOLVPN__dlog_OIL,dlog_SOLVPN,dlog_OIL,0.22620718070933374,0.025500558132661586,0.20070662257667216,3,2025-04-16,2026-01-06,141.0
2025-05-13,dlog_SOLVPN__dlog_OIL,dlog_SOLVPN,dlog_OIL,0.1862903152962898,0.01376699055739726,0.17252332473889254,3,2025-04-16,2026-01-06,141.0
2025-05-14,dlog_SOLVPN__dlog_OIL,dlog_SOLVPN,dlog_OIL,0.21433310469007136,0.01875154757952053,0.19558155711055084,3,2025-04-16,2026-01-06,141.0
2025-05-15,dlog_SOLVPN__dlog_OIL,dlog_SOLVPN,dlog_OIL,0.25112778645439215,0.022013323536050153,0.229114462918342,3,2025-04-16,2026-01-06,141.0
2025-05-19,dlog_SOLVPN__dlog_OIL,dlog_SOLVPN,dlog_OIL,0.25612273692178095,0.020776794935142028,0.2353459419866389,3,2025-04-16,2026-01-06,141.0
2025-05-20,dlog_SOLVPN__dlog_OIL,dlog_SOLVPN,dlog_OIL,0.2653739676995465,0.020402166428486596,0.2449718012710599,3,2025-04-16,2026-01-06,141.0
2025-05-21,dlog_SOLVPN__dlog_OIL,dlog_SOLVPN,dlog_OIL,0.250958421143727,0.025336828790048498,0.2256215923536785,3,2025-04-16,2026-01-06,141.0
2025-05-22,dlog_SOLVPN__dlog_OIL,dlog_SOLVPN,dlog_OIL,0.25913206867868493,0.030684257051350184,0.22844781162733474,3,2025-04-16,2026-01-06,141.0
2025-05-27,dlog_SOLVPN__dlog_OIL,dlog_SOLVPN,dlog_OIL,0.13013988736540208,0.012955882379636982,0.1171840049857651,3,2025-04-16,2026-01-06,141.0
2025-05-28,dlog_SOLVPN__dlog_OIL,dlog_SOLVPN,dlog_OIL,0.12936670753233404,0.019617787883794348,0.1097489196485397,3,2025-04-16,2026-01-06,141.0
2025-05-29,dlog_SOLVPN__dlog_OIL,dlog_SOLVPN,dlog_OIL,0.06244004037070462,0.021798658352859844,0.04064138201784478,3,2025-04-16,2026-01-06,141.0
2025-06-02,dlog_SOLVPN__dlog_OIL,dlog_SOLVPN,dlog_OIL,0.07403184477876354,0.01713471442863506,0.05689713035012848,3,2025-04-16,2026-01-06,141.0
2025-06-03,dlog_SOLVPN__dlog_OIL,dlog_SOLVPN,dlog_OIL,0.11166941870113299,0.016562679492489712,0.09510673920864328,3,2025-04-16,2026-01-06,141.0
2025-06-04,dlog_SOLVPN__dlog_OIL,dlog_SOLVPN,dlog_OIL,0.10144302900541742,0.03925928676559206,0.06218374223982536,3,2025-04-16,2026-01-06,141.0
2025-06-05,dlog_SOLVPN__dlog_OIL,dlog_SOLVPN,dlog_OIL,0.10724664479714652,0.038388387450167406,0.06885825734697912,3,2025-04-16,2026-01-06,141.0
2025-06-09,dlog_SOLVPN__dlog_OIL,dlog_SOLVPN,dlog_OIL,0.0911119596855767,0.037640320122822354,0.053471639562754344,3,2025-04-16,2026-01-06,141.0
2025-06-10,dlog_SOLVPN__dlog_OIL,dlog_SOLVPN,dlog_OIL,0.09551929847733694,0.040900160704020055,0.05461913777331688,3,2025-04-16,2026-01-06,141.0
2025-06-11,dlog_SOLVPN__dlog_OIL,dlog_SOLVPN,dlog_OIL,0.1143461151528252,0.0309179746735447,0.08342814047928049,3,2025-04-16,2026-01-06,141.0
2025-06-12,dlog_SOLVPN__dlog_OIL,dlog_SOLVPN,dlog_OIL,0.09941379464217233,0.039152616753178986,0.06026117788899334,3,2025-04-16,2026-01-06,141.0
2025-06-16,dlog_SOLVPN__dlog_OIL,dlog_SOLVPN,dlog_OIL,0.09636916909112138,0.018190195297749855,0.07817897379337152,3,2025-04-16,2026-01-06,141.0
2025-06-17,dlog_SOLVPN__dlog_OIL,dlog_SOLVPN,dlog_OIL,0.18807161387520355,0.023008188780677077,0.16506342509452648,3,2025-04-16,2026-01-06,141.0
2025-06-18,dlog_SOLVPN__dlog_OIL,dlog_SOLVPN,dlog_OIL,0.1728615390750118,0.015360511328131087,0.1575010277468807,3,2025-04-16,2026-01-06,141.0
2025-06-23,dlog_SOLVPN__dlog_OIL,dlog_SOLVPN,dlog_OIL,0.12977727026984182,0.03534565816932354,0.09443161210051827,3,2025-04-16,2026-01-06,141.0
2025-06-24,dlog_SOLVPN__dlog_OIL,dlog_SOLVPN,dlog_OIL,0.11346960619449477,0.05999644026197429,0.05347316593252048,3,2025-04-16,2026-01-06,141.0
2025-06-25,dlog_SOLVPN__dlog_OIL,dlog_SOLVPN,dlog_OIL,0.10237019728581924,0.029411204828979284,0.07295899245683996,3,2025-04-16,2026-01-06,141.0
2025-06-26,dlog_SOLVPN__dlog_OIL,dlog_SOLVPN,dlog_OIL,0.10654104511264524,0.030930060895826894,0.07561098421681835,3,2025-04-16,2026-01-06,141.0
2025-06-30,dlog_SOLVPN__dlog_OIL,dlog_SOLVPN,dlog_OIL,0.10747191460062558,0.02673732188975159,0.08073459271087399,3,2025-04-16,2026-01-06,141.0
2025-07-01,dlog_SOLVPN__dlog_OIL,dlog_SOLVPN,dlog_OIL,0.11319518540214958,0.02535614133811314,0.08783904406403645,3,2025-04-16,2026-01-06,141.0
2025-07-02,dlog_SOLVPN__dlog_OIL,dlog_SOLVPN,dlog_OIL,0.07850391835452539,0.020201466847364343,0.05830245150716104,3,2025-04-16,2026-01-06,141.0
2025-07-03,dlog_SOLVPN__dlog_OIL,dlog_SOLVPN,dlog_OIL,0.08230355112270801,0.019490879182593724,0.06281267194011429,3,2025-04-16,2026-01-06,141.0
2025-07-07,dlog_SOLVPN__dlog_OIL,dlog_SOLVPN,dlog_OIL,0.08629351743203256,0.017645261946371876,0.06864825548566068,3,2025-04-16,2026-01-06,141.0
2025-07-08,dlog_SOLVPN__dlog_OIL,dlog_SOLVPN,dlog_OIL,0.13761521392657539,0.030290112097754673,0.10732510182882071,3,2025-04-16,2026-01-06,141.0
2025-07-09,dlog_SOLVPN__dlog_OIL,dlog_SOLVPN,dlog_OIL,0.07331523178546823,0.07602574278550868,-0.0027105110000404525,3,2025-04-16,2026-01-06,141.0
2025-07-10,dlog_SOLVPN__dlog_OIL,dlog_SOLVPN,dlog_OIL,0.0697530036751667,0.07591733331388677,-0.006164329638720073,3,2025-04-16,2026-01-06,141.0
2025-07-14,dlog_SOLVPN__dlog_OIL,dlog_SOLVPN,dlog_OIL,0.0736965607290703,0.06885816499217051,0.0048383957368997865,3,2025-04-16,2026-01-06,141.0
2025-07-15,dlog_SOLVPN__dlog_OIL,dlog_SOLVPN,dlog_OIL,0.0781885207753385,0.06637345139591178,0.011815069379426724,3,2025-04-16,2026-01-06,141.0
2025-07-16,dlog_SOLVPN__dlog_OIL,dlog_SOLVPN,dlog_OIL,0.07667882143021473,0.07925214995131,-0.002573328521095264,3,2025-04-16,2026-01-06,141.0
2025-07-17,dlog_SOLVPN__dlog_OIL,dlog_SOLVPN,dlog_OIL,0.09160226382987822,0.0750992186782252,0.01650304515165303,3,2025-04-16,2026-01-06,141.0
2025-07-21,dlog_SOLVPN__dlog_OIL,dlog_SOLVPN,dlog_OIL,0.08939251146951362,0.06692330266726942,0.022469208802244192,3,2025-04-16,2026-01-06,141.0
2025-07-22,dlog_SOLVPN__dlog_OIL,dlog_SOLVPN,dlog_OIL,0.08550019271870625,0.07961694486608471,0.005883247852621537,3,2025-04-16,2026-01-06,141.0
2025-07-23,dlog_SOLVPN__dlog_OIL,dlog_SOLVPN,dlog_OIL,0.08641020045181028,0.09306246278974505,-0.0066522623379347695,3,2025-04-16,2026-01-06,141.0
2025-07-24,dlog_SOLVPN__dlog_OIL,dlog_SOLVPN,dlog_OIL,0.09195406787466641,0.11142347685905296,-0.019469408984386552,3,2025-04-16,2026-01-06,141.0
2025-07-28,dlog_SOLVPN__dlog_OIL,dlog_SOLVPN,dlog_OIL,0.09758157750765006,0.12242325977255952,-0.02484168226490946,3,2025-04-16,2026-01-06,141.0
2025-07-29,dlog_SOLVPN__dlog_OIL,dlog_SOLVPN,dlog_OIL,0.09064951910720112,0.11507156963457076,-0.024422050527369635,3,2025-04-16,2026-01-06,141.0
2025-07-30,dlog_SOLVPN__dlog_OIL,dlog_SOLVPN,dlog_OIL,0.10028318035355965,0.1326445508730914,-0.03236137051953175,3,2025-04-16,2026-01-06,141.0
2025-07-31,dlog_SOLVPN__dlog_OIL,dlog_SOLVPN,dlog_OIL,0.05904395519207396,0.11992292621428614,-0.06087897102221218,3,2025-04-16,2026-01-06,141.0
2025-08-04,dlog_SOLVPN__dlog_OIL,dlog_SOLVPN,dlog_OIL,0.11621822725568315,0.1632663911017302,-0.04704816384604704,3,2025-04-16,2026-01-06,141.0
2025-08-05,dlog_SOLVPN__dlog_OIL,dlog_SOLVPN,dlog_OIL,0.10158892092964164,0.1301968114930533,-0.028607890563411648,3,2025-04-16,2026-01-06,141.0
2025-08-06,dlog_SOLVPN__dlog_OIL,dlog_SOLVPN,dlog_OIL,0.09091266376802706,0.12925327753107552,-0.03834061376304845,3,2025-04-16,2026-01-06,141.0
2025-08-07,dlog_SOLVPN__dlog_OIL,dlog_SOLVPN,dlog_OIL,0.0932473553418775,0.12534132666424944,-0.032093971322371934,3,2025-04-16,2026-01-06,141.0
2025-08-11,dlog_SOLVPN__dlog_OIL,dlog_SOLVPN,dlog_OIL,0.09179319765212396,0.1265042137724999,-0.03471101612037594,3,2025-04-16,2026-01-06,141.0
2025-08-12,dlog_SOLVPN__dlog_OIL,dlog_SOLVPN,dlog_OIL,0.10721447403287918,0.13157517005669267,-0.024360696023813494,3,2025-04-16,2026-01-06,141.0
2025-08-13,dlog_SOLVPN__dlog_OIL,dlog_SOLVPN,dlog_OIL,0.12968517657360756,0.12326295447058878,0.006422222103018779,3,2025-04-16,2026-01-06,141.0
2025-08-14,dlog_SOLVPN__dlog_OIL,dlog_SOLVPN,dlog_OIL,0.1405979067425105,0.13103182775606423,0.009566078986446264,3,2025-04-16,2026-01-06,141.0
2025-08-18,dlog_SOLVPN__dlog_OIL,dlog_SOLVPN,dlog_OIL,0.14107294367808249,0.13199626083979307,0.009076682838289413,3,2025-04-16,2026-01-06,141.0
2025-08-19,dlog_SOLVPN__dlog_OIL,dlog_SOLVPN,dlog_OIL,0.13582220633067357,0.13070945739617304,0.005112748934500533,3,2025-04-16,2026-01-06,141.0
2025-08-20,dlog_SOLVPN__dlog_OIL,dlog_SOLVPN,dlog_OIL,0.1354643727114621,0.12214178153631759,0.013322591175144519,3,2025-04-16,2026-01-06,141.0
2025-08-21,dlog_SOLVPN__dlog_OIL,dlog_SOLVPN,dlog_OIL,0.1381250826348817,0.1307720330564267,0.0073530495784550065,3,2025-04-16,2026-01-06,141.0
2025-08-25,dlog_SOLVPN__dlog_OIL,dlog_SOLVPN,dlog_OIL,0.15320377941680532,0.1420064050355167,0.011197374381288622,3,2025-04-16,2026-01-06,141.0
2025-08-26,dlog_SOLVPN__dlog_OIL,dlog_SOLVPN,dlog_OIL,0.14287639107690453,0.13620747298404262,0.0066689180928619085,3,2025-04-16,2026-01-06,141.0
2025-08-27,dlog_SOLVPN__dlog_OIL,dlog_SOLVPN,dlog_OIL,0.1441131062853376,0.12796873228779043,0.016144373997547173,3,2025-04-16,2026-01-06,141.0
2025-08-28,dlog_SOLVPN__dlog_OIL,dlog_SOLVPN,dlog_OIL,0.1435820966337759,0.11191438820706538,0.03166770842671053,3,2025-04-16,2026-01-06,141.0
2025-09-02,dlog_SOLVPN__dlog_OIL,dlog_SOLVPN,dlog_OIL,0.14483361009874715,0.07994137828876575,0.0648922318099814,3,2025-04-16,2026-01-06,141.0
2025-09-03,dlog_SOLVPN__dlog_OIL,dlog_SOLVPN,dlog_OIL,0.10514445097537993,0.06358507143900494,0.041559379536374993,3,2025-04-16,2026-01-06,141.0
2025-09-04,dlog_SOLVPN__dlog_OIL,dlog_SOLVPN,dlog_OIL,0.10549573839955505,0.06800390397168181,0.03749183442787324,3,2025-04-16,2026-01-06,141.0
2025-09-08,dlog_SOLVPN__dlog_OIL,dlog_SOLVPN,dlog_OIL,0.11355216368201645,0.08127385287249168,0.03227831080952477,3,2025-04-16,2026-01-06,141.0
2025-09-09,dlog_SOLVPN__dlog_OIL,dlog_SOLVPN,dlog_OIL,0.0943421574801691,0.07489127997142069,0.01945087750874841,3,2025-04-16,2026-01-06,141.0
2025-09-10,dlog_SOLVPN__dlog_OIL,dlog_SOLVPN,dlog_OIL,0.07795060917439413,0.058152245370229456,0.01979836380416467,3,2025-04-16,2026-01-06,141.0
2025-09-11,dlog_SOLVPN__dlog_OIL,dlog_SOLVPN,dlog_OIL,0.07054089927354842,0.07741990508965983,-0.006879005816111408,3,2025-04-16,2026-01-06,141.0
2025-09-15,dlog_SOLVPN__dlog_OIL,dlog_SOLVPN,dlog_OIL,0.08782063429596625,0.07722473741376978,0.010595896882196462,3,2025-04-16,2026-01-06,141.0
2025-09-16,dlog_SOLVPN__dlog_OIL,dlog_SOLVPN,dlog_OIL,0.09838794019524483,0.07063949308153741,0.027748447113707414,3,2025-04-16,2026-01-06,141.0
2025-09-17,dlog_SOLVPN__dlog_OIL,dlog_SOLVPN,dlog_OIL,0.09487656994351612,0.06564480768350184,0.029231762260014282,3,2025-04-16,2026-01-06,141.0
2025-09-18,dlog_SOLVPN__dlog_OIL,dlog_SOLVPN,dlog_OIL,0.0910290837864001,0.06410297359204714,0.026926110194352953,3,2025-04-16,2026-01-06,141.0
2025-09-22,dlog_SOLVPN__dlog_OIL,dlog_SOLVPN,dlog_OIL,0.09161065543281181,0.0534438614100156,0.03816679402279621,3,2025-04-16,2026-01-06,141.0
2025-09-23,dlog_SOLVPN__dlog_OIL,dlog_SOLVPN,dlog_OIL,0.09105803676125067,0.055911447470001895,0.035146589291248774,3,2025-04-16,2026-01-06,141.0
2025-09-24,dlog_SOLVPN__dlog_OIL,dlog_SOLVPN,dlog_OIL,0.08772709180282183,0.059575111830058175,0.028151979972763655,3,2025-04-16,2026-01-06,141.0
2025-09-25,dlog_SOLVPN__dlog_OIL,dlog_SOLVPN,dlog_OIL,0.07857949827499001,0.05722125663751172,0.021358241637478292,3,2025-04-16,2026-01-06,141.0
2025-09-29,dlog_SOLVPN__dlog_OIL,dlog_SOLVPN,dlog_OIL,0.07225477855897876,0.05263137710155864,0.019623401457420114,3,2025-04-16,2026-01-06,141.0
2025-09-30,dlog_SOLVPN__dlog_OIL,dlog_SOLVPN,dlog_OIL,0.12227056758995922,0.1694664153997404,-0.04719584780978117,3,2025-04-16,2026-01-06,141.0
2025-10-01,dlog_SOLVPN__dlog_OIL,dlog_SOLVPN,dlog_OIL,0.11694264821653379,0.1745087002540098,-0.057566052037476015,3,2025-04-16,2026-01-06,141.0
2025-10-02,dlog_SOLVPN__dlog_OIL,dlog_SOLVPN,dlog_OIL,0.12631833119183578,0.250996421752766,-0.12467809056093021,3,2025-04-16,2026-01-06,141.0
2025-10-06,dlog_SOLVPN__dlog_OIL,dlog_SOLVPN,dlog_OIL,0.12733803593101267,0.20072747602824523,-0.07338944009723256,3,2025-04-16,2026-01-06,141.0
2025-10-07,dlog_SOLVPN__dlog_OIL,dlog_SOLVPN,dlog_OIL,0.11503100798084015,0.186129336501201,-0.07109832852036085,3,2025-04-16,2026-01-06,141.0
2025-10-08,dlog_SOLVPN__dlog_OIL,dlog_SOLVPN,dlog_OIL,0.08984953739898757,0.0918073966215389,-0.001957859222551331,3,2025-04-16,2026-01-06,141.0
2025-10-09,dlog_SOLVPN__dlog_OIL,dlog_SOLVPN,dlog_OIL,0.06993468524250254,0.0983418197811677,-0.028407134538665155,3,2025-04-16,2026-01-06,141.0
2025-10-14,dlog_SOLVPN__dlog_OIL,dlog_SOLVPN,dlog_OIL,0.06486830972319112,0.08910605345372985,-0.024237743730538733,3,2025-04-16,2026-01-06,141.0
2025-10-15,dlog_SOLVPN__dlog_OIL,dlog_SOLVPN,dlog_OIL,0.06333680818778475,0.06053676559899718,0.002800042588787577,3,2025-04-16,2026-01-06,141.0
2025-10-16,dlog_SOLVPN__dlog_OIL,dlog_SOLVPN,dlog_OIL,0.08519064350048314,0.030103886267148626,0.05508675723333451,3,2025-04-16,2026-01-06,141.0
2025-10-20,dlog_SOLVPN__dlog_OIL,dlog_SOLVPN,dlog_OIL,0.0351063437850239,0.020937250660141144,0.014169093124882754,3,2025-04-16,2026-01-06,141.0
2025-10-21,dlog_SOLVPN__dlog_OIL,dlog_SOLVPN,dlog_OIL,0.038666435064915156,0.0163137869219645,0.022352648142950654,3,2025-04-16,2026-01-06,141.0
2025-10-22,dlog_SOLVPN__dlog_OIL,dlog_SOLVPN,dlog_OIL,0.0383733413535799,0.01855838876515086,0.01981495258842904,3,2025-04-16,2026-01-06,141.0
2025-10-23,dlog_SOLVPN__dlog_OIL,dlog_SOLVPN,dlog_OIL,0.02464716775284331,0.00512674672956316,0.01952042102328015,3,2025-04-16,2026-01-06,141.0
2025-10-27,dlog_SOLVPN__dlog_OIL,dlog_SOLVPN,dlog_OIL,0.05244613440116504,0.05805846431384769,-0.005612329912682651,3,2025-04-16,2026-01-06,141.0
2025-10-28,dlog_SOLVPN__dlog_OIL,dlog_SOLVPN,dlog_OIL,0.08070334299484404,0.059762289191628175,0.020941053803215863,3,2025-04-16,2026-01-06,141.0
2025-10-29,dlog_SOLVPN__dlog_OIL,dlog_SOLVPN,dlog_OIL,0.08184190936403417,0.05948506100542045,0.02235684835861372,3,2025-04-16,2026-01-06,141.0
2025-10-30,dlog_SOLVPN__dlog_OIL,dlog_SOLVPN,dlog_OIL,0.07918214899729895,0.05621059923169106,0.022971549765607883,3,2025-04-16,2026-01-06,141.0
2025-11-03,dlog_SOLVPN__dlog_OIL,dlog_SOLVPN,dlog_OIL,0.08966454975288753,0.06105908515528669,0.028605464597600834,3,2025-04-16,2026-01-06,141.0
2025-11-04,dlog_SOLVPN__dlog_OIL,dlog_SOLVPN,dlog_OIL,0.09963676923565576,0.050262472800562744,0.049374296435093015,3,2025-04-16,2026-01-06,141.0
2025-11-05,dlog_SOLVPN__dlog_OIL,dlog_SOLVPN,dlog_OIL,0.039644781309812284,0.07189034069963361,-0.03224555938982133,3,2025-04-16,2026-01-06,141.0
2025-11-06,dlog_SOLVPN__dlog_OIL,dlog_SOLVPN,dlog_OIL,0.038146604390328326,0.08433205497670263,-0.0461854505863743,3,2025-04-16,2026-01-06,141.0
2025-11-10,dlog_SOLVPN__dlog_OIL,dlog_SOLVPN,dlog_OIL,0.03346882493188142,0.08384978330919628,-0.050380958377314856,3,2025-04-16,2026-01-06,141.0
2025-11-12,dlog_SOLVPN__dlog_OIL,dlog_SOLVPN,dlog_OIL,0.08184036894461082,0.07866953316673872,0.003170835777872097,3,2025-04-16,2026-01-06,141.0
2025-11-13,dlog_SOLVPN__dlog_OIL,dlog_SOLVPN,dlog_OIL,0.11463595360694324,0.12479580189622992,-0.010159848289286677,3,2025-04-16,2026-01-06,141.0
2025-11-17,dlog_SOLVPN__dlog_OIL,dlog_SOLVPN,dlog_OIL,0.025189511681041603,0.06302225746131926,-0.037832745780277656,3,2025-04-16,2026-01-06,141.0
2025-11-18,dlog_SOLVPN__dlog_OIL,dlog_SOLVPN,dlog_OIL,0.034194204637636845,0.12184249236397948,-0.08764828772634264,3,2025-04-16,2026-01-06,141.0
2025-11-19,dlog_SOLVPN__dlog_OIL,dlog_SOLVPN,dlog_OIL,0.01588266471569737,0.12785136894028287,-0.1119687042245855,3,2025-04-16,2026-01-06,141.0
2025-11-20,dlog_SOLVPN__dlog_OIL,dlog_SOLVPN,dlog_OIL,0.009787829139807538,0.13265462512741188,-0.12286679598760435,3,2025-04-16,2026-01-06,141.0
2025-11-24,dlog_SOLVPN__dlog_OIL,dlog_SOLVPN,dlog_OIL,0.012487157028716585,0.1079133777383836,-0.09542622070966701,3,2025-04-16,2026-01-06,141.0
2025-11-25,dlog_SOLVPN__dlog_OIL,dlog_SOLVPN,dlog_OIL,0.02410798318154881,0.10262205712895009,-0.07851407394740129,3,2025-04-16,2026-01-06,141.0
2025-11-26,dlog_SOLVPN__dlog_OIL,dlog_SOLVPN,dlog_OIL,0.02369501872267191,0.09757517511508944,-0.07388015639241753,3,2025-04-16,2026-01-06,141.0
2025-12-01,dlog_SOLVPN__dlog_OIL,dlog_SOLVPN,dlog_OIL,0.007783982858037868,0.07359137289813518,-0.06580739004009731,3,2025-04-16,2026-01-06,141.0
2025-12-02,dlog_SOLVPN__dlog_OIL,dlog_SOLVPN,dlog_OIL,0.004966915528206763,0.07181991072133632,-0.06685299519312957,3,2025-04-16,2026-01-06,141.0
2025-12-03,dlog_SOLVPN__dlog_OIL,dlog_SOLVPN,dlog_OIL,0.003664820458627538,0.05170240668958553,-0.04803758623095799,3,2025-04-16,2026-01-06,141.0
2025-12-04,dlog_SOLVPN__dlog_OIL,dlog_SOLVPN,dlog_OIL,0.0035621334296405864,0.054399603519171245,-0.050837470089530656,3,2025-04-16,2026-01-06,141.0
2025-12-08,dlog_SOLVPN__dlog_OIL,dlog_SOLVPN,dlog_OIL,0.020125503125474804,0.05936795908392086,-0.039242455958446054,3,2025-04-16,2026-01-06,141.0
2025-12-09,dlog_SOLVPN__dlog_OIL,dlog_SOLVPN,dlog_OIL,0.019252873872596953,0.06578673593450374,-0.04653386206190678,3,2025-04-16,2026-01-06,141.0
2025-12-10,dlog_SOLVPN__dlog_OIL,dlog_SOLVPN,dlog_OIL,0.017801280194929592,0.07808361541761877,-0.06028233522268918,3,2025-04-16,2026-01-06,141.0
2025-12-11,dlog_SOLVPN__dlog_OIL,dlog_SOLVPN,dlog_OIL,0.02554944495909842,0.1264703119883049,-0.1009208670292065,3,2025-04-16,2026-01-06,141.0
2025-12-15,dlog_SOLVPN__dlog_OIL,dlog_SOLVPN,dlog_OIL,0.023514113886934394,0.13368146520822433,-0.11016735132128994,3,2025-04-16,2026-01-06,141.0
2025-12-16,dlog_SOLVPN__dlog_OIL,dlog_SOLVPN,dlog_OIL,0.022902281457239663,0.10795010847772803,-0.08504782702048837,3,2025-04-16,2026-01-06,141.0
2025-12-17,dlog_SOLVPN__dlog_OIL,dlog_SOLVPN,dlog_OIL,0.030758005318679844,0.1279232043091702,-0.09716519899049036,3,2025-04-16,2026-01-06,141.0
2025-12-18,dlog_SOLVPN__dlog_OIL,dlog_SOLVPN,dlog_OIL,0.050281576676597134,0.1382173103343585,-0.08793573365776136,3,2025-04-16,2026-01-06,141.0
2025-12-22,dlog_SOLVPN__dlog_OIL,dlog_SOLVPN,dlog_OIL,0.10385311567287744,0.13333645901453256,-0.029483343341655116,3,2025-04-16,2026-01-06,141.0
2025-12-23,dlog_SOLVPN__dlog_OIL,dlog_SOLVPN,dlog_OIL,0.07753699272348862,0.12443129407256047,-0.046894301349071854,3,2025-04-16,2026-01-06,141.0
2025-12-29,dlog_SOLVPN__dlog_OIL,dlog_SOLVPN,dlog_OIL,0.051135435810776404,0.10157096497429569,-0.05043552916351928,3,2025-04-16,2026-01-06,141.0
2025-12-30,dlog_SOLVPN__dlog_OIL,dlog_SOLVPN,dlog_OIL,0.09026042986193297,0.10367179187188179,-0.013411362009948816,3,2025-04-16,2026-01-06,141.0
2026-01-05,dlog_SOLVPN__dlog_OIL,dlog_SOLVPN,dlog_OIL,0.08808451648783011,0.0976046030614865,-0.009520086573656383,3,2025-04-16,2026-01-06,141.0
2026-01-06,dlog_SOLVPN__dlog_OIL,dlog_SOLVPN,dlog_OIL,0.049747079562670195,0.11594298070326066,-0.06619590114059046,3,2025-04-16,2026-01-06,141.0
2022-12-05,dlog_SOLVPN__dlog_GAS,dlog_SOLVPN,dlog_GAS,0.03237645349004607,0.004862614715577641,0.027513838774468433,0,2022-12-01,2023-10-30,180.0
2022-12-06,dlog_SOLVPN__dlog_GAS,dlog_SOLVPN,dlog_GAS,0.03429888300867384,0.07143638040315098,-0.03713749739447714,0,2022-12-01,2023-10-30,180.0
2022-12-07,dlog_SOLVPN__dlog_GAS,dlog_SOLVPN,dlog_GAS,0.0550599357363981,0.047402625779289595,0.007657309957108505,0,2022-12-01,2023-10-30,180.0
2022-12-08,dlog_SOLVPN__dlog_GAS,dlog_SOLVPN,dlog_GAS,0.027896976954162555,0.036358956074954187,-0.008461979120791632,0,2022-12-01,2023-10-30,180.0
2022-12-12,dlog_SOLVPN__dlog_GAS,dlog_SOLVPN,dlog_GAS,0.11976787694737785,0.035685979620749785,0.08408189732662807,0,2022-12-01,2023-10-30,180.0
2022-12-13,dlog_SOLVPN__dlog_GAS,dlog_SOLVPN,dlog_GAS,0.1603786719706603,0.131620506201636,0.02875816576902429,0,2022-12-01,2023-10-30,180.0
2022-12-14,dlog_SOLVPN__dlog_GAS,dlog_SOLVPN,dlog_GAS,0.11712291978237949,0.05834911743414041,0.058773802348239076,0,2022-12-01,2023-10-30,180.0
2022-12-15,dlog_SOLVPN__dlog_GAS,dlog_SOLVPN,dlog_GAS,0.10817642977136167,0.031205867186423458,0.07697056258493822,0,2022-12-01,2023-10-30,180.0
2022-12-19,dlog_SOLVPN__dlog_GAS,dlog_SOLVPN,dlog_GAS,0.057102507290682836,0.11513056966928983,-0.058028062378607,0,2022-12-01,2023-10-30,180.0
2022-12-20,dlog_SOLVPN__dlog_GAS,dlog_SOLVPN,dlog_GAS,0.13089071414456793,0.004026506792550634,0.1268642073520173,0,2022-12-01,2023-10-30,180.0
2022-12-21,dlog_SOLVPN__dlog_GAS,dlog_SOLVPN,dlog_GAS,0.12446809507762346,0.02243738604005819,0.10203070903756528,0,2022-12-01,2023-10-30,180.0
2022-12-22,dlog_SOLVPN__dlog_GAS,dlog_SOLVPN,dlog_GAS,0.10226090642242276,0.05646280226060211,0.04579810416182065,0,2022-12-01,2023-10-30,180.0
2022-12-27,dlog_SOLVPN__dlog_GAS,dlog_SOLVPN,dlog_GAS,0.04650234317553785,0.10190467324457307,-0.05540233006903522,0,2022-12-01,2023-10-30,180.0
2022-12-28,dlog_SOLVPN__dlog_GAS,dlog_SOLVPN,dlog_GAS,0.08282984035318385,0.028322731944271165,0.05450710840891268,0,2022-12-01,2023-10-30,180.0
2022-12-29,dlog_SOLVPN__dlog_GAS,dlog_SOLVPN,dlog_GAS,0.11711194302258288,0.0288236200010282,0.08828832302155468,0,2022-12-01,2023-10-30,180.0
2023-01-03,dlog_SOLVPN__dlog_GAS,dlog_SOLVPN,dlog_GAS,0.1397618659319107,0.029533241922890495,0.1102286240090202,0,2022-12-01,2023-10-30,180.0
2023-01-04,dlog_SOLVPN__dlog_GAS,dlog_SOLVPN,dlog_GAS,0.12933021095570488,0.13720113406695378,-0.007870923111248901,0,2022-12-01,2023-10-30,180.0
2023-01-05,dlog_SOLVPN__dlog_GAS,dlog_SOLVPN,dlog_GAS,0.13119327515615462,0.024899445006666104,0.10629383014948851,0,2022-12-01,2023-10-30,180.0
2023-01-09,dlog_SOLVPN__dlog_GAS,dlog_SOLVPN,dlog_GAS,0.1400430653027008,0.03108114867775446,0.10896191662494634,0,2022-12-01,2023-10-30,180.0
2023-01-10,dlog_SOLVPN__dlog_GAS,dlog_SOLVPN,dlog_GAS,0.12642041187608924,0.03280020768118131,0.09362020419490794,0,2022-12-01,2023-10-30,180.0
2023-01-11,dlog_SOLVPN__dlog_GAS,dlog_SOLVPN,dlog_GAS,0.12256305696393201,0.026146521728275144,0.09641653523565687,0,2022-12-01,2023-10-30,180.0
2023-01-12,dlog_SOLVPN__dlog_GAS,dlog_SOLVPN,dlog_GAS,0.08124843518259885,0.02333602106289907,0.05791241411969977,0,2022-12-01,2023-10-30,180.0
2023-01-17,dlog_SOLVPN__dlog_GAS,dlog_SOLVPN,dlog_GAS,0.08458512231540719,0.03072003825590688,0.0538650840595003,0,2022-12-01,2023-10-30,180.0
2023-01-18,dlog_SOLVPN__dlog_GAS,dlog_SOLVPN,dlog_GAS,0.09852689227180075,0.018833257916188846,0.07969363435561191,0,2022-12-01,2023-10-30,180.0
2023-01-19,dlog_SOLVPN__dlog_GAS,dlog_SOLVPN,dlog_GAS,0.05481820587203375,0.028451124897069392,0.02636708097496436,0,2022-12-01,2023-10-30,180.0
2023-01-23,dlog_SOLVPN__dlog_GAS,dlog_SOLVPN,dlog_GAS,0.026307014681382832,0.017862034555491704,0.008444980125891129,0,2022-12-01,2023-10-30,180.0
2023-01-24,dlog_SOLVPN__dlog_GAS,dlog_SOLVPN,dlog_GAS,0.028385996023561084,0.020627890168070127,0.007758105855490957,0,2022-12-01,2023-10-30,180.0
2023-01-25,dlog_SOLVPN__dlog_GAS,dlog_SOLVPN,dlog_GAS,0.028550374242768326,0.015101261112869604,0.013449113129898722,0,2022-12-01,2023-10-30,180.0
2023-01-26,dlog_SOLVPN__dlog_GAS,dlog_SOLVPN,dlog_GAS,0.03297503711916393,0.05686962836655918,-0.02389459124739525,0,2022-12-01,2023-10-30,180.0
2023-01-30,dlog_SOLVPN__dlog_GAS,dlog_SOLVPN,dlog_GAS,0.009248121935597672,0.014031790714301207,-0.004783668778703535,0,2022-12-01,2023-10-30,180.0
2023-01-31,dlog_SOLVPN__dlog_GAS,dlog_SOLVPN,dlog_GAS,0.012496981676478293,0.010604050652572283,0.0018929310239060096,0,2022-12-01,2023-10-30,180.0
2023-02-01,dlog_SOLVPN__dlog_GAS,dlog_SOLVPN,dlog_GAS,0.028277136120051876,0.009021053246884332,0.019256082873167546,0,2022-12-01,2023-10-30,180.0
2023-02-02,dlog_SOLVPN__dlog_GAS,dlog_SOLVPN,dlog_GAS,0.038969079939006335,0.02384820262752195,0.015120877311484385,0,2022-12-01,2023-10-30,180.0
2023-02-06,dlog_SOLVPN__dlog_GAS,dlog_SOLVPN,dlog_GAS,0.05410907589051263,0.020561299381480005,0.03354777650903262,0,2022-12-01,2023-10-30,180.0
2023-02-07,dlog_SOLVPN__dlog_GAS,dlog_SOLVPN,dlog_GAS,0.0579219072598561,0.036100043490659414,0.021821863769196682,0,2022-12-01,2023-10-30,180.0
2023-02-08,dlog_SOLVPN__dlog_GAS,dlog_SOLVPN,dlog_GAS,0.057211430965476824,0.0401369514627826,0.017074479502694223,0,2022-12-01,2023-10-30,180.0
2023-02-09,dlog_SOLVPN__dlog_GAS,dlog_SOLVPN,dlog_GAS,0.05887533499392886,0.03598652634794827,0.022888808645980585,0,2022-12-01,2023-10-30,180.0
2023-02-13,dlog_SOLVPN__dlog_GAS,dlog_SOLVPN,dlog_GAS,0.06621799264271519,0.03725337179919425,0.028964620843520937,0,2022-12-01,2023-10-30,180.0
2023-02-14,dlog_SOLVPN__dlog_GAS,dlog_SOLVPN,dlog_GAS,0.0667079331998551,0.0410643304306549,0.025643602769200205,0,2022-12-01,2023-10-30,180.0
2023-02-15,dlog_SOLVPN__dlog_GAS,dlog_SOLVPN,dlog_GAS,0.0560897494980778,0.04263344746021657,0.013456302037861231,0,2022-12-01,2023-10-30,180.0
2023-02-16,dlog_SOLVPN__dlog_GAS,dlog_SOLVPN,dlog_GAS,0.051525728420878734,0.04348913188461381,0.008036596536264921,0,2022-12-01,2023-10-30,180.0
2023-02-21,dlog_SOLVPN__dlog_GAS,dlog_SOLVPN,dlog_GAS,0.05408115300404051,0.03698860110935464,0.01709255189468587,0,2022-12-01,2023-10-30,180.0
2023-02-22,dlog_SOLVPN__dlog_GAS,dlog_SOLVPN,dlog_GAS,0.04753401962900232,0.032049001361940894,0.015485018267061425,0,2022-12-01,2023-10-30,180.0
2023-02-23,dlog_SOLVPN__dlog_GAS,dlog_SOLVPN,dlog_GAS,0.05533834385088042,0.0443862772148744,0.010952066636006022,0,2022-12-01,2023-10-30,180.0
2023-02-27,dlog_SOLVPN__dlog_GAS,dlog_SOLVPN,dlog_GAS,0.05643369195889798,0.04008542993727112,0.016348262021626862,0,2022-12-01,2023-10-30,180.0
2023-02-28,dlog_SOLVPN__dlog_GAS,dlog_SOLVPN,dlog_GAS,0.0568079392541041,0.04662366471228865,0.010184274541815454,0,2022-12-01,2023-10-30,180.0
2023-03-01,dlog_SOLVPN__dlog_GAS,dlog_SOLVPN,dlog_GAS,0.05696852077512135,0.04477569396361813,0.012192826811503223,0,2022-12-01,2023-10-30,180.0
2023-03-02,dlog_SOLVPN__dlog_GAS,dlog_SOLVPN,dlog_GAS,0.061820848265608144,0.047306493472848585,0.01451435479275956,0,2022-12-01,2023-10-30,180.0
2023-03-06,dlog_SOLVPN__dlog_GAS,dlog_SOLVPN,dlog_GAS,0.05623077024361579,0.05108947483697818,0.00514129540663761,0,2022-12-01,2023-10-30,180.0
2023-03-07,dlog_SOLVPN__dlog_GAS,dlog_SOLVPN,dlog_GAS,0.0471298897496946,0.04345398849057203,0.003675901259122566,0,2022-12-01,2023-10-30,180.0
2023-03-08,dlog_SOLVPN__dlog_GAS,dlog_SOLVPN,dlog_GAS,0.04291965643101592,0.055689711833758815,-0.012770055402742897,0,2022-12-01,2023-10-30,180.0
2023-03-09,dlog_SOLVPN__dlog_GAS,dlog_SOLVPN,dlog_GAS,0.057001828508645866,0.05491876618846034,0.0020830623201855275,0,2022-12-01,2023-10-30,180.0
2023-03-13,dlog_SOLVPN__dlog_GAS,dlog_SOLVPN,dlog_GAS,0.04152937144214341,0.05990081131425344,-0.018371439872110033,0,2022-12-01,2023-10-30,180.0
2023-03-14,dlog_SOLVPN__dlog_GAS,dlog_SOLVPN,dlog_GAS,0.030363904658105397,0.06308216354187231,-0.03271825888376691,0,2022-12-01,2023-10-30,180.0
2023-03-15,dlog_SOLVPN__dlog_GAS,dlog_SOLVPN,dlog_GAS,0.037575888274267964,0.030239152052754265,0.0073367362215137,0,2022-12-01,2023-10-30,180.0
2023-03-16,dlog_SOLVPN__dlog_GAS,dlog_SOLVPN,dlog_GAS,0.035592203663042304,0.03741707515267842,-0.0018248714896361151,0,2022-12-01,2023-10-30,180.0
2023-03-20,dlog_SOLVPN__dlog_GAS,dlog_SOLVPN,dlog_GAS,0.032244185705701776,0.030671171526911928,0.0015730141787898486,0,2022-12-01,2023-10-30,180.0
2023-03-21,dlog_SOLVPN__dlog_GAS,dlog_SOLVPN,dlog_GAS,0.030797972974145185,0.03132524019530946,-0.0005272672211642758,0,2022-12-01,2023-10-30,180.0
2023-03-22,dlog_SOLVPN__dlog_GAS,dlog_SOLVPN,dlog_GAS,0.059339017388030955,0.06989878191967704,-0.01055976453164608,0,2022-12-01,2023-10-30,180.0
2023-03-23,dlog_SOLVPN__dlog_GAS,dlog_SOLVPN,dlog_GAS,0.03747114871292496,0.07406927359355683,-0.036598124880631876,0,2022-12-01,2023-10-30,180.0
2023-03-27,dlog_SOLVPN__dlog_GAS,dlog_SOLVPN,dlog_GAS,0.036720824868289585,0.07828788906856247,-0.04156706420027289,0,2022-12-01,2023-10-30,180.0
2023-03-28,dlog_SOLVPN__dlog_GAS,dlog_SOLVPN,dlog_GAS,0.03673487849863122,0.08491649004382797,-0.04818161154519675,0,2022-12-01,2023-10-30,180.0
2023-03-29,dlog_SOLVPN__dlog_GAS,dlog_SOLVPN,dlog_GAS,0.03743052961199913,0.06159572104504542,-0.02416519143304629,0,2022-12-01,2023-10-30,180.0
2023-03-30,dlog_SOLVPN__dlog_GAS,dlog_SOLVPN,dlog_GAS,0.03492681589545946,0.036883540739709605,-0.001956724844250142,0,2022-12-01,2023-10-30,180.0
2023-04-03,dlog_SOLVPN__dlog_GAS,dlog_SOLVPN,dlog_GAS,0.03021334689126696,0.029178220714010526,0.001035126177256436,0,2022-12-01,2023-10-30,180.0
2023-04-04,dlog_SOLVPN__dlog_GAS,dlog_SOLVPN,dlog_GAS,0.02561667980613891,0.022331843528366768,0.0032848362777721414,0,2022-12-01,2023-10-30,180.0
2023-04-05,dlog_SOLVPN__dlog_GAS,dlog_SOLVPN,dlog_GAS,0.025177242946668753,0.024462460952120436,0.0007147819945483164,0,2022-12-01,2023-10-30,180.0
2023-04-10,dlog_SOLVPN__dlog_GAS,dlog_SOLVPN,dlog_GAS,0.021545575099302945,0.030984831076146305,-0.00943925597684336,0,2022-12-01,2023-10-30,180.0
2023-04-11,dlog_SOLVPN__dlog_GAS,dlog_SOLVPN,dlog_GAS,0.018419755392596406,0.029651810423171956,-0.01123205503057555,0,2022-12-01,2023-10-30,180.0
2023-04-12,dlog_SOLVPN__dlog_GAS,dlog_SOLVPN,dlog_GAS,0.016763682792757226,0.029547688716176617,-0.01278400592341939,0,2022-12-01,2023-10-30,180.0
2023-04-13,dlog_SOLVPN__dlog_GAS,dlog_SOLVPN,dlog_GAS,0.029528491736961836,0.038271473895436205,-0.008742982158474369,0,2022-12-01,2023-10-30,180.0
2023-04-17,dlog_SOLVPN__dlog_GAS,dlog_SOLVPN,dlog_GAS,0.051062908500659566,0.03950885172359253,0.011554056777067036,0,2022-12-01,2023-10-30,180.0
2023-04-18,dlog_SOLVPN__dlog_GAS,dlog_SOLVPN,dlog_GAS,0.056509513675399616,0.0321802150144472,0.024329298660952417,0,2022-12-01,2023-10-30,180.0
2023-04-19,dlog_SOLVPN__dlog_GAS,dlog_SOLVPN,dlog_GAS,0.05395533883371387,0.03180260167231934,0.02215273716139453,0,2022-12-01,2023-10-30,180.0
2023-04-20,dlog_SOLVPN__dlog_GAS,dlog_SOLVPN,dlog_GAS,0.06165183894168073,0.04156846483651309,0.02008337410516764,0,2022-12-01,2023-10-30,180.0
2023-04-24,dlog_SOLVPN__dlog_GAS,dlog_SOLVPN,dlog_GAS,0.06102874891826937,0.037838331777783896,0.023190417140485475,0,2022-12-01,2023-10-30,180.0
2023-04-25,dlog_SOLVPN__dlog_GAS,dlog_SOLVPN,dlog_GAS,0.06486264250170305,0.031222820750208394,0.03363982175149466,0,2022-12-01,2023-10-30,180.0
2023-04-26,dlog_SOLVPN__dlog_GAS,dlog_SOLVPN,dlog_GAS,0.05376636567853781,0.03595800464391853,0.01780836103461928,0,2022-12-01,2023-10-30,180.0
2023-04-27,dlog_SOLVPN__dlog_GAS,dlog_SOLVPN,dlog_GAS,0.0414438661487333,0.027629120681284914,0.013814745467448385,0,2022-12-01,2023-10-30,180.0
2023-05-01,dlog_SOLVPN__dlog_GAS,dlog_SOLVPN,dlog_GAS,0.033506508320307174,0.030523647152556063,0.0029828611677511115,0,2022-12-01,2023-10-30,180.0
2023-05-02,dlog_SOLVPN__dlog_GAS,dlog_SOLVPN,dlog_GAS,0.05878288312820799,0.029490573804287067,0.02929230932392092,0,2022-12-01,2023-10-30,180.0
2023-05-03,dlog_SOLVPN__dlog_GAS,dlog_SOLVPN,dlog_GAS,0.09840811419244687,0.05487613591526038,0.04353197827718649,0,2022-12-01,2023-10-30,180.0
2023-05-04,dlog_SOLVPN__dlog_GAS,dlog_SOLVPN,dlog_GAS,0.09743694683024492,0.0506173590813371,0.04681958774890783,0,2022-12-01,2023-10-30,180.0
2023-05-08,dlog_SOLVPN__dlog_GAS,dlog_SOLVPN,dlog_GAS,0.10161069394071064,0.04186975015900642,0.05974094378170421,0,2022-12-01,2023-10-30,180.0
2023-05-09,dlog_SOLVPN__dlog_GAS,dlog_SOLVPN,dlog_GAS,0.110681640662206,0.037125660752682706,0.07355597990952328,0,2022-12-01,2023-10-30,180.0
2023-05-10,dlog_SOLVPN__dlog_GAS,dlog_SOLVPN,dlog_GAS,0.1165894032775898,0.032082591060106386,0.08450681221748342,0,2022-12-01,2023-10-30,180.0
2023-05-11,dlog_SOLVPN__dlog_GAS,dlog_SOLVPN,dlog_GAS,0.10454598423974115,0.030706586426616885,0.07383939781312426,0,2022-12-01,2023-10-30,180.0
2023-05-15,dlog_SOLVPN__dlog_GAS,dlog_SOLVPN,dlog_GAS,0.04744303448879771,0.03298880260678024,0.014454231882017471,0,2022-12-01,2023-10-30,180.0
2023-05-16,dlog_SOLVPN__dlog_GAS,dlog_SOLVPN,dlog_GAS,0.04953036417659453,0.07560730328862321,-0.02607693911202868,0,2022-12-01,2023-10-30,180.0
2023-05-17,dlog_SOLVPN__dlog_GAS,dlog_SOLVPN,dlog_GAS,0.037181437945390215,0.0670622866946825,-0.02988084874929229,0,2022-12-01,2023-10-30,180.0
2023-05-18,dlog_SOLVPN__dlog_GAS,dlog_SOLVPN,dlog_GAS,0.04897784210518542,0.06597875452372058,-0.017000912418535165,0,2022-12-01,2023-10-30,180.0
2023-05-22,dlog_SOLVPN__dlog_GAS,dlog_SOLVPN,dlog_GAS,0.028841854647787078,0.04817890275426081,-0.01933704810647373,0,2022-12-01,2023-10-30,180.0
2023-05-23,dlog_SOLVPN__dlog_GAS,dlog_SOLVPN,dlog_GAS,0.022870840550327693,0.03508822155066386,-0.012217381000336165,0,2022-12-01,2023-10-30,180.0
2023-05-24,dlog_SOLVPN__dlog_GAS,dlog_SOLVPN,dlog_GAS,0.0249251671306818,0.01975455942370901,0.00517060770697279,0,2022-12-01,2023-10-30,180.0
2023-05-25,dlog_SOLVPN__dlog_GAS,dlog_SOLVPN,dlog_GAS,0.026967343979587676,0.018254963260146438,0.008712380719441238,0,2022-12-01,2023-10-30,180.0
2023-05-30,dlog_SOLVPN__dlog_GAS,dlog_SOLVPN,dlog_GAS,0.0358667100088582,0.014728529177496341,0.02113818083136186,0,2022-12-01,2023-10-30,180.0
2023-05-31,dlog_SOLVPN__dlog_GAS,dlog_SOLVPN,dlog_GAS,0.0430423320266698,0.012346465997203992,0.030695866029465807,0,2022-12-01,2023-10-30,180.0
2023-06-01,dlog_SOLVPN__dlog_GAS,dlog_SOLVPN,dlog_GAS,0.06401653805522019,0.006033202591581161,0.05798333546363903,0,2022-12-01,2023-10-30,180.0
2023-06-05,dlog_SOLVPN__dlog_GAS,dlog_SOLVPN,dlog_GAS,0.08599255624530672,0.016024590217270537,0.06996796602803618,0,2022-12-01,2023-10-30,180.0
2023-06-06,dlog_SOLVPN__dlog_GAS,dlog_SOLVPN,dlog_GAS,0.09092560757089085,0.004548877381816864,0.08637673018907399,0,2022-12-01,2023-10-30,180.0
2023-06-07,dlog_SOLVPN__dlog_GAS,dlog_SOLVPN,dlog_GAS,0.0971670218996567,0.0032756450172635922,0.09389137688239312,0,2022-12-01,2023-10-30,180.0
2023-06-08,dlog_SOLVPN__dlog_GAS,dlog_SOLVPN,dlog_GAS,0.10893982571927446,0.011316664245223002,0.09762316147405146,0,2022-12-01,2023-10-30,180.0
2023-06-12,dlog_SOLVPN__dlog_GAS,dlog_SOLVPN,dlog_GAS,0.10497292656193996,0.016942510062802146,0.08803041649913781,0,2022-12-01,2023-10-30,180.0
2023-06-13,dlog_SOLVPN__dlog_GAS,dlog_SOLVPN,dlog_GAS,0.10240490751848301,0.011585129099841704,0.0908197784186413,0,2022-12-01,2023-10-30,180.0
2023-06-14,dlog_SOLVPN__dlog_GAS,dlog_SOLVPN,dlog_GAS,0.09388085892472484,0.004682397886640471,0.08919846103808436,0,2022-12-01,2023-10-30,180.0
2023-06-15,dlog_SOLVPN__dlog_GAS,dlog_SOLVPN,dlog_GAS,0.11195736943445908,0.007808873974779656,0.10414849545967943,0,2022-12-01,2023-10-30,180.0
2023-06-20,dlog_SOLVPN__dlog_GAS,dlog_SOLVPN,dlog_GAS,0.10737048157601024,0.0010348398008024875,0.10633564177520775,0,2022-12-01,2023-10-30,180.0
2023-06-21,dlog_SOLVPN__dlog_GAS,dlog_SOLVPN,dlog_GAS,0.11765771072350407,0.008990058829847637,0.10866765189365643,0,2022-12-01,2023-10-30,180.0
2023-06-22,dlog_SOLVPN__dlog_GAS,dlog_SOLVPN,dlog_GAS,0.13481224103572528,0.012458285934074045,0.12235395510165124,0,2022-12-01,2023-10-30,180.0
2023-06-26,dlog_SOLVPN__dlog_GAS,dlog_SOLVPN,dlog_GAS,0.043181410569039604,0.009355671122685157,0.03382573944635445,0,2022-12-01,2023-10-30,180.0
2023-06-27,dlog_SOLVPN__dlog_GAS,dlog_SOLVPN,dlog_GAS,0.04589285551719212,0.005780829180003335,0.040112026337188786,0,2022-12-01,2023-10-30,180.0
2023-06-28,dlog_SOLVPN__dlog_GAS,dlog_SOLVPN,dlog_GAS,0.03806178537669544,0.006322746426895279,0.03173903894980016,0,2022-12-01,2023-10-30,180.0
2023-06-29,dlog_SOLVPN__dlog_GAS,dlog_SOLVPN,dlog_GAS,0.03743128262997248,0.006208642464669419,0.031222640165303062,0,2022-12-01,2023-10-30,180.0
2023-07-03,dlog_SOLVPN__dlog_GAS,dlog_SOLVPN,dlog_GAS,0.02612787848972497,0.0050312965875276994,0.02109658190219727,0,2022-12-01,2023-10-30,180.0
2023-07-05,dlog_SOLVPN__dlog_GAS,dlog_SOLVPN,dlog_GAS,0.04135707840785638,0.005391470095954771,0.03596560831190161,0,2022-12-01,2023-10-30,180.0
2023-07-06,dlog_SOLVPN__dlog_GAS,dlog_SOLVPN,dlog_GAS,0.026523339147109356,0.01088667962781405,0.015636659519295305,0,2022-12-01,2023-10-30,180.0
2023-07-10,dlog_SOLVPN__dlog_GAS,dlog_SOLVPN,dlog_GAS,0.0350451685884789,0.010205256954914692,0.024839911633564207,0,2022-12-01,2023-10-30,180.0
2023-07-11,dlog_SOLVPN__dlog_GAS,dlog_SOLVPN,dlog_GAS,0.03677356026042637,0.012696925213011722,0.024076635047414648,0,2022-12-01,2023-10-30,180.0
2023-07-12,dlog_SOLVPN__dlog_GAS,dlog_SOLVPN,dlog_GAS,0.04206765554333451,0.01336411332331828,0.028703542220016233,0,2022-12-01,2023-10-30,180.0
2023-07-13,dlog_SOLVPN__dlog_GAS,dlog_SOLVPN,dlog_GAS,0.023954386314160164,0.01569855492727121,0.008255831386888953,0,2022-12-01,2023-10-30,180.0
2023-07-17,dlog_SOLVPN__dlog_GAS,dlog_SOLVPN,dlog_GAS,0.019155807072380796,0.010295405786939457,0.00886040128544134,0,2022-12-01,2023-10-30,180.0
2023-07-18,dlog_SOLVPN__dlog_GAS,dlog_SOLVPN,dlog_GAS,0.009331191605663976,0.009422779647587606,-9.158804192362958e-05,0,2022-12-01,2023-10-30,180.0
2023-07-19,dlog_SOLVPN__dlog_GAS,dlog_SOLVPN,dlog_GAS,0.003608639804246112,0.01122095741641283,-0.007612317612166718,0,2022-12-01,2023-10-30,180.0
2023-07-20,dlog_SOLVPN__dlog_GAS,dlog_SOLVPN,dlog_GAS,0.01230895260007349,0.020467737091008246,-0.008158784490934755,0,2022-12-01,2023-10-30,180.0
2023-07-24,dlog_SOLVPN__dlog_GAS,dlog_SOLVPN,dlog_GAS,0.0014476484312211514,0.008365200635024389,-0.006917552203803237,0,2022-12-01,2023-10-30,180.0
2023-07-25,dlog_SOLVPN__dlog_GAS,dlog_SOLVPN,dlog_GAS,0.0008501892413343394,0.006244503482074298,-0.005394314240739959,0,2022-12-01,2023-10-30,180.0
2023-07-26,dlog_SOLVPN__dlog_GAS,dlog_SOLVPN,dlog_GAS,0.0008913186763863088,0.005010567997439358,-0.004119249321053049,0,2022-12-01,2023-10-30,180.0
2023-07-27,dlog_SOLVPN__dlog_GAS,dlog_SOLVPN,dlog_GAS,0.013028257813661443,0.014853132012452128,-0.0018248741987906842,0,2022-12-01,2023-10-30,180.0
2023-07-31,dlog_SOLVPN__dlog_GAS,dlog_SOLVPN,dlog_GAS,0.00762948791536866,0.0014616785903066682,0.006167809325061992,0,2022-12-01,2023-10-30,180.0
2023-08-01,dlog_SOLVPN__dlog_GAS,dlog_SOLVPN,dlog_GAS,0.007995288501007811,0.0014785419281818652,0.006516746572825946,0,2022-12-01,2023-10-30,180.0
2023-08-02,dlog_SOLVPN__dlog_GAS,dlog_SOLVPN,dlog_GAS,0.017386329629972625,0.0026759580236301603,0.014710371606342466,0,2022-12-01,2023-10-30,180.0
2023-08-03,dlog_SOLVPN__dlog_GAS,dlog_SOLVPN,dlog_GAS,0.04256697926722534,0.00497665728016946,0.03759032198705588,0,2022-12-01,2023-10-30,180.0
2023-08-07,dlog_SOLVPN__dlog_GAS,dlog_SOLVPN,dlog_GAS,0.020298167626785556,0.005327980118670131,0.014970187508115424,0,2022-12-01,2023-10-30,180.0
2023-08-08,dlog_SOLVPN__dlog_GAS,dlog_SOLVPN,dlog_GAS,0.03461046360073242,0.004223702616327684,0.030386760984404737,0,2022-12-01,2023-10-30,180.0
2023-08-09,dlog_SOLVPN__dlog_GAS,dlog_SOLVPN,dlog_GAS,0.023648229543956224,0.003900700808293764,0.01974752873566246,0,2022-12-01,2023-10-30,180.0
2023-08-10,dlog_SOLVPN__dlog_GAS,dlog_SOLVPN,dlog_GAS,0.016883868820999032,0.004218703696493498,0.012665165124505533,0,2022-12-01,2023-10-30,180.0
2023-08-14,dlog_SOLVPN__dlog_GAS,dlog_SOLVPN,dlog_GAS,0.01855034069600525,0.004756113192450715,0.013794227503554534,0,2022-12-01,2023-10-30,180.0
2023-08-15,dlog_SOLVPN__dlog_GAS,dlog_SOLVPN,dlog_GAS,0.02300512835364958,0.007657382223622953,0.015347746130026627,0,2022-12-01,2023-10-30,180.0
2023-08-16,dlog_SOLVPN__dlog_GAS,dlog_SOLVPN,dlog_GAS,0.03227959304197186,0.009395073348206306,0.02288451969376555,0,2022-12-01,2023-10-30,180.0
2023-08-17,dlog_SOLVPN__dlog_GAS,dlog_SOLVPN,dlog_GAS,0.020212077079985392,0.008934303363503858,0.011277773716481533,0,2022-12-01,2023-10-30,180.0
2023-08-21,dlog_SOLVPN__dlog_GAS,dlog_SOLVPN,dlog_GAS,0.023863804921267745,0.011128898038171074,0.012734906883096671,0,2022-12-01,2023-10-30,180.0
2023-08-22,dlog_SOLVPN__dlog_GAS,dlog_SOLVPN,dlog_GAS,0.024011163093694922,0.00967970366816164,0.014331459425533282,0,2022-12-01,2023-10-30,180.0
2023-08-23,dlog_SOLVPN__dlog_GAS,dlog_SOLVPN,dlog_GAS,0.046145282811572035,0.007110357330770755,0.03903492548080128,0,2022-12-01,2023-10-30,180.0
2023-08-24,dlog_SOLVPN__dlog_GAS,dlog_SOLVPN,dlog_GAS,0.059323594834118226,0.012079561209822095,0.04724403362429613,0,2022-12-01,2023-10-30,180.0
2023-08-28,dlog_SOLVPN__dlog_GAS,dlog_SOLVPN,dlog_GAS,0.06634963970845019,0.014865208487623974,0.051484431220826216,0,2022-12-01,2023-10-30,180.0
2023-08-29,dlog_SOLVPN__dlog_GAS,dlog_SOLVPN,dlog_GAS,0.07253895145192095,0.012572113694018191,0.059966837757902756,0,2022-12-01,2023-10-30,180.0
2023-08-30,dlog_SOLVPN__dlog_GAS,dlog_SOLVPN,dlog_GAS,0.05854037930012346,0.011641902496052108,0.046898476804071346,0,2022-12-01,2023-10-30,180.0
2023-08-31,dlog_SOLVPN__dlog_GAS,dlog_SOLVPN,dlog_GAS,0.04978647192943684,0.012290101200376807,0.037496370729060036,0,2022-12-01,2023-10-30,180.0
2023-09-05,dlog_SOLVPN__dlog_GAS,dlog_SOLVPN,dlog_GAS,0.06378006420454424,0.011655096710705429,0.05212496749383881,0,2022-12-01,2023-10-30,180.0
2023-09-06,dlog_SOLVPN__dlog_GAS,dlog_SOLVPN,dlog_GAS,0.04468201812129337,0.016170151868859103,0.028511866252434265,0,2022-12-01,2023-10-30,180.0
2023-09-07,dlog_SOLVPN__dlog_GAS,dlog_SOLVPN,dlog_GAS,0.04235285399906081,0.015728858399204734,0.026623995599856076,0,2022-12-01,2023-10-30,180.0
2023-09-11,dlog_SOLVPN__dlog_GAS,dlog_SOLVPN,dlog_GAS,0.0387032530060908,0.014701382818491164,0.02400187018759964,0,2022-12-01,2023-10-30,180.0
2023-09-12,dlog_SOLVPN__dlog_GAS,dlog_SOLVPN,dlog_GAS,0.03285173531090957,0.011043978844040975,0.021807756466868593,0,2022-12-01,2023-10-30,180.0
2023-09-13,dlog_SOLVPN__dlog_GAS,dlog_SOLVPN,dlog_GAS,0.02101809746653873,0.007506442722165627,0.013511654744373103,0,2022-12-01,2023-10-30,180.0
2023-09-14,dlog_SOLVPN__dlog_GAS,dlog_SOLVPN,dlog_GAS,0.02957890513464457,0.012421874394395136,0.017157030740249435,0,2022-12-01,2023-10-30,180.0
2023-09-18,dlog_SOLVPN__dlog_GAS,dlog_SOLVPN,dlog_GAS,0.045460720262939076,0.017824478186094152,0.027636242076844925,0,2022-12-01,2023-10-30,180.0
2023-09-19,dlog_SOLVPN__dlog_GAS,dlog_SOLVPN,dlog_GAS,0.07339896995608801,0.02530443794046431,0.0480945320156237,0,2022-12-01,2023-10-30,180.0
2023-09-20,dlog_SOLVPN__dlog_GAS,dlog_SOLVPN,dlog_GAS,0.124546027487422,0.019420541003001317,0.10512548648442067,0,2022-12-01,2023-10-30,180.0
2023-09-21,dlog_SOLVPN__dlog_GAS,dlog_SOLVPN,dlog_GAS,0.14621103015757436,0.0258871150396529,0.12032391511792145,0,2022-12-01,2023-10-30,180.0
2023-09-25,dlog_SOLVPN__dlog_GAS,dlog_SOLVPN,dlog_GAS,0.07297927373223105,0.023483633208532816,0.04949564052369823,0,2022-12-01,2023-10-30,180.0
2023-09-26,dlog_SOLVPN__dlog_GAS,dlog_SOLVPN,dlog_GAS,0.07424272145400047,0.01757222584626744,0.05667049560773303,0,2022-12-01,2023-10-30,180.0
2023-09-27,dlog_SOLVPN__dlog_GAS,dlog_SOLVPN,dlog_GAS,0.11334827856146852,0.009898715186056794,0.10344956337541172,0,2022-12-01,2023-10-30,180.0
2023-09-28,dlog_SOLVPN__dlog_GAS,dlog_SOLVPN,dlog_GAS,0.0805491602952573,0.010980261018208037,0.06956889927704926,0,2022-12-01,2023-10-30,180.0
2023-10-02,dlog_SOLVPN__dlog_GAS,dlog_SOLVPN,dlog_GAS,0.0867005123116514,0.010781937289656991,0.07591857502199442,0,2022-12-01,2023-10-30,180.0
2023-10-03,dlog_SOLVPN__dlog_GAS,dlog_SOLVPN,dlog_GAS,0.11411345200728572,0.006444998404894171,0.10766845360239155,0,2022-12-01,2023-10-30,180.0
2023-10-04,dlog_SOLVPN__dlog_GAS,dlog_SOLVPN,dlog_GAS,0.15443501004532642,0.00865519605122128,0.14577981399410514,0,2022-12-01,2023-10-30,180.0
2023-10-05,dlog_SOLVPN__dlog_GAS,dlog_SOLVPN,dlog_GAS,0.1340929943659657,0.013872758314526099,0.1202202360514396,0,2022-12-01,2023-10-30,180.0
2023-10-10,dlog_SOLVPN__dlog_GAS,dlog_SOLVPN,dlog_GAS,0.1392369849303104,0.010895531119828664,0.12834145381048173,0,2022-12-01,2023-10-30,180.0
2023-10-11,dlog_SOLVPN__dlog_GAS,dlog_SOLVPN,dlog_GAS,0.15405933914659858,0.006076319572667372,0.1479830195739312,0,2022-12-01,2023-10-30,180.0
2023-10-12,dlog_SOLVPN__dlog_GAS,dlog_SOLVPN,dlog_GAS,0.08633977643090286,0.0031917643209218036,0.08314801210998106,0,2022-12-01,2023-10-30,180.0
2023-10-16,dlog_SOLVPN__dlog_GAS,dlog_SOLVPN,dlog_GAS,0.0801798387026487,0.0019786152429454086,0.0782012234597033,0,2022-12-01,2023-10-30,180.0
2023-10-17,dlog_SOLVPN__dlog_GAS,dlog_SOLVPN,dlog_GAS,0.08512103333096022,0.0004892390049320268,0.08463179432602819,0,2022-12-01,2023-10-30,180.0
2023-10-18,dlog_SOLVPN__dlog_GAS,dlog_SOLVPN,dlog_GAS,0.07609394685979638,0.0015831120755758117,0.07451083478422058,0,2022-12-01,2023-10-30,180.0
2023-10-19,dlog_SOLVPN__dlog_GAS,dlog_SOLVPN,dlog_GAS,0.15888272954011273,0.014672211685157756,0.14421051785495498,0,2022-12-01,2023-10-30,180.0
2023-10-23,dlog_SOLVPN__dlog_GAS,dlog_SOLVPN,dlog_GAS,0.08566965059425377,0.006718008496810941,0.07895164209744283,0,2022-12-01,2023-10-30,180.0
2023-10-24,dlog_SOLVPN__dlog_GAS,dlog_SOLVPN,dlog_GAS,0.10205543549873035,0.0059132447557707106,0.09614219074295964,0,2022-12-01,2023-10-30,180.0
2023-10-25,dlog_SOLVPN__dlog_GAS,dlog_SOLVPN,dlog_GAS,0.09294965847012474,0.002707226265938659,0.09024243220418608,0,2022-12-01,2023-10-30,180.0
2023-10-26,dlog_SOLVPN__dlog_GAS,dlog_SOLVPN,dlog_GAS,0.06232822121985372,0.0062816593146181356,0.05604656190523559,0,2022-12-01,2023-10-30,180.0
2023-10-30,dlog_SOLVPN__dlog_GAS,dlog_SOLVPN,dlog_GAS,0.0561562443022451,0.0037916719398220894,0.052364572362423006,0,2022-12-01,2023-10-30,180.0
2023-10-31,dlog_SOLVPN__dlog_GAS,dlog_SOLVPN,dlog_GAS,0.04655656482512907,0.005119373320709207,0.041437191504419865,1,2023-10-31,2024-07-16,140.0
2023-11-01,dlog_SOLVPN__dlog_GAS,dlog_SOLVPN,dlog_GAS,0.04604892043847003,0.004316145975694098,0.041732774462775936,1,2023-10-31,2024-07-16,140.0
2023-11-02,dlog_SOLVPN__dlog_GAS,dlog_SOLVPN,dlog_GAS,0.03932436925555242,0.008967945628210535,0.03035642362734188,1,2023-10-31,2024-07-16,140.0
2023-11-06,dlog_SOLVPN__dlog_GAS,dlog_SOLVPN,dlog_GAS,0.17687561364891363,0.01843122741629376,0.15844438623261986,1,2023-10-31,2024-07-16,140.0
2023-11-07,dlog_SOLVPN__dlog_GAS,dlog_SOLVPN,dlog_GAS,0.09365682270633904,0.04306296502310385,0.0505938576832352,1,2023-10-31,2024-07-16,140.0
2023-11-08,dlog_SOLVPN__dlog_GAS,dlog_SOLVPN,dlog_GAS,0.1035838495187994,0.013909755467787476,0.08967409405101193,1,2023-10-31,2024-07-16,140.0
2023-11-09,dlog_SOLVPN__dlog_GAS,dlog_SOLVPN,dlog_GAS,0.10753380131827037,0.007518553914822904,0.10001524740344746,1,2023-10-31,2024-07-16,140.0
2023-11-13,dlog_SOLVPN__dlog_GAS,dlog_SOLVPN,dlog_GAS,0.08228969767398768,0.01307101491609174,0.06921868275789594,1,2023-10-31,2024-07-16,140.0
2023-11-14,dlog_SOLVPN__dlog_GAS,dlog_SOLVPN,dlog_GAS,0.10631492610452996,0.03269947981214998,0.07361544629237998,1,2023-10-31,2024-07-16,140.0
2023-11-15,dlog_SOLVPN__dlog_GAS,dlog_SOLVPN,dlog_GAS,0.05299716396837541,0.026004196767113522,0.026992967201261885,1,2023-10-31,2024-07-16,140.0
2023-11-16,dlog_SOLVPN__dlog_GAS,dlog_SOLVPN,dlog_GAS,0.013401501661158237,0.02241387441523595,-0.009012372754077713,1,2023-10-31,2024-07-16,140.0
2023-11-20,dlog_SOLVPN__dlog_GAS,dlog_SOLVPN,dlog_GAS,0.02184214117452384,0.02977182741468579,-0.007929686240161951,1,2023-10-31,2024-07-16,140.0
2023-11-21,dlog_SOLVPN__dlog_GAS,dlog_SOLVPN,dlog_GAS,0.04290254488531571,0.01204352159357287,0.03085902329174284,1,2023-10-31,2024-07-16,140.0
2023-11-22,dlog_SOLVPN__dlog_GAS,dlog_SOLVPN,dlog_GAS,0.04231991035603364,0.011943596253797241,0.0303763141022364,1,2023-10-31,2024-07-16,140.0
2023-11-27,dlog_SOLVPN__dlog_GAS,dlog_SOLVPN,dlog_GAS,0.04448694947279662,0.008833383598615074,0.035653565874181545,1,2023-10-31,2024-07-16,140.0
2023-11-28,dlog_SOLVPN__dlog_GAS,dlog_SOLVPN,dlog_GAS,0.03357210308126002,0.00719590425987061,0.026376198821389408,1,2023-10-31,2024-07-16,140.0
2023-11-29,dlog_SOLVPN__dlog_GAS,dlog_SOLVPN,dlog_GAS,0.04547231226370289,0.007493606727890856,0.03797870553581203,1,2023-10-31,2024-07-16,140.0
2023-11-30,dlog_SOLVPN__dlog_GAS,dlog_SOLVPN,dlog_GAS,0.06498912088587493,0.007817352287868253,0.05717176859800667,1,2023-10-31,2024-07-16,140.0
2023-12-04,dlog_SOLVPN__dlog_GAS,dlog_SOLVPN,dlog_GAS,0.04233854164013027,0.006062842931894435,0.03627569870823583,1,2023-10-31,2024-07-16,140.0
2023-12-05,dlog_SOLVPN__dlog_GAS,dlog_SOLVPN,dlog_GAS,0.07322448408212287,0.0055429639704838675,0.067681520111639,1,2023-10-31,2024-07-16,140.0
2023-12-06,dlog_SOLVPN__dlog_GAS,dlog_SOLVPN,dlog_GAS,0.051209271597104665,0.0036595361742616126,0.047549735422843055,1,2023-10-31,2024-07-16,140.0
2023-12-07,dlog_SOLVPN__dlog_GAS,dlog_SOLVPN,dlog_GAS,0.05373097766077469,0.004073346514768533,0.04965763114600616,1,2023-10-31,2024-07-16,140.0
2023-12-11,dlog_SOLVPN__dlog_GAS,dlog_SOLVPN,dlog_GAS,0.030886283777463178,0.0008986462088964696,0.02998763756856671,1,2023-10-31,2024-07-16,140.0
2023-12-12,dlog_SOLVPN__dlog_GAS,dlog_SOLVPN,dlog_GAS,0.011521107708267116,0.0014258271284373015,0.010095280579829814,1,2023-10-31,2024-07-16,140.0
2023-12-13,dlog_SOLVPN__dlog_GAS,dlog_SOLVPN,dlog_GAS,0.006982510309063731,0.0084808159362697,-0.0014983056272059687,1,2023-10-31,2024-07-16,140.0
2023-12-14,dlog_SOLVPN__dlog_GAS,dlog_SOLVPN,dlog_GAS,0.01194591803092061,0.009725556684322387,0.002220361346598223,1,2023-10-31,2024-07-16,140.0
2023-12-18,dlog_SOLVPN__dlog_GAS,dlog_SOLVPN,dlog_GAS,0.006651891887351017,0.008316703294652424,-0.0016648114073014066,1,2023-10-31,2024-07-16,140.0
2023-12-19,dlog_SOLVPN__dlog_GAS,dlog_SOLVPN,dlog_GAS,0.04218303799745843,0.005191882280447489,0.03699115571701094,1,2023-10-31,2024-07-16,140.0
2023-12-20,dlog_SOLVPN__dlog_GAS,dlog_SOLVPN,dlog_GAS,0.043263989231522554,0.011859889766601687,0.03140409946492087,1,2023-10-31,2024-07-16,140.0
2023-12-21,dlog_SOLVPN__dlog_GAS,dlog_SOLVPN,dlog_GAS,0.0465980096201991,0.017174141166785478,0.029423868453413625,1,2023-10-31,2024-07-16,140.0
2023-12-26,dlog_SOLVPN__dlog_GAS,dlog_SOLVPN,dlog_GAS,0.04034850943975022,0.016696579131309168,0.023651930308441052,1,2023-10-31,2024-07-16,140.0
2023-12-27,dlog_SOLVPN__dlog_GAS,dlog_SOLVPN,dlog_GAS,0.04944225925207529,0.009704156398565509,0.039738102853509774,1,2023-10-31,2024-07-16,140.0
2023-12-28,dlog_SOLVPN__dlog_GAS,dlog_SOLVPN,dlog_GAS,0.024173841393920092,0.012603685988464937,0.011570155405455156,1,2023-10-31,2024-07-16,140.0
2024-01-02,dlog_SOLVPN__dlog_GAS,dlog_SOLVPN,dlog_GAS,0.02422187025197348,0.010934942352667223,0.013286927899306257,1,2023-10-31,2024-07-16,140.0
2024-01-03,dlog_SOLVPN__dlog_GAS,dlog_SOLVPN,dlog_GAS,0.020014153125929874,0.007284645342125393,0.01272950778380448,1,2023-10-31,2024-07-16,140.0
2024-01-04,dlog_SOLVPN__dlog_GAS,dlog_SOLVPN,dlog_GAS,0.04552838938629807,0.008211878741912888,0.03731651064438518,1,2023-10-31,2024-07-16,140.0
2024-01-08,dlog_SOLVPN__dlog_GAS,dlog_SOLVPN,dlog_GAS,0.02691207092264437,0.025554772402258227,0.0013572985203861437,1,2023-10-31,2024-07-16,140.0
2024-01-09,dlog_SOLVPN__dlog_GAS,dlog_SOLVPN,dlog_GAS,0.09483869040119347,0.0451133528545642,0.04972533754662927,1,2023-10-31,2024-07-16,140.0
2024-01-10,dlog_SOLVPN__dlog_GAS,dlog_SOLVPN,dlog_GAS,0.08699091434748916,0.01594615551242669,0.07104475883506248,1,2023-10-31,2024-07-16,140.0
2024-01-11,dlog_SOLVPN__dlog_GAS,dlog_SOLVPN,dlog_GAS,0.08500140099022649,0.01280334882277029,0.0721980521674562,1,2023-10-31,2024-07-16,140.0
2024-01-16,dlog_SOLVPN__dlog_GAS,dlog_SOLVPN,dlog_GAS,0.026701065275685977,0.4812721722101756,-0.4545711069344896,1,2023-10-31,2024-07-16,140.0
2024-01-17,dlog_SOLVPN__dlog_GAS,dlog_SOLVPN,dlog_GAS,0.06830551925215651,0.1327770888773579,-0.06447156962520138,1,2023-10-31,2024-07-16,140.0
2024-01-18,dlog_SOLVPN__dlog_GAS,dlog_SOLVPN,dlog_GAS,0.046817111483945205,0.13156443979960564,-0.08474732831566043,1,2023-10-31,2024-07-16,140.0
2024-01-22,dlog_SOLVPN__dlog_GAS,dlog_SOLVPN,dlog_GAS,0.0674019895534276,0.1378207035063866,-0.07041871395295898,1,2023-10-31,2024-07-16,140.0
2024-01-23,dlog_SOLVPN__dlog_GAS,dlog_SOLVPN,dlog_GAS,0.06607172224697755,0.13051453029566082,-0.06444280804868327,1,2023-10-31,2024-07-16,140.0
2024-01-24,dlog_SOLVPN__dlog_GAS,dlog_SOLVPN,dlog_GAS,0.061945248448358275,0.1428413607375398,-0.08089611228918153,1,2023-10-31,2024-07-16,140.0
2024-01-25,dlog_SOLVPN__dlog_GAS,dlog_SOLVPN,dlog_GAS,0.057940259327875526,0.18011850675550364,-0.12217824742762812,1,2023-10-31,2024-07-16,140.0
2024-01-29,dlog_SOLVPN__dlog_GAS,dlog_SOLVPN,dlog_GAS,0.05504738926625626,0.15883739785065537,-0.1037900085843991,1,2023-10-31,2024-07-16,140.0
2024-01-30,dlog_SOLVPN__dlog_GAS,dlog_SOLVPN,dlog_GAS,0.056586487038115946,0.16070492071070464,-0.10411843367258869,1,2023-10-31,2024-07-16,140.0
2024-01-31,dlog_SOLVPN__dlog_GAS,dlog_SOLVPN,dlog_GAS,0.04967280058647201,0.18506079448890309,-0.13538799390243106,1,2023-10-31,2024-07-16,140.0
2024-02-01,dlog_SOLVPN__dlog_GAS,dlog_SOLVPN,dlog_GAS,0.058887266696102405,0.18862691547291613,-0.1297396487768137,1,2023-10-31,2024-07-16,140.0
2024-02-05,dlog_SOLVPN__dlog_GAS,dlog_SOLVPN,dlog_GAS,0.05435193062552347,0.16309102730076538,-0.10873909667524191,1,2023-10-31,2024-07-16,140.0
2024-02-06,dlog_SOLVPN__dlog_GAS,dlog_SOLVPN,dlog_GAS,0.053299506642181936,0.17076916881346818,-0.11746966217128624,1,2023-10-31,2024-07-16,140.0
2024-02-07,dlog_SOLVPN__dlog_GAS,dlog_SOLVPN,dlog_GAS,0.05246335066400699,0.17646479516512883,-0.12400144450112185,1,2023-10-31,2024-07-16,140.0
2024-02-08,dlog_SOLVPN__dlog_GAS,dlog_SOLVPN,dlog_GAS,0.0478882441776938,0.15068397363280714,-0.10279572945511334,1,2023-10-31,2024-07-16,140.0
2024-02-12,dlog_SOLVPN__dlog_GAS,dlog_SOLVPN,dlog_GAS,0.0481351071427291,0.1508572626274058,-0.10272215548467671,1,2023-10-31,2024-07-16,140.0
2024-02-13,dlog_SOLVPN__dlog_GAS,dlog_SOLVPN,dlog_GAS,0.05572389889217249,0.14209154598268003,-0.08636764709050754,1,2023-10-31,2024-07-16,140.0
2024-02-14,dlog_SOLVPN__dlog_GAS,dlog_SOLVPN,dlog_GAS,0.05348415048521489,0.10223764836599096,-0.04875349788077607,1,2023-10-31,2024-07-16,140.0
2024-02-15,dlog_SOLVPN__dlog_GAS,dlog_SOLVPN,dlog_GAS,0.05627586745339356,0.03849546497138751,0.017780402482006047,1,2023-10-31,2024-07-16,140.0
2024-02-20,dlog_SOLVPN__dlog_GAS,dlog_SOLVPN,dlog_GAS,0.04719868920735827,0.035888346734071576,0.011310342473286696,1,2023-10-31,2024-07-16,140.0
2024-02-21,dlog_SOLVPN__dlog_GAS,dlog_SOLVPN,dlog_GAS,0.04681861171647799,0.03335347024680528,0.01346514146967271,1,2023-10-31,2024-07-16,140.0
2024-02-22,dlog_SOLVPN__dlog_GAS,dlog_SOLVPN,dlog_GAS,0.04721510920365091,0.07202357555705864,-0.024808466353407735,1,2023-10-31,2024-07-16,140.0
2024-02-26,dlog_SOLVPN__dlog_GAS,dlog_SOLVPN,dlog_GAS,0.05046317770993926,0.06075072947196805,-0.010287551762028793,1,2023-10-31,2024-07-16,140.0
2024-02-27,dlog_SOLVPN__dlog_GAS,dlog_SOLVPN,dlog_GAS,0.05459896031664712,0.033476107067032045,0.021122853249615076,1,2023-10-31,2024-07-16,140.0
2024-02-28,dlog_SOLVPN__dlog_GAS,dlog_SOLVPN,dlog_GAS,0.05133410799999448,0.0426601455820106,0.008673962417983877,1,2023-10-31,2024-07-16,140.0
2024-02-29,dlog_SOLVPN__dlog_GAS,dlog_SOLVPN,dlog_GAS,0.049486475445096885,0.031757049261884225,0.01772942618321266,1,2023-10-31,2024-07-16,140.0
2024-03-04,dlog_SOLVPN__dlog_GAS,dlog_SOLVPN,dlog_GAS,0.07327477648883245,0.030920936486585327,0.04235384000224712,1,2023-10-31,2024-07-16,140.0
2024-03-05,dlog_SOLVPN__dlog_GAS,dlog_SOLVPN,dlog_GAS,0.026720974986848157,0.020915155468395525,0.005805819518452632,1,2023-10-31,2024-07-16,140.0
2024-03-06,dlog_SOLVPN__dlog_GAS,dlog_SOLVPN,dlog_GAS,0.03094102525115383,0.021148361800937866,0.009792663450215965,1,2023-10-31,2024-07-16,140.0
2024-03-07,dlog_SOLVPN__dlog_GAS,dlog_SOLVPN,dlog_GAS,0.030196035190362985,0.0360994474451105,-0.0059034122547475115,1,2023-10-31,2024-07-16,140.0
2024-03-11,dlog_SOLVPN__dlog_GAS,dlog_SOLVPN,dlog_GAS,0.029621724710537683,0.03976479495454192,-0.010143070244004234,1,2023-10-31,2024-07-16,140.0
2024-03-12,dlog_SOLVPN__dlog_GAS,dlog_SOLVPN,dlog_GAS,0.02975072191489847,0.0390228825396624,-0.00927216062476393,1,2023-10-31,2024-07-16,140.0
2024-03-13,dlog_SOLVPN__dlog_GAS,dlog_SOLVPN,dlog_GAS,0.039627633573594924,0.041523881334191076,-0.0018962477605961522,1,2023-10-31,2024-07-16,140.0
2024-03-14,dlog_SOLVPN__dlog_GAS,dlog_SOLVPN,dlog_GAS,0.04228081247519397,0.05544813441553292,-0.013167321940338948,1,2023-10-31,2024-07-16,140.0
2024-03-18,dlog_SOLVPN__dlog_GAS,dlog_SOLVPN,dlog_GAS,0.046023075307375406,0.05437671957831582,-0.008353644270940416,1,2023-10-31,2024-07-16,140.0
2024-03-19,dlog_SOLVPN__dlog_GAS,dlog_SOLVPN,dlog_GAS,0.04010484816215501,0.03925516274085993,0.000849685421295078,1,2023-10-31,2024-07-16,140.0
2024-03-20,dlog_SOLVPN__dlog_GAS,dlog_SOLVPN,dlog_GAS,0.040093139396899256,0.036426297230237534,0.0036668421666617226,1,2023-10-31,2024-07-16,140.0
2024-03-21,dlog_SOLVPN__dlog_GAS,dlog_SOLVPN,dlog_GAS,0.041451372717536204,0.05717846915055142,-0.015727096433015217,1,2023-10-31,2024-07-16,140.0
2024-03-25,dlog_SOLVPN__dlog_GAS,dlog_SOLVPN,dlog_GAS,0.0417521282799758,0.06328011383241082,-0.02152798555243502,1,2023-10-31,2024-07-16,140.0
2024-03-26,dlog_SOLVPN__dlog_GAS,dlog_SOLVPN,dlog_GAS,0.038592458194787044,0.06481881428027989,-0.02622635608549284,1,2023-10-31,2024-07-16,140.0
2024-03-27,dlog_SOLVPN__dlog_GAS,dlog_SOLVPN,dlog_GAS,0.032201674187509924,0.05911604760715956,-0.026914373419649633,1,2023-10-31,2024-07-16,140.0
2024-04-01,dlog_SOLVPN__dlog_GAS,dlog_SOLVPN,dlog_GAS,0.026475921262063495,0.05752307003992778,-0.031047148777864284,1,2023-10-31,2024-07-16,140.0
2024-04-02,dlog_SOLVPN__dlog_GAS,dlog_SOLVPN,dlog_GAS,0.020899307320347924,0.044570801456505604,-0.02367149413615768,1,2023-10-31,2024-07-16,140.0
2024-04-03,dlog_SOLVPN__dlog_GAS,dlog_SOLVPN,dlog_GAS,0.023205044963913412,0.043962852224214234,-0.020757807260300822,1,2023-10-31,2024-07-16,140.0
2024-04-04,dlog_SOLVPN__dlog_GAS,dlog_SOLVPN,dlog_GAS,0.03627405173638103,0.03667507589536149,-0.00040102415898046057,1,2023-10-31,2024-07-16,140.0
2024-04-08,dlog_SOLVPN__dlog_GAS,dlog_SOLVPN,dlog_GAS,0.03894561831095594,0.03841590133791003,0.0005297169730459142,1,2023-10-31,2024-07-16,140.0
2024-04-09,dlog_SOLVPN__dlog_GAS,dlog_SOLVPN,dlog_GAS,0.038347555396310275,0.04508281705229827,-0.006735261655987992,1,2023-10-31,2024-07-16,140.0
2024-04-10,dlog_SOLVPN__dlog_GAS,dlog_SOLVPN,dlog_GAS,0.02372569333359304,0.027486784166142503,-0.0037610908325494616,1,2023-10-31,2024-07-16,140.0
2024-04-11,dlog_SOLVPN__dlog_GAS,dlog_SOLVPN,dlog_GAS,0.03616648416186093,0.04299615573797064,-0.006829671576109704,1,2023-10-31,2024-07-16,140.0
2024-04-15,dlog_SOLVPN__dlog_GAS,dlog_SOLVPN,dlog_GAS,0.03051290868121039,0.03561454555740187,-0.005101636876191484,1,2023-10-31,2024-07-16,140.0
2024-04-16,dlog_SOLVPN__dlog_GAS,dlog_SOLVPN,dlog_GAS,0.035491563034064734,0.053845751332224405,-0.01835418829815967,1,2023-10-31,2024-07-16,140.0
2024-04-17,dlog_SOLVPN__dlog_GAS,dlog_SOLVPN,dlog_GAS,0.017082669971553645,0.05763727791767032,-0.04055460794611668,1,2023-10-31,2024-07-16,140.0
2024-04-18,dlog_SOLVPN__dlog_GAS,dlog_SOLVPN,dlog_GAS,0.01604007899382959,0.03834602423687104,-0.022305945243041452,1,2023-10-31,2024-07-16,140.0
2024-04-22,dlog_SOLVPN__dlog_GAS,dlog_SOLVPN,dlog_GAS,0.01197617271100367,0.08216916047026053,-0.07019298775925686,1,2023-10-31,2024-07-16,140.0
2024-04-23,dlog_SOLVPN__dlog_GAS,dlog_SOLVPN,dlog_GAS,0.012908228437748637,0.07203208110394016,-0.05912385266619152,1,2023-10-31,2024-07-16,140.0
2024-04-24,dlog_SOLVPN__dlog_GAS,dlog_SOLVPN,dlog_GAS,0.018263674895430734,0.07648106169975868,-0.05821738680432795,1,2023-10-31,2024-07-16,140.0
2024-04-25,dlog_SOLVPN__dlog_GAS,dlog_SOLVPN,dlog_GAS,0.020608491450296997,0.07557872086944302,-0.05497022941914602,1,2023-10-31,2024-07-16,140.0
2024-04-29,dlog_SOLVPN__dlog_GAS,dlog_SOLVPN,dlog_GAS,0.02798685183076242,0.0571704781148882,-0.02918362628412578,1,2023-10-31,2024-07-16,140.0
2024-04-30,dlog_SOLVPN__dlog_GAS,dlog_SOLVPN,dlog_GAS,0.06310677417202396,0.0771620881655117,-0.01405531399348775,1,2023-10-31,2024-07-16,140.0
2024-05-01,dlog_SOLVPN__dlog_GAS,dlog_SOLVPN,dlog_GAS,0.0288207872037299,0.02996113283610902,-0.0011403456323791188,1,2023-10-31,2024-07-16,140.0
2024-05-02,dlog_SOLVPN__dlog_GAS,dlog_SOLVPN,dlog_GAS,0.014109507466726469,0.038485564923499284,-0.024376057456772814,1,2023-10-31,2024-07-16,140.0
2024-05-06,dlog_SOLVPN__dlog_GAS,dlog_SOLVPN,dlog_GAS,0.0369403510742356,0.036658189606417105,0.00028216146781849527,1,2023-10-31,2024-07-16,140.0
2024-05-07,dlog_SOLVPN__dlog_GAS,dlog_SOLVPN,dlog_GAS,0.031229179782280084,0.01436522501984386,0.016863954762436226,1,2023-10-31,2024-07-16,140.0
2024-05-08,dlog_SOLVPN__dlog_GAS,dlog_SOLVPN,dlog_GAS,0.03354576866201442,0.007815287993709478,0.02573048066830494,1,2023-10-31,2024-07-16,140.0
2024-05-09,dlog_SOLVPN__dlog_GAS,dlog_SOLVPN,dlog_GAS,0.02838428380227553,0.005789017580517315,0.022595266221758215,1,2023-10-31,2024-07-16,140.0
2024-05-13,dlog_SOLVPN__dlog_GAS,dlog_SOLVPN,dlog_GAS,0.01518868753522811,0.005012549047113567,0.010176138488114543,1,2023-10-31,2024-07-16,140.0
2024-05-14,dlog_SOLVPN__dlog_GAS,dlog_SOLVPN,dlog_GAS,0.015303493453587846,0.0034227198631551683,0.011880773590432677,1,2023-10-31,2024-07-16,140.0
2024-05-15,dlog_SOLVPN__dlog_GAS,dlog_SOLVPN,dlog_GAS,0.019394056157568382,0.0007082114318216513,0.01868584472574673,1,2023-10-31,2024-07-16,140.0
2024-05-16,dlog_SOLVPN__dlog_GAS,dlog_SOLVPN,dlog_GAS,0.03628530674903172,0.0008622835793334382,0.03542302316969828,1,2023-10-31,2024-07-16,140.0
2024-05-20,dlog_SOLVPN__dlog_GAS,dlog_SOLVPN,dlog_GAS,0.037570227191851824,0.00451996761892722,0.0330502595729246,1,2023-10-31,2024-07-16,140.0
2024-05-21,dlog_SOLVPN__dlog_GAS,dlog_SOLVPN,dlog_GAS,0.0371182870214612,0.0032760783719474116,0.03384220864951379,1,2023-10-31,2024-07-16,140.0
2024-05-22,dlog_SOLVPN__dlog_GAS,dlog_SOLVPN,dlog_GAS,0.02911303005003479,0.00650494747367462,0.02260808257636017,1,2023-10-31,2024-07-16,140.0
2024-05-23,dlog_SOLVPN__dlog_GAS,dlog_SOLVPN,dlog_GAS,0.022330678512690164,0.005239424608015975,0.01709125390467419,1,2023-10-31,2024-07-16,140.0
2024-05-28,dlog_SOLVPN__dlog_GAS,dlog_SOLVPN,dlog_GAS,0.0088762837225599,0.00710437390203207,0.0017719098205278292,1,2023-10-31,2024-07-16,140.0
2024-05-29,dlog_SOLVPN__dlog_GAS,dlog_SOLVPN,dlog_GAS,0.008726404673444573,0.010016663654567014,-0.001290258981122441,1,2023-10-31,2024-07-16,140.0
2024-05-30,dlog_SOLVPN__dlog_GAS,dlog_SOLVPN,dlog_GAS,0.042955752090623626,0.0036385123089603478,0.03931723978166328,1,2023-10-31,2024-07-16,140.0
2024-06-03,dlog_SOLVPN__dlog_GAS,dlog_SOLVPN,dlog_GAS,0.09112847674938965,0.006003191718044248,0.0851252850313454,1,2023-10-31,2024-07-16,140.0
2024-06-04,dlog_SOLVPN__dlog_GAS,dlog_SOLVPN,dlog_GAS,0.08629615613777956,0.005930434702522224,0.08036572143525735,1,2023-10-31,2024-07-16,140.0
2024-06-05,dlog_SOLVPN__dlog_GAS,dlog_SOLVPN,dlog_GAS,0.08930145775306313,0.00920795388945475,0.08009350386360838,1,2023-10-31,2024-07-16,140.0
2024-06-06,dlog_SOLVPN__dlog_GAS,dlog_SOLVPN,dlog_GAS,0.08602391953110405,0.008175348100695295,0.07784857143040876,1,2023-10-31,2024-07-16,140.0
2024-06-10,dlog_SOLVPN__dlog_GAS,dlog_SOLVPN,dlog_GAS,0.07385569093711553,0.010979237854602884,0.06287645308251263,1,2023-10-31,2024-07-16,140.0
2024-06-11,dlog_SOLVPN__dlog_GAS,dlog_SOLVPN,dlog_GAS,0.08438576646039399,0.015368205136980452,0.06901756132341354,1,2023-10-31,2024-07-16,140.0
2024-06-12,dlog_SOLVPN__dlog_GAS,dlog_SOLVPN,dlog_GAS,0.07600126859558333,0.015372239268299415,0.060629029327283916,1,2023-10-31,2024-07-16,140.0
2024-06-13,dlog_SOLVPN__dlog_GAS,dlog_SOLVPN,dlog_GAS,0.06814364935815516,0.02372611580530109,0.04441753355285407,1,2023-10-31,2024-07-16,140.0
2024-06-17,dlog_SOLVPN__dlog_GAS,dlog_SOLVPN,dlog_GAS,0.04911818399476346,0.022800282282779232,0.02631790171198423,1,2023-10-31,2024-07-16,140.0
2024-06-18,dlog_SOLVPN__dlog_GAS,dlog_SOLVPN,dlog_GAS,0.10391429487831598,0.02452441427728893,0.07938988060102706,1,2023-10-31,2024-07-16,140.0
2024-06-20,dlog_SOLVPN__dlog_GAS,dlog_SOLVPN,dlog_GAS,0.059834226046056364,0.013692623738272913,0.046141602307783455,1,2023-10-31,2024-07-16,140.0
2024-06-24,dlog_SOLVPN__dlog_GAS,dlog_SOLVPN,dlog_GAS,0.03220085999720817,0.015527142809550861,0.016673717187657307,1,2023-10-31,2024-07-16,140.0
2024-06-25,dlog_SOLVPN__dlog_GAS,dlog_SOLVPN,dlog_GAS,0.02541020864990727,0.013784122409957262,0.011626086239950009,1,2023-10-31,2024-07-16,140.0
2024-06-26,dlog_SOLVPN__dlog_GAS,dlog_SOLVPN,dlog_GAS,0.024897661605106886,0.014615492696308073,0.010282168908798813,1,2023-10-31,2024-07-16,140.0
2024-06-27,dlog_SOLVPN__dlog_GAS,dlog_SOLVPN,dlog_GAS,0.012169625829321904,0.009157842142013005,0.0030117836873088995,1,2023-10-31,2024-07-16,140.0
2024-07-01,dlog_SOLVPN__dlog_GAS,dlog_SOLVPN,dlog_GAS,0.0073736799028443845,0.007072593421381377,0.00030108648146300737,1,2023-10-31,2024-07-16,140.0
2024-07-02,dlog_SOLVPN__dlog_GAS,dlog_SOLVPN,dlog_GAS,0.007414676740867882,0.004937739367770756,0.0024769373730971263,1,2023-10-31,2024-07-16,140.0
2024-07-03,dlog_SOLVPN__dlog_GAS,dlog_SOLVPN,dlog_GAS,0.00939345679226729,0.02159371466464207,-0.01220025787237478,1,2023-10-31,2024-07-16,140.0
2024-07-08,dlog_SOLVPN__dlog_GAS,dlog_SOLVPN,dlog_GAS,0.014705416557867088,0.06014703220814043,-0.04544161565027334,1,2023-10-31,2024-07-16,140.0
2024-07-09,dlog_SOLVPN__dlog_GAS,dlog_SOLVPN,dlog_GAS,0.060638786577977964,0.05568935345525669,0.004949433122721274,1,2023-10-31,2024-07-16,140.0
2024-07-10,dlog_SOLVPN__dlog_GAS,dlog_SOLVPN,dlog_GAS,0.05102156875327282,0.027227507859053344,0.02379406089421948,1,2023-10-31,2024-07-16,140.0
2024-07-11,dlog_SOLVPN__dlog_GAS,dlog_SOLVPN,dlog_GAS,0.0296551342930067,0.026771220760350774,0.0028839135326559247,1,2023-10-31,2024-07-16,140.0
2024-07-15,dlog_SOLVPN__dlog_GAS,dlog_SOLVPN,dlog_GAS,0.06772145123968493,0.020848187373846316,0.04687326386583861,1,2023-10-31,2024-07-16,140.0
2024-07-16,dlog_SOLVPN__dlog_GAS,dlog_SOLVPN,dlog_GAS,0.03623626069804861,0.029348890393339874,0.006887370304708738,1,2023-10-31,2024-07-16,140.0
2024-07-17,dlog_SOLVPN__dlog_GAS,dlog_SOLVPN,dlog_GAS,0.03456876987389656,0.016549215284665124,0.018019554589231435,2,2024-07-17,2025-04-15,145.0
2024-07-18,dlog_SOLVPN__dlog_GAS,dlog_SOLVPN,dlog_GAS,0.02117851779367939,0.00949944985372649,0.0116790679399529,2,2024-07-17,2025-04-15,145.0
2024-07-22,dlog_SOLVPN__dlog_GAS,dlog_SOLVPN,dlog_GAS,0.014464994726048635,0.009472249897946806,0.004992744828101829,2,2024-07-17,2025-04-15,145.0
2024-07-23,dlog_SOLVPN__dlog_GAS,dlog_SOLVPN,dlog_GAS,0.017155601310293953,0.009961551033646857,0.007194050276647096,2,2024-07-17,2025-04-15,145.0
2024-07-24,dlog_SOLVPN__dlog_GAS,dlog_SOLVPN,dlog_GAS,0.024493683855868753,0.021141159323775516,0.0033525245320932366,2,2024-07-17,2025-04-15,145.0
2024-07-25,dlog_SOLVPN__dlog_GAS,dlog_SOLVPN,dlog_GAS,0.012885815374945056,0.023570587463256503,-0.010684772088311447,2,2024-07-17,2025-04-15,145.0
2024-07-29,dlog_SOLVPN__dlog_GAS,dlog_SOLVPN,dlog_GAS,0.01410194039193637,0.023292637047692157,-0.009190696655755786,2,2024-07-17,2025-04-15,145.0
2024-07-30,dlog_SOLVPN__dlog_GAS,dlog_SOLVPN,dlog_GAS,0.013590532924261082,0.022129012519401574,-0.008538479595140492,2,2024-07-17,2025-04-15,145.0
2024-07-31,dlog_SOLVPN__dlog_GAS,dlog_SOLVPN,dlog_GAS,0.03133955351886521,0.028366729636204967,0.0029728238826602395,2,2024-07-17,2025-04-15,145.0
2024-08-01,dlog_SOLVPN__dlog_GAS,dlog_SOLVPN,dlog_GAS,0.04379310336748759,0.03275518930876112,0.011037914058726471,2,2024-07-17,2025-04-15,145.0
2024-08-05,dlog_SOLVPN__dlog_GAS,dlog_SOLVPN,dlog_GAS,0.049085468948513795,0.007217900422241583,0.041867568526272214,2,2024-07-17,2025-04-15,145.0
2024-08-06,dlog_SOLVPN__dlog_GAS,dlog_SOLVPN,dlog_GAS,0.0537788005957798,0.049710988035554016,0.004067812560225786,2,2024-07-17,2025-04-15,145.0
2024-08-07,dlog_SOLVPN__dlog_GAS,dlog_SOLVPN,dlog_GAS,0.07089998433368185,0.04865791793612295,0.022242066397558893,2,2024-07-17,2025-04-15,145.0
2024-08-08,dlog_SOLVPN__dlog_GAS,dlog_SOLVPN,dlog_GAS,0.0831136765557194,0.05224925483026235,0.03086442172545705,2,2024-07-17,2025-04-15,145.0
2024-08-12,dlog_SOLVPN__dlog_GAS,dlog_SOLVPN,dlog_GAS,0.10763393453121876,0.06458413605923112,0.043049798471987644,2,2024-07-17,2025-04-15,145.0
2024-08-13,dlog_SOLVPN__dlog_GAS,dlog_SOLVPN,dlog_GAS,0.10127250518626331,0.06441429283017758,0.03685821235608573,2,2024-07-17,2025-04-15,145.0
2024-08-14,dlog_SOLVPN__dlog_GAS,dlog_SOLVPN,dlog_GAS,0.10694053024579912,0.05176836223185957,0.05517216801393955,2,2024-07-17,2025-04-15,145.0
2024-08-15,dlog_SOLVPN__dlog_GAS,dlog_SOLVPN,dlog_GAS,0.1110482821400497,0.04262852950567874,0.06841975263437097,2,2024-07-17,2025-04-15,145.0
2024-08-19,dlog_SOLVPN__dlog_GAS,dlog_SOLVPN,dlog_GAS,0.10805910226680769,0.04237077514467818,0.06568832712212952,2,2024-07-17,2025-04-15,145.0
2024-08-20,dlog_SOLVPN__dlog_GAS,dlog_SOLVPN,dlog_GAS,0.10644631200967362,0.04346817496619817,0.06297813704347546,2,2024-07-17,2025-04-15,145.0
2024-08-21,dlog_SOLVPN__dlog_GAS,dlog_SOLVPN,dlog_GAS,0.11023113135487878,0.0473101605912064,0.06292097076367237,2,2024-07-17,2025-04-15,145.0
2024-08-22,dlog_SOLVPN__dlog_GAS,dlog_SOLVPN,dlog_GAS,0.1083775642051766,0.03558108599979645,0.07279647820538014,2,2024-07-17,2025-04-15,145.0
2024-08-26,dlog_SOLVPN__dlog_GAS,dlog_SOLVPN,dlog_GAS,0.0853042911141127,0.04591808440732433,0.039386206706788364,2,2024-07-17,2025-04-15,145.0
2024-08-27,dlog_SOLVPN__dlog_GAS,dlog_SOLVPN,dlog_GAS,0.05776462272316789,0.008659054931812574,0.04910556779135532,2,2024-07-17,2025-04-15,145.0
2024-08-28,dlog_SOLVPN__dlog_GAS,dlog_SOLVPN,dlog_GAS,0.05673827271390352,0.008211537219503724,0.04852673549439979,2,2024-07-17,2025-04-15,145.0
2024-08-29,dlog_SOLVPN__dlog_GAS,dlog_SOLVPN,dlog_GAS,0.07880856831098028,0.011285276513369656,0.06752329179761063,2,2024-07-17,2025-04-15,145.0
2024-09-03,dlog_SOLVPN__dlog_GAS,dlog_SOLVPN,dlog_GAS,0.09529333878979841,0.01707791830482977,0.07821542048496864,2,2024-07-17,2025-04-15,145.0
2024-09-04,dlog_SOLVPN__dlog_GAS,dlog_SOLVPN,dlog_GAS,0.0865849333151848,0.016092862877696963,0.07049207043748784,2,2024-07-17,2025-04-15,145.0
2024-09-05,dlog_SOLVPN__dlog_GAS,dlog_SOLVPN,dlog_GAS,0.077524791760546,0.03207213410270194,0.04545265765784406,2,2024-07-17,2025-04-15,145.0
2024-09-09,dlog_SOLVPN__dlog_GAS,dlog_SOLVPN,dlog_GAS,0.07370254115289086,0.032604145563971586,0.04109839558891928,2,2024-07-17,2025-04-15,145.0
2024-09-10,dlog_SOLVPN__dlog_GAS,dlog_SOLVPN,dlog_GAS,0.06181001405125788,0.033210514560370205,0.028599499490887678,2,2024-07-17,2025-04-15,145.0
2024-09-11,dlog_SOLVPN__dlog_GAS,dlog_SOLVPN,dlog_GAS,0.04019523840115324,0.0377588029079588,0.0024364354931944374,2,2024-07-17,2025-04-15,145.0
2024-09-12,dlog_SOLVPN__dlog_GAS,dlog_SOLVPN,dlog_GAS,0.03618752969700002,0.04107538722215917,-0.004887857525159148,2,2024-07-17,2025-04-15,145.0
2024-09-16,dlog_SOLVPN__dlog_GAS,dlog_SOLVPN,dlog_GAS,0.0292326018584546,0.04059902635463929,-0.011366424496184687,2,2024-07-17,2025-04-15,145.0
2024-09-17,dlog_SOLVPN__dlog_GAS,dlog_SOLVPN,dlog_GAS,0.03476685625992075,0.038693249030859314,-0.003926392770938564,2,2024-07-17,2025-04-15,145.0
2024-09-18,dlog_SOLVPN__dlog_GAS,dlog_SOLVPN,dlog_GAS,0.0324582267011397,0.02038067581477836,0.012077550886361341,2,2024-07-17,2025-04-15,145.0
2024-09-19,dlog_SOLVPN__dlog_GAS,dlog_SOLVPN,dlog_GAS,0.021944657865202912,0.02453824084728683,-0.002593582982083918,2,2024-07-17,2025-04-15,145.0
2024-09-23,dlog_SOLVPN__dlog_GAS,dlog_SOLVPN,dlog_GAS,0.023553596538942453,0.018964139545727902,0.004589456993214551,2,2024-07-17,2025-04-15,145.0
2024-09-24,dlog_SOLVPN__dlog_GAS,dlog_SOLVPN,dlog_GAS,0.08739310489105794,0.04988196713978305,0.03751113775127488,2,2024-07-17,2025-04-15,145.0
2024-09-25,dlog_SOLVPN__dlog_GAS,dlog_SOLVPN,dlog_GAS,0.08639482568328193,0.014117627156340044,0.07227719852694188,2,2024-07-17,2025-04-15,145.0
2024-09-26,dlog_SOLVPN__dlog_GAS,dlog_SOLVPN,dlog_GAS,0.08909351015336746,0.012408530494403535,0.07668497965896393,2,2024-07-17,2025-04-15,145.0
2024-09-30,dlog_SOLVPN__dlog_GAS,dlog_SOLVPN,dlog_GAS,0.09024479199324302,0.008277004578519596,0.08196778741472342,2,2024-07-17,2025-04-15,145.0
2024-10-01,dlog_SOLVPN__dlog_GAS,dlog_SOLVPN,dlog_GAS,0.09239687685766684,0.00604614878693755,0.0863507280707293,2,2024-07-17,2025-04-15,145.0
2024-10-02,dlog_SOLVPN__dlog_GAS,dlog_SOLVPN,dlog_GAS,0.07970542736184759,0.006830701813983149,0.07287472554786444,2,2024-07-17,2025-04-15,145.0
2024-10-03,dlog_SOLVPN__dlog_GAS,dlog_SOLVPN,dlog_GAS,0.08096885575736967,0.009074497456737305,0.07189435830063237,2,2024-07-17,2025-04-15,145.0
2024-10-07,dlog_SOLVPN__dlog_GAS,dlog_SOLVPN,dlog_GAS,0.05797005738529382,0.012238728601921212,0.04573132878337261,2,2024-07-17,2025-04-15,145.0
2024-10-08,dlog_SOLVPN__dlog_GAS,dlog_SOLVPN,dlog_GAS,0.08931195034260646,0.009756595337021135,0.07955535500558532,2,2024-07-17,2025-04-15,145.0
2024-10-09,dlog_SOLVPN__dlog_GAS,dlog_SOLVPN,dlog_GAS,0.08011084082928263,0.008967919910279207,0.07114292091900343,2,2024-07-17,2025-04-15,145.0
2024-10-10,dlog_SOLVPN__dlog_GAS,dlog_SOLVPN,dlog_GAS,0.08088832870205317,0.007411910623200757,0.07347641807885241,2,2024-07-17,2025-04-15,145.0
2024-10-15,dlog_SOLVPN__dlog_GAS,dlog_SOLVPN,dlog_GAS,0.07677238385991221,0.007968728201694825,0.06880365565821739,2,2024-07-17,2025-04-15,145.0
2024-10-16,dlog_SOLVPN__dlog_GAS,dlog_SOLVPN,dlog_GAS,0.08721581201359971,0.00639506284060699,0.08082074917299271,2,2024-07-17,2025-04-15,145.0
2024-10-17,dlog_SOLVPN__dlog_GAS,dlog_SOLVPN,dlog_GAS,0.06076611204349841,0.011344366157013471,0.04942174588648494,2,2024-07-17,2025-04-15,145.0
2024-10-21,dlog_SOLVPN__dlog_GAS,dlog_SOLVPN,dlog_GAS,0.055069314579661986,0.01339849833841775,0.04167081624124423,2,2024-07-17,2025-04-15,145.0
2024-10-22,dlog_SOLVPN__dlog_GAS,dlog_SOLVPN,dlog_GAS,0.05887846401814115,0.013201456651966433,0.045677007366174714,2,2024-07-17,2025-04-15,145.0
2024-10-23,dlog_SOLVPN__dlog_GAS,dlog_SOLVPN,dlog_GAS,0.06707822301520841,0.01202101720575059,0.05505720580945782,2,2024-07-17,2025-04-15,145.0
2024-10-24,dlog_SOLVPN__dlog_GAS,dlog_SOLVPN,dlog_GAS,0.030572681228072558,0.01227943818955389,0.018293243038518668,2,2024-07-17,2025-04-15,145.0
2024-10-28,dlog_SOLVPN__dlog_GAS,dlog_SOLVPN,dlog_GAS,0.02947968523488782,0.0077289570784380476,0.021750728156449774,2,2024-07-17,2025-04-15,145.0
2024-10-29,dlog_SOLVPN__dlog_GAS,dlog_SOLVPN,dlog_GAS,0.03852715720072321,0.01147694680858287,0.02705021039214034,2,2024-07-17,2025-04-15,145.0
2024-10-30,dlog_SOLVPN__dlog_GAS,dlog_SOLVPN,dlog_GAS,0.05721273459293308,0.03240188092837516,0.024810853664557916,2,2024-07-17,2025-04-15,145.0
2024-10-31,dlog_SOLVPN__dlog_GAS,dlog_SOLVPN,dlog_GAS,0.05353869040187254,0.01636877304575632,0.037169917356116224,2,2024-07-17,2025-04-15,145.0
2024-11-04,dlog_SOLVPN__dlog_GAS,dlog_SOLVPN,dlog_GAS,0.05651543272663962,0.0118497315136142,0.04466570121302542,2,2024-07-17,2025-04-15,145.0
2024-11-05,dlog_SOLVPN__dlog_GAS,dlog_SOLVPN,dlog_GAS,0.08398517253166807,0.016252891086441453,0.06773228144522661,2,2024-07-17,2025-04-15,145.0
2024-11-06,dlog_SOLVPN__dlog_GAS,dlog_SOLVPN,dlog_GAS,0.12118807811189791,0.048313200431900016,0.0728748776799979,2,2024-07-17,2025-04-15,145.0
2024-11-07,dlog_SOLVPN__dlog_GAS,dlog_SOLVPN,dlog_GAS,0.14005591751130544,0.03944986398671197,0.10060605352459348,2,2024-07-17,2025-04-15,145.0
2024-11-12,dlog_SOLVPN__dlog_GAS,dlog_SOLVPN,dlog_GAS,0.2021805279467981,0.048612954101245776,0.15356757384555234,2,2024-07-17,2025-04-15,145.0
2024-11-13,dlog_SOLVPN__dlog_GAS,dlog_SOLVPN,dlog_GAS,0.15646510209259845,0.03430745662987511,0.12215764546272334,2,2024-07-17,2025-04-15,145.0
2024-11-14,dlog_SOLVPN__dlog_GAS,dlog_SOLVPN,dlog_GAS,0.15995037952496843,0.03475419511849438,0.12519618440647406,2,2024-07-17,2025-04-15,145.0
2024-11-18,dlog_SOLVPN__dlog_GAS,dlog_SOLVPN,dlog_GAS,0.13409489673384148,0.03635279451894519,0.09774210221489629,2,2024-07-17,2025-04-15,145.0
2024-11-19,dlog_SOLVPN__dlog_GAS,dlog_SOLVPN,dlog_GAS,0.12096229570119374,0.015407961602168995,0.10555433409902475,2,2024-07-17,2025-04-15,145.0
2024-11-20,dlog_SOLVPN__dlog_GAS,dlog_SOLVPN,dlog_GAS,0.1280727329449005,0.015817102306404755,0.11225563063849575,2,2024-07-17,2025-04-15,145.0
2024-11-21,dlog_SOLVPN__dlog_GAS,dlog_SOLVPN,dlog_GAS,0.06513773125868864,0.014659191960664137,0.05047853929802451,2,2024-07-17,2025-04-15,145.0
2024-11-25,dlog_SOLVPN__dlog_GAS,dlog_SOLVPN,dlog_GAS,0.07317436912514437,0.019592391453125704,0.053581977672018666,2,2024-07-17,2025-04-15,145.0
2024-11-26,dlog_SOLVPN__dlog_GAS,dlog_SOLVPN,dlog_GAS,0.08212427499828892,0.013801272968739722,0.0683230020295492,2,2024-07-17,2025-04-15,145.0
2024-11-27,dlog_SOLVPN__dlog_GAS,dlog_SOLVPN,dlog_GAS,0.06505528936171319,0.007910824710378331,0.05714446465133486,2,2024-07-17,2025-04-15,145.0
2024-12-02,dlog_SOLVPN__dlog_GAS,dlog_SOLVPN,dlog_GAS,0.06510465982865603,0.008528209647672978,0.05657645018098305,2,2024-07-17,2025-04-15,145.0
2024-12-03,dlog_SOLVPN__dlog_GAS,dlog_SOLVPN,dlog_GAS,0.0653193777909962,0.008522422755339524,0.056796955035656675,2,2024-07-17,2025-04-15,145.0
2024-12-04,dlog_SOLVPN__dlog_GAS,dlog_SOLVPN,dlog_GAS,0.0652083602691923,0.008777007130668974,0.05643135313852333,2,2024-07-17,2025-04-15,145.0
2024-12-05,dlog_SOLVPN__dlog_GAS,dlog_SOLVPN,dlog_GAS,0.06749094176847602,0.009079807286056616,0.0584111344824194,2,2024-07-17,2025-04-15,145.0
2024-12-09,dlog_SOLVPN__dlog_GAS,dlog_SOLVPN,dlog_GAS,0.05417250522059103,0.006220037496018842,0.047952467724572186,2,2024-07-17,2025-04-15,145.0
2024-12-10,dlog_SOLVPN__dlog_GAS,dlog_SOLVPN,dlog_GAS,0.05409739760508633,0.009776991141778163,0.04432040646330816,2,2024-07-17,2025-04-15,145.0
2024-12-11,dlog_SOLVPN__dlog_GAS,dlog_SOLVPN,dlog_GAS,0.05091332530623972,0.005638605047035317,0.045274720259204405,2,2024-07-17,2025-04-15,145.0
2024-12-12,dlog_SOLVPN__dlog_GAS,dlog_SOLVPN,dlog_GAS,0.046558044816235086,0.008407737426271098,0.038150307389963986,2,2024-07-17,2025-04-15,145.0
2024-12-16,dlog_SOLVPN__dlog_GAS,dlog_SOLVPN,dlog_GAS,0.0905772274593336,0.010340683582491447,0.08023654387684215,2,2024-07-17,2025-04-15,145.0
2024-12-17,dlog_SOLVPN__dlog_GAS,dlog_SOLVPN,dlog_GAS,0.07693184077608724,0.0069154110513396485,0.07001642972474759,2,2024-07-17,2025-04-15,145.0
2024-12-18,dlog_SOLVPN__dlog_GAS,dlog_SOLVPN,dlog_GAS,0.23317138390756484,0.00979909469230137,0.22337228921526348,2,2024-07-17,2025-04-15,145.0
2024-12-19,dlog_SOLVPN__dlog_GAS,dlog_SOLVPN,dlog_GAS,0.011889022821244424,0.011886399508497632,2.623312746792214e-06,2,2024-07-17,2025-04-15,145.0
2024-12-23,dlog_SOLVPN__dlog_GAS,dlog_SOLVPN,dlog_GAS,0.014027009305029703,0.020238246852720358,-0.006211237547690655,2,2024-07-17,2025-04-15,145.0
2024-12-26,dlog_SOLVPN__dlog_GAS,dlog_SOLVPN,dlog_GAS,0.01699292405252257,0.022546052371058906,-0.005553128318536337,2,2024-07-17,2025-04-15,145.0
2024-12-30,dlog_SOLVPN__dlog_GAS,dlog_SOLVPN,dlog_GAS,0.04873290995381016,0.013718577668565202,0.03501433228524496,2,2024-07-17,2025-04-15,145.0
2025-01-02,dlog_SOLVPN__dlog_GAS,dlog_SOLVPN,dlog_GAS,0.035222480259203236,0.04502492143079667,-0.009802441171593436,2,2024-07-17,2025-04-15,145.0
2025-01-06,dlog_SOLVPN__dlog_GAS,dlog_SOLVPN,dlog_GAS,0.0633824949458042,0.03535611760132199,0.028026377344482205,2,2024-07-17,2025-04-15,145.0
2025-01-07,dlog_SOLVPN__dlog_GAS,dlog_SOLVPN,dlog_GAS,0.05925452475496504,0.005145748938132854,0.05410877581683218,2,2024-07-17,2025-04-15,145.0
2025-01-08,dlog_SOLVPN__dlog_GAS,dlog_SOLVPN,dlog_GAS,0.04358155687135412,0.009292889887448235,0.03428866698390588,2,2024-07-17,2025-04-15,145.0
2025-01-13,dlog_SOLVPN__dlog_GAS,dlog_SOLVPN,dlog_GAS,0.03232631208261559,0.0038620045816213583,0.028464307500994233,2,2024-07-17,2025-04-15,145.0
2025-01-14,dlog_SOLVPN__dlog_GAS,dlog_SOLVPN,dlog_GAS,0.03864217527512905,0.0035471687625754883,0.03509500651255357,2,2024-07-17,2025-04-15,145.0
2025-01-15,dlog_SOLVPN__dlog_GAS,dlog_SOLVPN,dlog_GAS,0.07314769654017636,0.0035007513630812242,0.06964694517709513,2,2024-07-17,2025-04-15,145.0
2025-01-16,dlog_SOLVPN__dlog_GAS,dlog_SOLVPN,dlog_GAS,0.0416539922492924,0.003428223347269036,0.038225768902023366,2,2024-07-17,2025-04-15,145.0
2025-01-21,dlog_SOLVPN__dlog_GAS,dlog_SOLVPN,dlog_GAS,0.2209442816280868,0.07888662503968571,0.14205765658840108,2,2024-07-17,2025-04-15,145.0
2025-01-22,dlog_SOLVPN__dlog_GAS,dlog_SOLVPN,dlog_GAS,0.1711515429861637,0.05625878930187357,0.11489275368429012,2,2024-07-17,2025-04-15,145.0
2025-01-23,dlog_SOLVPN__dlog_GAS,dlog_SOLVPN,dlog_GAS,0.15781955640904413,0.0630150220963685,0.09480453431267563,2,2024-07-17,2025-04-15,145.0
2025-01-27,dlog_SOLVPN__dlog_GAS,dlog_SOLVPN,dlog_GAS,0.2138706319383924,0.08620210679091372,0.12766852514747867,2,2024-07-17,2025-04-15,145.0
2025-01-28,dlog_SOLVPN__dlog_GAS,dlog_SOLVPN,dlog_GAS,0.10005175071774516,0.07202514067774314,0.028026610040002023,2,2024-07-17,2025-04-15,145.0
2025-01-29,dlog_SOLVPN__dlog_GAS,dlog_SOLVPN,dlog_GAS,0.09932614880699188,0.0800678177897966,0.019258331017195277,2,2024-07-17,2025-04-15,145.0
2025-01-30,dlog_SOLVPN__dlog_GAS,dlog_SOLVPN,dlog_GAS,0.10022690825862372,0.06512723781059827,0.03509967044802545,2,2024-07-17,2025-04-15,145.0
2025-02-03,dlog_SOLVPN__dlog_GAS,dlog_SOLVPN,dlog_GAS,0.09623116616068933,0.09159523355176585,0.0046359326089234765,2,2024-07-17,2025-04-15,145.0
2025-02-04,dlog_SOLVPN__dlog_GAS,dlog_SOLVPN,dlog_GAS,0.09868408051869595,0.1018808105739784,-0.00319673005528244,2,2024-07-17,2025-04-15,145.0
2025-02-05,dlog_SOLVPN__dlog_GAS,dlog_SOLVPN,dlog_GAS,0.10706724830884226,0.09993019800058413,0.007137050308258133,2,2024-07-17,2025-04-15,145.0
2025-02-06,dlog_SOLVPN__dlog_GAS,dlog_SOLVPN,dlog_GAS,0.09115310652708838,0.09868211416255443,-0.007529007635466045,2,2024-07-17,2025-04-15,145.0
2025-02-10,dlog_SOLVPN__dlog_GAS,dlog_SOLVPN,dlog_GAS,0.0746186778883026,0.09251985192861022,-0.01790117404030761,2,2024-07-17,2025-04-15,145.0
2025-02-11,dlog_SOLVPN__dlog_GAS,dlog_SOLVPN,dlog_GAS,0.07077013712179003,0.0922442458614137,-0.021474108739623674,2,2024-07-17,2025-04-15,145.0
2025-02-12,dlog_SOLVPN__dlog_GAS,dlog_SOLVPN,dlog_GAS,0.070041251954169,0.09899253966707565,-0.028951287712906643,2,2024-07-17,2025-04-15,145.0
2025-02-13,dlog_SOLVPN__dlog_GAS,dlog_SOLVPN,dlog_GAS,0.059406491350004136,0.12703318328515817,-0.06762669193515403,2,2024-07-17,2025-04-15,145.0
2025-02-18,dlog_SOLVPN__dlog_GAS,dlog_SOLVPN,dlog_GAS,0.046416490514836636,0.2294227887927943,-0.18300629827795767,2,2024-07-17,2025-04-15,145.0
2025-02-19,dlog_SOLVPN__dlog_GAS,dlog_SOLVPN,dlog_GAS,0.0531658864051918,0.1434618135438496,-0.0902959271386578,2,2024-07-17,2025-04-15,145.0
2025-02-20,dlog_SOLVPN__dlog_GAS,dlog_SOLVPN,dlog_GAS,0.06902245233953315,0.1858696551081045,-0.11684720276857134,2,2024-07-17,2025-04-15,145.0
2025-02-24,dlog_SOLVPN__dlog_GAS,dlog_SOLVPN,dlog_GAS,0.03351330615488163,0.2633769847976298,-0.22986367864274815,2,2024-07-17,2025-04-15,145.0
2025-02-25,dlog_SOLVPN__dlog_GAS,dlog_SOLVPN,dlog_GAS,0.030856133049370602,0.27608661063277606,-0.24523047758340547,2,2024-07-17,2025-04-15,145.0
2025-02-26,dlog_SOLVPN__dlog_GAS,dlog_SOLVPN,dlog_GAS,0.027773919682533232,0.2895907538020329,-0.2618168341194997,2,2024-07-17,2025-04-15,145.0
2025-02-27,dlog_SOLVPN__dlog_GAS,dlog_SOLVPN,dlog_GAS,0.025792308398997963,0.24992769264415945,-0.2241353842451615,2,2024-07-17,2025-04-15,145.0
2025-03-03,dlog_SOLVPN__dlog_GAS,dlog_SOLVPN,dlog_GAS,0.02280438667966781,0.22961994820221615,-0.20681556152254835,2,2024-07-17,2025-04-15,145.0
2025-03-04,dlog_SOLVPN__dlog_GAS,dlog_SOLVPN,dlog_GAS,0.05056945157331772,0.22097189958527902,-0.1704024480119613,2,2024-07-17,2025-04-15,145.0
2025-03-05,dlog_SOLVPN__dlog_GAS,dlog_SOLVPN,dlog_GAS,0.027603069107970096,0.20913944327533915,-0.18153637416736906,2,2024-07-17,2025-04-15,145.0
2025-03-06,dlog_SOLVPN__dlog_GAS,dlog_SOLVPN,dlog_GAS,0.018611543104752624,0.2068449071604425,-0.18823336405568986,2,2024-07-17,2025-04-15,145.0
2025-03-10,dlog_SOLVPN__dlog_GAS,dlog_SOLVPN,dlog_GAS,0.0066893237136184955,0.2132594219637803,-0.20657009825016182,2,2024-07-17,2025-04-15,145.0
2025-03-11,dlog_SOLVPN__dlog_GAS,dlog_SOLVPN,dlog_GAS,0.009754609093178938,0.18409768541864913,-0.1743430763254702,2,2024-07-17,2025-04-15,145.0
2025-03-12,dlog_SOLVPN__dlog_GAS,dlog_SOLVPN,dlog_GAS,0.023321274963093528,0.21788191696422737,-0.19456064200113385,2,2024-07-17,2025-04-15,145.0
2025-03-13,dlog_SOLVPN__dlog_GAS,dlog_SOLVPN,dlog_GAS,0.027525788752781378,0.21958617199334285,-0.19206038324056146,2,2024-07-17,2025-04-15,145.0
2025-03-17,dlog_SOLVPN__dlog_GAS,dlog_SOLVPN,dlog_GAS,0.030998744113198314,0.21424511663813534,-0.18324637252493703,2,2024-07-17,2025-04-15,145.0
2025-03-18,dlog_SOLVPN__dlog_GAS,dlog_SOLVPN,dlog_GAS,0.029390875277906615,0.18187097799792187,-0.15248010272001525,2,2024-07-17,2025-04-15,145.0
2025-03-19,dlog_SOLVPN__dlog_GAS,dlog_SOLVPN,dlog_GAS,0.031817245008753416,0.18068529959172805,-0.14886805458297464,2,2024-07-17,2025-04-15,145.0
2025-03-20,dlog_SOLVPN__dlog_GAS,dlog_SOLVPN,dlog_GAS,0.020653189578397964,0.15980524050115413,-0.13915205092275618,2,2024-07-17,2025-04-15,145.0
2025-03-24,dlog_SOLVPN__dlog_GAS,dlog_SOLVPN,dlog_GAS,0.02142667836897889,0.16691808109232648,-0.1454914027233476,2,2024-07-17,2025-04-15,145.0
2025-03-25,dlog_SOLVPN__dlog_GAS,dlog_SOLVPN,dlog_GAS,0.024018259028369154,0.16473090771150836,-0.1407126486831392,2,2024-07-17,2025-04-15,145.0
2025-03-26,dlog_SOLVPN__dlog_GAS,dlog_SOLVPN,dlog_GAS,0.011536280130906958,0.1690106725545912,-0.15747439242368425,2,2024-07-17,2025-04-15,145.0
2025-03-27,dlog_SOLVPN__dlog_GAS,dlog_SOLVPN,dlog_GAS,0.016693272710865983,0.17197856525236163,-0.15528529254149565,2,2024-07-17,2025-04-15,145.0
2025-03-31,dlog_SOLVPN__dlog_GAS,dlog_SOLVPN,dlog_GAS,0.02857946795042878,0.14258683837610808,-0.1140073704256793,2,2024-07-17,2025-04-15,145.0
2025-04-01,dlog_SOLVPN__dlog_GAS,dlog_SOLVPN,dlog_GAS,0.014566502785485078,0.13853288026188806,-0.12396637747640299,2,2024-07-17,2025-04-15,145.0
2025-04-02,dlog_SOLVPN__dlog_GAS,dlog_SOLVPN,dlog_GAS,0.012645172281494343,0.12059608907218598,-0.10795091679069165,2,2024-07-17,2025-04-15,145.0
2025-04-03,dlog_SOLVPN__dlog_GAS,dlog_SOLVPN,dlog_GAS,0.016830888388675386,0.07455897727592027,-0.057728088887244886,2,2024-07-17,2025-04-15,145.0
2025-04-07,dlog_SOLVPN__dlog_GAS,dlog_SOLVPN,dlog_GAS,0.0690836381921924,0.04335503325401486,0.025728604938177545,2,2024-07-17,2025-04-15,145.0
2025-04-08,dlog_SOLVPN__dlog_GAS,dlog_SOLVPN,dlog_GAS,0.014001527040924663,0.04466331230957577,-0.03066178526865111,2,2024-07-17,2025-04-15,145.0
2025-04-09,dlog_SOLVPN__dlog_GAS,dlog_SOLVPN,dlog_GAS,0.0801576381019756,0.02311964095712591,0.05703799714484969,2,2024-07-17,2025-04-15,145.0
2025-04-10,dlog_SOLVPN__dlog_GAS,dlog_SOLVPN,dlog_GAS,0.11377442075352351,0.021486944845112297,0.09228747590841122,2,2024-07-17,2025-04-15,145.0
2025-04-14,dlog_SOLVPN__dlog_GAS,dlog_SOLVPN,dlog_GAS,0.08224316357490866,0.03248177741475213,0.049761386160156525,2,2024-07-17,2025-04-15,145.0
2025-04-15,dlog_SOLVPN__dlog_GAS,dlog_SOLVPN,dlog_GAS,0.026529802862899462,0.027603849717595184,-0.0010740468546957226,2,2024-07-17,2025-04-15,145.0
2025-04-16,dlog_SOLVPN__dlog_GAS,dlog_SOLVPN,dlog_GAS,0.027808221934714047,0.053470262739974656,-0.02566204080526061,3,2025-04-16,2026-01-06,141.0
2025-04-21,dlog_SOLVPN__dlog_GAS,dlog_SOLVPN,dlog_GAS,0.016577464763384037,0.07022391554034987,-0.05364645077696584,3,2025-04-16,2026-01-06,141.0
2025-04-22,dlog_SOLVPN__dlog_GAS,dlog_SOLVPN,dlog_GAS,0.02198532138274857,0.063989150637463,-0.04200382925471442,3,2025-04-16,2026-01-06,141.0
2025-04-23,dlog_SOLVPN__dlog_GAS,dlog_SOLVPN,dlog_GAS,0.02736526806508883,0.06436732893802996,-0.03700206087294113,3,2025-04-16,2026-01-06,141.0
2025-04-24,dlog_SOLVPN__dlog_GAS,dlog_SOLVPN,dlog_GAS,0.03943072780633283,0.07506403541409004,-0.03563330760775721,3,2025-04-16,2026-01-06,141.0
2025-04-28,dlog_SOLVPN__dlog_GAS,dlog_SOLVPN,dlog_GAS,0.04445073716699388,0.013411604277503538,0.031039132889490343,3,2025-04-16,2026-01-06,141.0
2025-04-29,dlog_SOLVPN__dlog_GAS,dlog_SOLVPN,dlog_GAS,0.030680924639078313,0.04790406786551296,-0.01722314322643465,3,2025-04-16,2026-01-06,141.0
2025-04-30,dlog_SOLVPN__dlog_GAS,dlog_SOLVPN,dlog_GAS,0.0634586021175814,0.04625118139242229,0.017207420725159114,3,2025-04-16,2026-01-06,141.0
2025-05-01,dlog_SOLVPN__dlog_GAS,dlog_SOLVPN,dlog_GAS,0.04340420402052797,0.05411497653355253,-0.01071077251302456,3,2025-04-16,2026-01-06,141.0
2025-05-05,dlog_SOLVPN__dlog_GAS,dlog_SOLVPN,dlog_GAS,0.03979735115092504,0.052058333903982776,-0.012260982753057738,3,2025-04-16,2026-01-06,141.0
2025-05-06,dlog_SOLVPN__dlog_GAS,dlog_SOLVPN,dlog_GAS,0.03792738348584586,0.035012987247742995,0.0029143962381028635,3,2025-04-16,2026-01-06,141.0
2025-05-07,dlog_SOLVPN__dlog_GAS,dlog_SOLVPN,dlog_GAS,0.03924492597522349,0.03432800989810986,0.004916916077113635,3,2025-04-16,2026-01-06,141.0
2025-05-08,dlog_SOLVPN__dlog_GAS,dlog_SOLVPN,dlog_GAS,0.034561317052652106,0.03267770579522679,0.0018836112574253175,3,2025-04-16,2026-01-06,141.0
2025-05-12,dlog_SOLVPN__dlog_GAS,dlog_SOLVPN,dlog_GAS,0.031709515119365005,0.03653944101573163,-0.0048299258963666256,3,2025-04-16,2026-01-06,141.0
2025-05-13,dlog_SOLVPN__dlog_GAS,dlog_SOLVPN,dlog_GAS,0.07725107512358204,0.053926048498921825,0.02332502662466021,3,2025-04-16,2026-01-06,141.0
2025-05-14,dlog_SOLVPN__dlog_GAS,dlog_SOLVPN,dlog_GAS,0.07855856421151586,0.04982180920148912,0.02873675501002674,3,2025-04-16,2026-01-06,141.0
2025-05-15,dlog_SOLVPN__dlog_GAS,dlog_SOLVPN,dlog_GAS,0.06545814541470998,0.051133835424526174,0.01432430999018381,3,2025-04-16,2026-01-06,141.0
2025-05-19,dlog_SOLVPN__dlog_GAS,dlog_SOLVPN,dlog_GAS,0.06614335512413799,0.044033258457297726,0.022110096666840266,3,2025-04-16,2026-01-06,141.0
2025-05-20,dlog_SOLVPN__dlog_GAS,dlog_SOLVPN,dlog_GAS,0.051694332467524966,0.047182282352063225,0.004512050115461741,3,2025-04-16,2026-01-06,141.0
2025-05-21,dlog_SOLVPN__dlog_GAS,dlog_SOLVPN,dlog_GAS,0.06935361742668131,0.03727172803541318,0.032081889391268124,3,2025-04-16,2026-01-06,141.0
2025-05-22,dlog_SOLVPN__dlog_GAS,dlog_SOLVPN,dlog_GAS,0.08465142416110233,0.021245277515364817,0.06340614664573752,3,2025-04-16,2026-01-06,141.0
2025-05-27,dlog_SOLVPN__dlog_GAS,dlog_SOLVPN,dlog_GAS,0.026713286777682876,0.013535412788536259,0.013177873989146617,3,2025-04-16,2026-01-06,141.0
2025-05-28,dlog_SOLVPN__dlog_GAS,dlog_SOLVPN,dlog_GAS,0.019411272858131417,0.005164714082930259,0.014246558775201158,3,2025-04-16,2026-01-06,141.0
2025-05-29,dlog_SOLVPN__dlog_GAS,dlog_SOLVPN,dlog_GAS,0.048195769671101306,0.00810079026256531,0.040094979408536,3,2025-04-16,2026-01-06,141.0
2025-06-02,dlog_SOLVPN__dlog_GAS,dlog_SOLVPN,dlog_GAS,0.05875754499913855,0.005248306270700313,0.05350923872843824,3,2025-04-16,2026-01-06,141.0
2025-06-03,dlog_SOLVPN__dlog_GAS,dlog_SOLVPN,dlog_GAS,0.010392804201320624,0.004718412681799834,0.005674391519520789,3,2025-04-16,2026-01-06,141.0
2025-06-04,dlog_SOLVPN__dlog_GAS,dlog_SOLVPN,dlog_GAS,0.007468895603503137,0.023007913378825955,-0.015539017775322819,3,2025-04-16,2026-01-06,141.0
2025-06-05,dlog_SOLVPN__dlog_GAS,dlog_SOLVPN,dlog_GAS,0.015304171029261017,0.022689656373224985,-0.007385485343963967,3,2025-04-16,2026-01-06,141.0
2025-06-09,dlog_SOLVPN__dlog_GAS,dlog_SOLVPN,dlog_GAS,0.044179329912604516,0.019632900064922274,0.024546429847682242,3,2025-04-16,2026-01-06,141.0
2025-06-10,dlog_SOLVPN__dlog_GAS,dlog_SOLVPN,dlog_GAS,0.020404907896924184,0.005238174427594402,0.015166733469329782,3,2025-04-16,2026-01-06,141.0
2025-06-11,dlog_SOLVPN__dlog_GAS,dlog_SOLVPN,dlog_GAS,0.034212270089874534,0.0075040761346674995,0.026708193955207037,3,2025-04-16,2026-01-06,141.0
2025-06-12,dlog_SOLVPN__dlog_GAS,dlog_SOLVPN,dlog_GAS,0.04392400439649743,0.004529522343398943,0.039394482053098485,3,2025-04-16,2026-01-06,141.0
2025-06-16,dlog_SOLVPN__dlog_GAS,dlog_SOLVPN,dlog_GAS,0.06280600158164608,0.013986153683958611,0.048819847897687466,3,2025-04-16,2026-01-06,141.0
2025-06-17,dlog_SOLVPN__dlog_GAS,dlog_SOLVPN,dlog_GAS,0.024791794986057804,0.014906619409769844,0.00988517557628796,3,2025-04-16,2026-01-06,141.0
2025-06-18,dlog_SOLVPN__dlog_GAS,dlog_SOLVPN,dlog_GAS,0.11544340243174228,0.016519859773459548,0.09892354265828274,3,2025-04-16,2026-01-06,141.0
2025-06-23,dlog_SOLVPN__dlog_GAS,dlog_SOLVPN,dlog_GAS,0.07874217947781217,0.026751351229698014,0.05199082824811416,3,2025-04-16,2026-01-06,141.0
2025-06-24,dlog_SOLVPN__dlog_GAS,dlog_SOLVPN,dlog_GAS,0.09288156398273649,0.04242781438631461,0.050453749596421876,3,2025-04-16,2026-01-06,141.0
2025-06-25,dlog_SOLVPN__dlog_GAS,dlog_SOLVPN,dlog_GAS,0.019578233409708788,0.03582096442068348,-0.01624273101097469,3,2025-04-16,2026-01-06,141.0
2025-06-26,dlog_SOLVPN__dlog_GAS,dlog_SOLVPN,dlog_GAS,0.02281329500589766,0.038021473593932584,-0.015208178588034922,3,2025-04-16,2026-01-06,141.0
2025-06-30,dlog_SOLVPN__dlog_GAS,dlog_SOLVPN,dlog_GAS,0.023308860545813378,0.04312393897618558,-0.0198150784303722,3,2025-04-16,2026-01-06,141.0
2025-07-01,dlog_SOLVPN__dlog_GAS,dlog_SOLVPN,dlog_GAS,0.020626580225366908,0.038770536221015,-0.01814395599564809,3,2025-04-16,2026-01-06,141.0
2025-07-02,dlog_SOLVPN__dlog_GAS,dlog_SOLVPN,dlog_GAS,0.015429854163338353,0.034541113032633734,-0.01911125886929538,3,2025-04-16,2026-01-06,141.0
2025-07-03,dlog_SOLVPN__dlog_GAS,dlog_SOLVPN,dlog_GAS,0.014847569794801351,0.03136246562045913,-0.016514895825657776,3,2025-04-16,2026-01-06,141.0
2025-07-07,dlog_SOLVPN__dlog_GAS,dlog_SOLVPN,dlog_GAS,0.015398750433577796,0.026192864432650117,-0.01079411399907232,3,2025-04-16,2026-01-06,141.0
2025-07-08,dlog_SOLVPN__dlog_GAS,dlog_SOLVPN,dlog_GAS,0.06775667664191695,0.017237812585104286,0.05051886405681266,3,2025-04-16,2026-01-06,141.0
2025-07-09,dlog_SOLVPN__dlog_GAS,dlog_SOLVPN,dlog_GAS,0.012549875074446758,0.007691230642572087,0.004858644431874671,3,2025-04-16,2026-01-06,141.0
2025-07-10,dlog_SOLVPN__dlog_GAS,dlog_SOLVPN,dlog_GAS,0.008831116712255194,0.006716281580747589,0.002114835131507605,3,2025-04-16,2026-01-06,141.0
2025-07-14,dlog_SOLVPN__dlog_GAS,dlog_SOLVPN,dlog_GAS,0.009723684268058986,0.007444804094958491,0.0022788801731004954,3,2025-04-16,2026-01-06,141.0
2025-07-15,dlog_SOLVPN__dlog_GAS,dlog_SOLVPN,dlog_GAS,0.006365446313134436,0.006917113388676319,-0.0005516670755418831,3,2025-04-16,2026-01-06,141.0
2025-07-16,dlog_SOLVPN__dlog_GAS,dlog_SOLVPN,dlog_GAS,0.007076325406344918,0.012223544119054946,-0.0051472187127100276,3,2025-04-16,2026-01-06,141.0
2025-07-17,dlog_SOLVPN__dlog_GAS,dlog_SOLVPN,dlog_GAS,0.029235763870223877,0.012746227422714597,0.01648953644750928,3,2025-04-16,2026-01-06,141.0
2025-07-21,dlog_SOLVPN__dlog_GAS,dlog_SOLVPN,dlog_GAS,0.031207495370815342,0.009661495577110372,0.02154599979370497,3,2025-04-16,2026-01-06,141.0
2025-07-22,dlog_SOLVPN__dlog_GAS,dlog_SOLVPN,dlog_GAS,0.0353796391067114,0.03829611682755906,-0.00291647772084766,3,2025-04-16,2026-01-06,141.0
2025-07-23,dlog_SOLVPN__dlog_GAS,dlog_SOLVPN,dlog_GAS,0.03396994204169339,0.02671611763577596,0.007253824405917427,3,2025-04-16,2026-01-06,141.0
2025-07-24,dlog_SOLVPN__dlog_GAS,dlog_SOLVPN,dlog_GAS,0.05235254431370917,0.0310764115893363,0.02127613272437287,3,2025-04-16,2026-01-06,141.0
2025-07-28,dlog_SOLVPN__dlog_GAS,dlog_SOLVPN,dlog_GAS,0.0478161275365433,0.02308349497056716,0.024732632565976142,3,2025-04-16,2026-01-06,141.0
2025-07-29,dlog_SOLVPN__dlog_GAS,dlog_SOLVPN,dlog_GAS,0.044170508966527446,0.022311617044136416,0.02185889192239103,3,2025-04-16,2026-01-06,141.0
2025-07-30,dlog_SOLVPN__dlog_GAS,dlog_SOLVPN,dlog_GAS,0.03635489901138675,0.02165510425074334,0.014699794760643408,3,2025-04-16,2026-01-06,141.0
2025-07-31,dlog_SOLVPN__dlog_GAS,dlog_SOLVPN,dlog_GAS,0.06310268791254167,0.038457041943744816,0.024645645968796856,3,2025-04-16,2026-01-06,141.0
2025-08-04,dlog_SOLVPN__dlog_GAS,dlog_SOLVPN,dlog_GAS,0.053601567286006555,0.00825222531328277,0.045349341972723785,3,2025-04-16,2026-01-06,141.0
2025-08-05,dlog_SOLVPN__dlog_GAS,dlog_SOLVPN,dlog_GAS,0.12067318892477277,0.006865518539427485,0.11380767038534528,3,2025-04-16,2026-01-06,141.0
2025-08-06,dlog_SOLVPN__dlog_GAS,dlog_SOLVPN,dlog_GAS,0.12415635533208269,0.009140388734377586,0.1150159665977051,3,2025-04-16,2026-01-06,141.0
2025-08-07,dlog_SOLVPN__dlog_GAS,dlog_SOLVPN,dlog_GAS,0.10753702869455745,0.009156523176211616,0.09838050551834583,3,2025-04-16,2026-01-06,141.0
2025-08-11,dlog_SOLVPN__dlog_GAS,dlog_SOLVPN,dlog_GAS,0.10682077491379985,0.009532635854791301,0.09728813905900854,3,2025-04-16,2026-01-06,141.0
2025-08-12,dlog_SOLVPN__dlog_GAS,dlog_SOLVPN,dlog_GAS,0.0840642542511445,0.0051891074004665255,0.07887514685067798,3,2025-04-16,2026-01-06,141.0
2025-08-13,dlog_SOLVPN__dlog_GAS,dlog_SOLVPN,dlog_GAS,0.083552730331369,0.003189734487155316,0.08036299584421368,3,2025-04-16,2026-01-06,141.0
2025-08-14,dlog_SOLVPN__dlog_GAS,dlog_SOLVPN,dlog_GAS,0.08690148538095903,0.006160164108460046,0.08074132127249899,3,2025-04-16,2026-01-06,141.0
2025-08-18,dlog_SOLVPN__dlog_GAS,dlog_SOLVPN,dlog_GAS,0.09400741934124883,0.006331547319700087,0.08767587202154874,3,2025-04-16,2026-01-06,141.0
2025-08-19,dlog_SOLVPN__dlog_GAS,dlog_SOLVPN,dlog_GAS,0.08293916840374294,0.007307723606995974,0.07563144479674697,3,2025-04-16,2026-01-06,141.0
2025-08-20,dlog_SOLVPN__dlog_GAS,dlog_SOLVPN,dlog_GAS,0.0831056108221701,0.00922337464985462,0.07388223617231549,3,2025-04-16,2026-01-06,141.0
2025-08-21,dlog_SOLVPN__dlog_GAS,dlog_SOLVPN,dlog_GAS,0.06944428999678043,0.011247288290038128,0.0581970017067423,3,2025-04-16,2026-01-06,141.0
2025-08-25,dlog_SOLVPN__dlog_GAS,dlog_SOLVPN,dlog_GAS,0.07365216128737595,0.008186375437195704,0.06546578585018024,3,2025-04-16,2026-01-06,141.0
2025-08-26,dlog_SOLVPN__dlog_GAS,dlog_SOLVPN,dlog_GAS,0.06848105539245587,0.00815132457547453,0.06032973081698134,3,2025-04-16,2026-01-06,141.0
2025-08-27,dlog_SOLVPN__dlog_GAS,dlog_SOLVPN,dlog_GAS,0.0667128336683603,0.006460662621831236,0.06025217104652906,3,2025-04-16,2026-01-06,141.0
2025-08-28,dlog_SOLVPN__dlog_GAS,dlog_SOLVPN,dlog_GAS,0.06611131970319838,0.004515966751986907,0.06159535295121147,3,2025-04-16,2026-01-06,141.0
2025-09-02,dlog_SOLVPN__dlog_GAS,dlog_SOLVPN,dlog_GAS,0.05008085422213129,0.011323763839664542,0.03875709038246675,3,2025-04-16,2026-01-06,141.0
2025-09-03,dlog_SOLVPN__dlog_GAS,dlog_SOLVPN,dlog_GAS,0.03119210718163216,0.0059299625029552005,0.025262144678676962,3,2025-04-16,2026-01-06,141.0
2025-09-04,dlog_SOLVPN__dlog_GAS,dlog_SOLVPN,dlog_GAS,0.04141289299080707,0.004832850900990439,0.036580042089816626,3,2025-04-16,2026-01-06,141.0
2025-09-08,dlog_SOLVPN__dlog_GAS,dlog_SOLVPN,dlog_GAS,0.04346496729139759,0.006961627767629296,0.03650333952376829,3,2025-04-16,2026-01-06,141.0
2025-09-09,dlog_SOLVPN__dlog_GAS,dlog_SOLVPN,dlog_GAS,0.048551694471566015,0.016259136924095495,0.03229255754747052,3,2025-04-16,2026-01-06,141.0
2025-09-10,dlog_SOLVPN__dlog_GAS,dlog_SOLVPN,dlog_GAS,0.11899110060103722,0.019371521090689445,0.09961957951034778,3,2025-04-16,2026-01-06,141.0
2025-09-11,dlog_SOLVPN__dlog_GAS,dlog_SOLVPN,dlog_GAS,0.11645777153542139,0.004743685249686162,0.11171408628573523,3,2025-04-16,2026-01-06,141.0
2025-09-15,dlog_SOLVPN__dlog_GAS,dlog_SOLVPN,dlog_GAS,0.018646404925333496,0.004733644343101052,0.013912760582232443,3,2025-04-16,2026-01-06,141.0
2025-09-16,dlog_SOLVPN__dlog_GAS,dlog_SOLVPN,dlog_GAS,0.019932809824056374,0.004203363175596219,0.015729446648460155,3,2025-04-16,2026-01-06,141.0
2025-09-17,dlog_SOLVPN__dlog_GAS,dlog_SOLVPN,dlog_GAS,0.02397177306258079,0.0070863011525952885,0.016885471909985503,3,2025-04-16,2026-01-06,141.0
2025-09-18,dlog_SOLVPN__dlog_GAS,dlog_SOLVPN,dlog_GAS,0.026178744570620395,0.005678576011006388,0.020500168559614007,3,2025-04-16,2026-01-06,141.0
2025-09-22,dlog_SOLVPN__dlog_GAS,dlog_SOLVPN,dlog_GAS,0.012382257594046823,0.0030488642866844007,0.009333393307362423,3,2025-04-16,2026-01-06,141.0
2025-09-23,dlog_SOLVPN__dlog_GAS,dlog_SOLVPN,dlog_GAS,0.03956355307758132,0.008331270386042184,0.03123228269153913,3,2025-04-16,2026-01-06,141.0
2025-09-24,dlog_SOLVPN__dlog_GAS,dlog_SOLVPN,dlog_GAS,0.039856317792545226,0.006787777102464554,0.033068540690080674,3,2025-04-16,2026-01-06,141.0
2025-09-25,dlog_SOLVPN__dlog_GAS,dlog_SOLVPN,dlog_GAS,0.04600262011232348,0.00883768138958777,0.037164938722735706,3,2025-04-16,2026-01-06,141.0
2025-09-29,dlog_SOLVPN__dlog_GAS,dlog_SOLVPN,dlog_GAS,0.04734414780883009,0.00885412763220455,0.03849002017662554,3,2025-04-16,2026-01-06,141.0
2025-09-30,dlog_SOLVPN__dlog_GAS,dlog_SOLVPN,dlog_GAS,0.06091561803816556,0.03443591838987438,0.02647969964829118,3,2025-04-16,2026-01-06,141.0
2025-10-01,dlog_SOLVPN__dlog_GAS,dlog_SOLVPN,dlog_GAS,0.026743294975728915,0.02949450339029084,-0.0027512084145619245,3,2025-04-16,2026-01-06,141.0
2025-10-02,dlog_SOLVPN__dlog_GAS,dlog_SOLVPN,dlog_GAS,0.02762201577148728,0.03165639595863013,-0.00403438018714285,3,2025-04-16,2026-01-06,141.0
2025-10-06,dlog_SOLVPN__dlog_GAS,dlog_SOLVPN,dlog_GAS,0.019005394764114506,0.011014599248803067,0.00799079551531144,3,2025-04-16,2026-01-06,141.0
2025-10-07,dlog_SOLVPN__dlog_GAS,dlog_SOLVPN,dlog_GAS,0.015853948872468798,0.005997648487819092,0.009856300384649706,3,2025-04-16,2026-01-06,141.0
2025-10-08,dlog_SOLVPN__dlog_GAS,dlog_SOLVPN,dlog_GAS,0.018736373905598385,0.002284821768984093,0.01645155213661429,3,2025-04-16,2026-01-06,141.0
2025-10-09,dlog_SOLVPN__dlog_GAS,dlog_SOLVPN,dlog_GAS,0.009247729042062554,0.007394175167430457,0.0018535538746320976,3,2025-04-16,2026-01-06,141.0
2025-10-14,dlog_SOLVPN__dlog_GAS,dlog_SOLVPN,dlog_GAS,0.016623033282893114,0.01049218411783202,0.006130849165061094,3,2025-04-16,2026-01-06,141.0
2025-10-15,dlog_SOLVPN__dlog_GAS,dlog_SOLVPN,dlog_GAS,0.006005652230676534,0.004232802914363166,0.0017728493163133678,3,2025-04-16,2026-01-06,141.0
2025-10-16,dlog_SOLVPN__dlog_GAS,dlog_SOLVPN,dlog_GAS,0.004217132974785809,0.0011640267660438827,0.003053106208741926,3,2025-04-16,2026-01-06,141.0
2025-10-20,dlog_SOLVPN__dlog_GAS,dlog_SOLVPN,dlog_GAS,0.0988437755384412,0.024574328663120763,0.07426944687532044,3,2025-04-16,2026-01-06,141.0
2025-10-21,dlog_SOLVPN__dlog_GAS,dlog_SOLVPN,dlog_GAS,0.0841923908567616,0.03607821593831198,0.04811417491844962,3,2025-04-16,2026-01-06,141.0
2025-10-22,dlog_SOLVPN__dlog_GAS,dlog_SOLVPN,dlog_GAS,0.06600611967155928,0.06226973081442336,0.003736388857135925,3,2025-04-16,2026-01-06,141.0
2025-10-23,dlog_SOLVPN__dlog_GAS,dlog_SOLVPN,dlog_GAS,0.0673634557689755,0.060854027396166056,0.006509428372809441,3,2025-04-16,2026-01-06,141.0
2025-10-27,dlog_SOLVPN__dlog_GAS,dlog_SOLVPN,dlog_GAS,0.071373699943527,0.027133115560342105,0.0442405843831849,3,2025-04-16,2026-01-06,141.0
2025-10-28,dlog_SOLVPN__dlog_GAS,dlog_SOLVPN,dlog_GAS,0.04953748434020955,0.02812080937867641,0.021416674961533138,3,2025-04-16,2026-01-06,141.0
2025-10-29,dlog_SOLVPN__dlog_GAS,dlog_SOLVPN,dlog_GAS,0.04831449926837693,0.029666750952855772,0.018647748315521157,3,2025-04-16,2026-01-06,141.0
2025-10-30,dlog_SOLVPN__dlog_GAS,dlog_SOLVPN,dlog_GAS,0.05226500170505527,0.02633644614342614,0.02592855556162913,3,2025-04-16,2026-01-06,141.0
2025-11-03,dlog_SOLVPN__dlog_GAS,dlog_SOLVPN,dlog_GAS,0.058614905752940066,0.02414279689060454,0.034472108862335524,3,2025-04-16,2026-01-06,141.0
2025-11-04,dlog_SOLVPN__dlog_GAS,dlog_SOLVPN,dlog_GAS,0.06262554860927366,0.02180917821637319,0.040816370392900474,3,2025-04-16,2026-01-06,141.0
2025-11-05,dlog_SOLVPN__dlog_GAS,dlog_SOLVPN,dlog_GAS,0.03746467121185717,0.011107253259033998,0.02635741795282317,3,2025-04-16,2026-01-06,141.0
2025-11-06,dlog_SOLVPN__dlog_GAS,dlog_SOLVPN,dlog_GAS,0.013644784841234093,0.0078068972135226485,0.005837887627711444,3,2025-04-16,2026-01-06,141.0
2025-11-10,dlog_SOLVPN__dlog_GAS,dlog_SOLVPN,dlog_GAS,0.012228522424695623,0.004751946121817652,0.0074765763028779705,3,2025-04-16,2026-01-06,141.0
2025-11-12,dlog_SOLVPN__dlog_GAS,dlog_SOLVPN,dlog_GAS,0.031086249937840697,0.010217790886675496,0.020868459051165203,3,2025-04-16,2026-01-06,141.0
2025-11-13,dlog_SOLVPN__dlog_GAS,dlog_SOLVPN,dlog_GAS,0.03713216940265004,0.016299060106100036,0.020833109296550002,3,2025-04-16,2026-01-06,141.0
2025-11-17,dlog_SOLVPN__dlog_GAS,dlog_SOLVPN,dlog_GAS,0.04795919902105904,0.03659298207963026,0.01136621694142878,3,2025-04-16,2026-01-06,141.0
2025-11-18,dlog_SOLVPN__dlog_GAS,dlog_SOLVPN,dlog_GAS,0.03777350752112318,0.009494988885366769,0.02827851863575641,3,2025-04-16,2026-01-06,141.0
2025-11-19,dlog_SOLVPN__dlog_GAS,dlog_SOLVPN,dlog_GAS,0.07819122672740676,0.00870636607855101,0.06948486064885576,3,2025-04-16,2026-01-06,141.0
2025-11-20,dlog_SOLVPN__dlog_GAS,dlog_SOLVPN,dlog_GAS,0.07911458399670608,0.008187510808357706,0.07092707318834837,3,2025-04-16,2026-01-06,141.0
2025-11-24,dlog_SOLVPN__dlog_GAS,dlog_SOLVPN,dlog_GAS,0.057227058042806,0.011028688141565256,0.046198369901240745,3,2025-04-16,2026-01-06,141.0
2025-11-25,dlog_SOLVPN__dlog_GAS,dlog_SOLVPN,dlog_GAS,0.04493821641073934,0.01114792720323599,0.03379028920750335,3,2025-04-16,2026-01-06,141.0
2025-11-26,dlog_SOLVPN__dlog_GAS,dlog_SOLVPN,dlog_GAS,0.03755512043434305,0.02500554445794797,0.012549575976395083,3,2025-04-16,2026-01-06,141.0
2025-12-01,dlog_SOLVPN__dlog_GAS,dlog_SOLVPN,dlog_GAS,0.039283967160601244,0.01744610945693043,0.021837857703670815,3,2025-04-16,2026-01-06,141.0
2025-12-02,dlog_SOLVPN__dlog_GAS,dlog_SOLVPN,dlog_GAS,0.016506995579335805,0.010198208410624396,0.006308787168711409,3,2025-04-16,2026-01-06,141.0
2025-12-03,dlog_SOLVPN__dlog_GAS,dlog_SOLVPN,dlog_GAS,0.014865756946299538,0.009593092292956082,0.0052726646533434555,3,2025-04-16,2026-01-06,141.0
2025-12-04,dlog_SOLVPN__dlog_GAS,dlog_SOLVPN,dlog_GAS,0.01493159584851604,0.010156529125765127,0.004775066722750913,3,2025-04-16,2026-01-06,141.0
2025-12-08,dlog_SOLVPN__dlog_GAS,dlog_SOLVPN,dlog_GAS,0.01945724773998493,0.008964668182658451,0.01049257955732648,3,2025-04-16,2026-01-06,141.0
2025-12-09,dlog_SOLVPN__dlog_GAS,dlog_SOLVPN,dlog_GAS,0.012706926621760612,0.0107991179313064,0.0019078086904542116,3,2025-04-16,2026-01-06,141.0
2025-12-10,dlog_SOLVPN__dlog_GAS,dlog_SOLVPN,dlog_GAS,0.032790380589316145,0.02013803601193104,0.012652344577385104,3,2025-04-16,2026-01-06,141.0
2025-12-11,dlog_SOLVPN__dlog_GAS,dlog_SOLVPN,dlog_GAS,0.043482702600510875,0.05437495007187196,-0.010892247471361083,3,2025-04-16,2026-01-06,141.0
2025-12-15,dlog_SOLVPN__dlog_GAS,dlog_SOLVPN,dlog_GAS,0.044076289622199616,0.07251888137572707,-0.028442591753527452,3,2025-04-16,2026-01-06,141.0
2025-12-16,dlog_SOLVPN__dlog_GAS,dlog_SOLVPN,dlog_GAS,0.034339881278404684,0.07637284927077613,-0.042032967992371446,3,2025-04-16,2026-01-06,141.0
2025-12-17,dlog_SOLVPN__dlog_GAS,dlog_SOLVPN,dlog_GAS,0.032761007470160516,0.08410243431702132,-0.0513414268468608,3,2025-04-16,2026-01-06,141.0
2025-12-18,dlog_SOLVPN__dlog_GAS,dlog_SOLVPN,dlog_GAS,0.06050981262942821,0.07133551084959201,-0.010825698220163806,3,2025-04-16,2026-01-06,141.0
2025-12-22,dlog_SOLVPN__dlog_GAS,dlog_SOLVPN,dlog_GAS,0.08172196869902418,0.08096294075130765,0.0007590279477165257,3,2025-04-16,2026-01-06,141.0
2025-12-23,dlog_SOLVPN__dlog_GAS,dlog_SOLVPN,dlog_GAS,0.08776212420021522,0.06769235881691055,0.02006976538330467,3,2025-04-16,2026-01-06,141.0
2025-12-29,dlog_SOLVPN__dlog_GAS,dlog_SOLVPN,dlog_GAS,0.03249423531368886,0.14367826752500332,-0.11118403221131445,3,2025-04-16,2026-01-06,141.0
2025-12-30,dlog_SOLVPN__dlog_GAS,dlog_SOLVPN,dlog_GAS,0.029998418492624256,0.02280962233858678,0.007188796154037478,3,2025-04-16,2026-01-06,141.0
2026-01-05,dlog_SOLVPN__dlog_GAS,dlog_SOLVPN,dlog_GAS,0.01810699162652103,0.05883677274242696,-0.04072978111590593,3,2025-04-16,2026-01-06,141.0
2026-01-06,dlog_SOLVPN__dlog_GAS,dlog_SOLVPN,dlog_GAS,0.054120331380995895,0.012898773979786527,0.04122155740120937,3,2025-04-16,2026-01-06,141.0
2022-12-05,dlog_SOLVPN__d_UST10Y,dlog_SOLVPN,d_UST10Y,0.054922679939590754,0.05224700335168209,0.002675676587908661,0,2022-12-01,2023-10-30,180.0
2022-12-06,dlog_SOLVPN__d_UST10Y,dlog_SOLVPN,d_UST10Y,0.05408124010471876,0.03535192513018279,0.01872931497453597,0,2022-12-01,2023-10-30,180.0
2022-12-07,dlog_SOLVPN__d_UST10Y,dlog_SOLVPN,d_UST10Y,0.13421023754535344,0.04246611538668374,0.0917441221586697,0,2022-12-01,2023-10-30,180.0
2022-12-08,dlog_SOLVPN__d_UST10Y,dlog_SOLVPN,d_UST10Y,0.08653899551195572,0.03741593424014854,0.049123061271807184,0,2022-12-01,2023-10-30,180.0
2022-12-12,dlog_SOLVPN__d_UST10Y,dlog_SOLVPN,d_UST10Y,0.11567934744682705,0.08794746552328125,0.027731881923545795,0,2022-12-01,2023-10-30,180.0
2022-12-13,dlog_SOLVPN__d_UST10Y,dlog_SOLVPN,d_UST10Y,0.1048333892291301,0.04387033534930319,0.060963053879826916,0,2022-12-01,2023-10-30,180.0
2022-12-14,dlog_SOLVPN__d_UST10Y,dlog_SOLVPN,d_UST10Y,0.0367121503821106,0.057637327243915966,-0.020925176861805367,0,2022-12-01,2023-10-30,180.0
2022-12-15,dlog_SOLVPN__d_UST10Y,dlog_SOLVPN,d_UST10Y,0.09853061531386942,0.12885190708623753,-0.030321291772368114,0,2022-12-01,2023-10-30,180.0
2022-12-19,dlog_SOLVPN__d_UST10Y,dlog_SOLVPN,d_UST10Y,0.058970237378144025,0.02142097305095067,0.037549264327193355,0,2022-12-01,2023-10-30,180.0
2022-12-20,dlog_SOLVPN__d_UST10Y,dlog_SOLVPN,d_UST10Y,0.13899766274493697,0.051881352148823674,0.0871163105961133,0,2022-12-01,2023-10-30,180.0
2022-12-21,dlog_SOLVPN__d_UST10Y,dlog_SOLVPN,d_UST10Y,0.13795398432765218,0.11537279559030704,0.022581188737345145,0,2022-12-01,2023-10-30,180.0
2022-12-22,dlog_SOLVPN__d_UST10Y,dlog_SOLVPN,d_UST10Y,0.08158086081962694,0.11878304209305536,-0.03720218127342842,0,2022-12-01,2023-10-30,180.0
2022-12-27,dlog_SOLVPN__d_UST10Y,dlog_SOLVPN,d_UST10Y,0.04565453633610262,0.04376075700620705,0.0018937793298955674,0,2022-12-01,2023-10-30,180.0
2022-12-28,dlog_SOLVPN__d_UST10Y,dlog_SOLVPN,d_UST10Y,0.08754595217209514,0.07379961410013523,0.013746338071959907,0,2022-12-01,2023-10-30,180.0
2022-12-29,dlog_SOLVPN__d_UST10Y,dlog_SOLVPN,d_UST10Y,0.07721588779524845,0.0704426613350993,0.006773226460149148,0,2022-12-01,2023-10-30,180.0
2023-01-03,dlog_SOLVPN__d_UST10Y,dlog_SOLVPN,d_UST10Y,0.06130272820684942,0.07987692060703105,-0.018574192400181634,0,2022-12-01,2023-10-30,180.0
2023-01-04,dlog_SOLVPN__d_UST10Y,dlog_SOLVPN,d_UST10Y,0.09040389520698523,0.045906185309659536,0.044497709897325696,0,2022-12-01,2023-10-30,180.0
2023-01-05,dlog_SOLVPN__d_UST10Y,dlog_SOLVPN,d_UST10Y,0.054608923679138305,0.06814206831032585,-0.013533144631187544,0,2022-12-01,2023-10-30,180.0
2023-01-09,dlog_SOLVPN__d_UST10Y,dlog_SOLVPN,d_UST10Y,0.05096529565871926,0.06101632268255323,-0.010051027023833967,0,2022-12-01,2023-10-30,180.0
2023-01-10,dlog_SOLVPN__d_UST10Y,dlog_SOLVPN,d_UST10Y,0.06865122330633974,0.06045824694772986,0.008192976358609882,0,2022-12-01,2023-10-30,180.0
2023-01-11,dlog_SOLVPN__d_UST10Y,dlog_SOLVPN,d_UST10Y,0.09366781943578388,0.057030164243895835,0.036637655191888045,0,2022-12-01,2023-10-30,180.0
2023-01-12,dlog_SOLVPN__d_UST10Y,dlog_SOLVPN,d_UST10Y,0.09694812195890583,0.09216945858607184,0.004778663372833988,0,2022-12-01,2023-10-30,180.0
2023-01-17,dlog_SOLVPN__d_UST10Y,dlog_SOLVPN,d_UST10Y,0.10832791624670213,0.06262724621628891,0.04570067003041321,0,2022-12-01,2023-10-30,180.0
2023-01-18,dlog_SOLVPN__d_UST10Y,dlog_SOLVPN,d_UST10Y,0.14980834355720632,0.05980467179694564,0.09000367176026068,0,2022-12-01,2023-10-30,180.0
2023-01-19,dlog_SOLVPN__d_UST10Y,dlog_SOLVPN,d_UST10Y,0.11540059425409167,0.03604153949044674,0.07935905476364494,0,2022-12-01,2023-10-30,180.0
2023-01-23,dlog_SOLVPN__d_UST10Y,dlog_SOLVPN,d_UST10Y,0.10729990240066316,0.03325756842603952,0.07404233397462365,0,2022-12-01,2023-10-30,180.0
2023-01-24,dlog_SOLVPN__d_UST10Y,dlog_SOLVPN,d_UST10Y,0.1040049560943038,0.020974487760573847,0.08303046833372996,0,2022-12-01,2023-10-30,180.0
2023-01-25,dlog_SOLVPN__d_UST10Y,dlog_SOLVPN,d_UST10Y,0.11584453223907511,0.023000731406250634,0.09284380083282448,0,2022-12-01,2023-10-30,180.0
2023-01-26,dlog_SOLVPN__d_UST10Y,dlog_SOLVPN,d_UST10Y,0.12853927871274068,0.023275285420652214,0.10526399329208846,0,2022-12-01,2023-10-30,180.0
2023-01-30,dlog_SOLVPN__d_UST10Y,dlog_SOLVPN,d_UST10Y,0.06735702009757627,0.02994083625727013,0.037416183840306136,0,2022-12-01,2023-10-30,180.0
2023-01-31,dlog_SOLVPN__d_UST10Y,dlog_SOLVPN,d_UST10Y,0.05452585428691813,0.015692165961375168,0.03883368832554296,0,2022-12-01,2023-10-30,180.0
2023-02-01,dlog_SOLVPN__d_UST10Y,dlog_SOLVPN,d_UST10Y,0.031084279649485933,0.026634990338405638,0.004449289311080296,0,2022-12-01,2023-10-30,180.0
2023-02-02,dlog_SOLVPN__d_UST10Y,dlog_SOLVPN,d_UST10Y,0.16427109945669743,0.09819460214051526,0.06607649731618218,0,2022-12-01,2023-10-30,180.0
2023-02-06,dlog_SOLVPN__d_UST10Y,dlog_SOLVPN,d_UST10Y,0.0678909186059491,0.06260042794296637,0.005290490662982733,0,2022-12-01,2023-10-30,180.0
2023-02-07,dlog_SOLVPN__d_UST10Y,dlog_SOLVPN,d_UST10Y,0.07180158889186751,0.03171810258600724,0.04008348630586027,0,2022-12-01,2023-10-30,180.0
2023-02-08,dlog_SOLVPN__d_UST10Y,dlog_SOLVPN,d_UST10Y,0.08255519923885361,0.03238561587435937,0.050169583364494244,0,2022-12-01,2023-10-30,180.0
2023-02-09,dlog_SOLVPN__d_UST10Y,dlog_SOLVPN,d_UST10Y,0.08648244597746702,0.03227253943472055,0.05420990654274647,0,2022-12-01,2023-10-30,180.0
2023-02-13,dlog_SOLVPN__d_UST10Y,dlog_SOLVPN,d_UST10Y,0.08171052657499654,0.03372526616921001,0.04798526040578653,0,2022-12-01,2023-10-30,180.0
2023-02-14,dlog_SOLVPN__d_UST10Y,dlog_SOLVPN,d_UST10Y,0.07823998098128561,0.038643942297567145,0.039596038683718464,0,2022-12-01,2023-10-30,180.0
2023-02-15,dlog_SOLVPN__d_UST10Y,dlog_SOLVPN,d_UST10Y,0.08385772118676814,0.03973455407376662,0.044123167113001516,0,2022-12-01,2023-10-30,180.0
2023-02-16,dlog_SOLVPN__d_UST10Y,dlog_SOLVPN,d_UST10Y,0.08758375014218225,0.03692764232984669,0.050656107812335566,0,2022-12-01,2023-10-30,180.0
2023-02-21,dlog_SOLVPN__d_UST10Y,dlog_SOLVPN,d_UST10Y,0.12104134267777257,0.056198359988688586,0.06484298268908398,0,2022-12-01,2023-10-30,180.0
2023-02-22,dlog_SOLVPN__d_UST10Y,dlog_SOLVPN,d_UST10Y,0.052947179135875246,0.05177823579427464,0.0011689433416006076,0,2022-12-01,2023-10-30,180.0
2023-02-23,dlog_SOLVPN__d_UST10Y,dlog_SOLVPN,d_UST10Y,0.047146255698627015,0.06759828778861192,-0.020452032089984903,0,2022-12-01,2023-10-30,180.0
2023-02-27,dlog_SOLVPN__d_UST10Y,dlog_SOLVPN,d_UST10Y,0.05097255923705075,0.0684427249666484,-0.01747016572959765,0,2022-12-01,2023-10-30,180.0
2023-02-28,dlog_SOLVPN__d_UST10Y,dlog_SOLVPN,d_UST10Y,0.05001786287567993,0.06180785666923981,-0.011789993793559883,0,2022-12-01,2023-10-30,180.0
2023-03-01,dlog_SOLVPN__d_UST10Y,dlog_SOLVPN,d_UST10Y,0.05099678225523668,0.06620964608291632,-0.01521286382767964,0,2022-12-01,2023-10-30,180.0
2023-03-02,dlog_SOLVPN__d_UST10Y,dlog_SOLVPN,d_UST10Y,0.037934782720710464,0.03411862126614265,0.0038161614545678124,0,2022-12-01,2023-10-30,180.0
2023-03-06,dlog_SOLVPN__d_UST10Y,dlog_SOLVPN,d_UST10Y,0.03691119927785162,0.04609482795827742,-0.009183628680425798,0,2022-12-01,2023-10-30,180.0
2023-03-07,dlog_SOLVPN__d_UST10Y,dlog_SOLVPN,d_UST10Y,0.037335104491562965,0.05503438944538828,-0.017699284953825313,0,2022-12-01,2023-10-30,180.0
2023-03-08,dlog_SOLVPN__d_UST10Y,dlog_SOLVPN,d_UST10Y,0.04482139460760146,0.048742048020840034,-0.0039206534132385715,0,2022-12-01,2023-10-30,180.0
2023-03-09,dlog_SOLVPN__d_UST10Y,dlog_SOLVPN,d_UST10Y,0.0653877747578371,0.052310529269381074,0.01307724548845602,0,2022-12-01,2023-10-30,180.0
2023-03-13,dlog_SOLVPN__d_UST10Y,dlog_SOLVPN,d_UST10Y,0.006174076842033972,0.08552389275269369,-0.07934981591065972,0,2022-12-01,2023-10-30,180.0
2023-03-14,dlog_SOLVPN__d_UST10Y,dlog_SOLVPN,d_UST10Y,0.034588745218128394,0.07984355510134361,-0.045254809883215216,0,2022-12-01,2023-10-30,180.0
2023-03-15,dlog_SOLVPN__d_UST10Y,dlog_SOLVPN,d_UST10Y,0.0352092581696144,0.1281443856256241,-0.09293512745600971,0,2022-12-01,2023-10-30,180.0
2023-03-16,dlog_SOLVPN__d_UST10Y,dlog_SOLVPN,d_UST10Y,0.03401180196099829,0.08400537550587815,-0.04999357354487986,0,2022-12-01,2023-10-30,180.0
2023-03-20,dlog_SOLVPN__d_UST10Y,dlog_SOLVPN,d_UST10Y,0.03499747593477446,0.05815402100293786,-0.0231565450681634,0,2022-12-01,2023-10-30,180.0
2023-03-21,dlog_SOLVPN__d_UST10Y,dlog_SOLVPN,d_UST10Y,0.03231511583374261,0.07100970831475795,-0.03869459248101534,0,2022-12-01,2023-10-30,180.0
2023-03-22,dlog_SOLVPN__d_UST10Y,dlog_SOLVPN,d_UST10Y,0.045594901538601657,0.11174047421290913,-0.06614557267430747,0,2022-12-01,2023-10-30,180.0
2023-03-23,dlog_SOLVPN__d_UST10Y,dlog_SOLVPN,d_UST10Y,0.041622739949005054,0.06247942727408383,-0.020856687325078775,0,2022-12-01,2023-10-30,180.0
2023-03-27,dlog_SOLVPN__d_UST10Y,dlog_SOLVPN,d_UST10Y,0.0444720343285525,0.05901608809525679,-0.014544053766704292,0,2022-12-01,2023-10-30,180.0
2023-03-28,dlog_SOLVPN__d_UST10Y,dlog_SOLVPN,d_UST10Y,0.03582318096978526,0.04749050110101775,-0.011667320131232485,0,2022-12-01,2023-10-30,180.0
2023-03-29,dlog_SOLVPN__d_UST10Y,dlog_SOLVPN,d_UST10Y,0.03552873752763734,0.03831089438711627,-0.0027821568594789264,0,2022-12-01,2023-10-30,180.0
2023-03-30,dlog_SOLVPN__d_UST10Y,dlog_SOLVPN,d_UST10Y,0.022795386543533153,0.03984035858893536,-0.017044972045402205,0,2022-12-01,2023-10-30,180.0
2023-04-03,dlog_SOLVPN__d_UST10Y,dlog_SOLVPN,d_UST10Y,0.0058322138125059715,0.02269524301687001,-0.016863029204364038,0,2022-12-01,2023-10-30,180.0
2023-04-04,dlog_SOLVPN__d_UST10Y,dlog_SOLVPN,d_UST10Y,0.010630765928453677,0.021370230883935748,-0.01073946495548207,0,2022-12-01,2023-10-30,180.0
2023-04-05,dlog_SOLVPN__d_UST10Y,dlog_SOLVPN,d_UST10Y,0.01168908690225473,0.001672012524687985,0.010017074377566746,0,2022-12-01,2023-10-30,180.0
2023-04-10,dlog_SOLVPN__d_UST10Y,dlog_SOLVPN,d_UST10Y,0.00866795208783751,0.002641491698380817,0.006026460389456693,0,2022-12-01,2023-10-30,180.0
2023-04-11,dlog_SOLVPN__d_UST10Y,dlog_SOLVPN,d_UST10Y,0.013457236341811793,0.0007773343760835443,0.01267990196572825,0,2022-12-01,2023-10-30,180.0
2023-04-12,dlog_SOLVPN__d_UST10Y,dlog_SOLVPN,d_UST10Y,0.018463110938403214,0.0007539100061299491,0.017709200932273263,0,2022-12-01,2023-10-30,180.0
2023-04-13,dlog_SOLVPN__d_UST10Y,dlog_SOLVPN,d_UST10Y,0.012874620456058394,0.006121047183377018,0.006753573272681376,0,2022-12-01,2023-10-30,180.0
2023-04-17,dlog_SOLVPN__d_UST10Y,dlog_SOLVPN,d_UST10Y,0.01780639449027804,0.009384641662143096,0.008421752828134944,0,2022-12-01,2023-10-30,180.0
2023-04-18,dlog_SOLVPN__d_UST10Y,dlog_SOLVPN,d_UST10Y,0.026218519153855677,0.017960713252429785,0.008257805901425892,0,2022-12-01,2023-10-30,180.0
2023-04-19,dlog_SOLVPN__d_UST10Y,dlog_SOLVPN,d_UST10Y,0.028482973439510926,0.012631157910987734,0.015851815528523192,0,2022-12-01,2023-10-30,180.0
2023-04-20,dlog_SOLVPN__d_UST10Y,dlog_SOLVPN,d_UST10Y,0.03188968981625584,0.01941784532526094,0.0124718444909949,0,2022-12-01,2023-10-30,180.0
2023-04-24,dlog_SOLVPN__d_UST10Y,dlog_SOLVPN,d_UST10Y,0.05178723475160888,0.01709195354714623,0.03469528120446265,0,2022-12-01,2023-10-30,180.0
2023-04-25,dlog_SOLVPN__d_UST10Y,dlog_SOLVPN,d_UST10Y,0.0628215293269862,0.057570961105627115,0.005250568221359088,0,2022-12-01,2023-10-30,180.0
2023-04-26,dlog_SOLVPN__d_UST10Y,dlog_SOLVPN,d_UST10Y,0.02759702372148198,0.048015147975073016,-0.020418124253591036,0,2022-12-01,2023-10-30,180.0
2023-04-27,dlog_SOLVPN__d_UST10Y,dlog_SOLVPN,d_UST10Y,0.03947201084456417,0.0789321713268516,-0.039460160482287426,0,2022-12-01,2023-10-30,180.0
2023-05-01,dlog_SOLVPN__d_UST10Y,dlog_SOLVPN,d_UST10Y,0.058813346882609065,0.03708010849423172,0.021733238388377346,0,2022-12-01,2023-10-30,180.0
2023-05-02,dlog_SOLVPN__d_UST10Y,dlog_SOLVPN,d_UST10Y,0.09021673559793174,0.0949818073368054,-0.004765071738873666,0,2022-12-01,2023-10-30,180.0
2023-05-03,dlog_SOLVPN__d_UST10Y,dlog_SOLVPN,d_UST10Y,0.12659030226680318,0.06866610847899735,0.05792419378780583,0,2022-12-01,2023-10-30,180.0
2023-05-04,dlog_SOLVPN__d_UST10Y,dlog_SOLVPN,d_UST10Y,0.12138224699476977,0.06851339087594405,0.05286885611882572,0,2022-12-01,2023-10-30,180.0
2023-05-08,dlog_SOLVPN__d_UST10Y,dlog_SOLVPN,d_UST10Y,0.11747917687143003,0.06349064636375094,0.053988530507679086,0,2022-12-01,2023-10-30,180.0
2023-05-09,dlog_SOLVPN__d_UST10Y,dlog_SOLVPN,d_UST10Y,0.1342738599879968,0.05755036386885593,0.07672349611914087,0,2022-12-01,2023-10-30,180.0
2023-05-10,dlog_SOLVPN__d_UST10Y,dlog_SOLVPN,d_UST10Y,0.15197930061374654,0.04645587169904923,0.1055234289146973,0,2022-12-01,2023-10-30,180.0
2023-05-11,dlog_SOLVPN__d_UST10Y,dlog_SOLVPN,d_UST10Y,0.14296840780413642,0.05759575861500553,0.08537264918913089,0,2022-12-01,2023-10-30,180.0
2023-05-15,dlog_SOLVPN__d_UST10Y,dlog_SOLVPN,d_UST10Y,0.11971624207514812,0.06041775325813573,0.05929848881701239,0,2022-12-01,2023-10-30,180.0
2023-05-16,dlog_SOLVPN__d_UST10Y,dlog_SOLVPN,d_UST10Y,0.12692709308598307,0.04126383468713875,0.08566325839884432,0,2022-12-01,2023-10-30,180.0
2023-05-17,dlog_SOLVPN__d_UST10Y,dlog_SOLVPN,d_UST10Y,0.07324396864796814,0.050142253650986526,0.023101714996981618,0,2022-12-01,2023-10-30,180.0
2023-05-18,dlog_SOLVPN__d_UST10Y,dlog_SOLVPN,d_UST10Y,0.09118676778046851,0.061882336867870424,0.029304430912598087,0,2022-12-01,2023-10-30,180.0
2023-05-22,dlog_SOLVPN__d_UST10Y,dlog_SOLVPN,d_UST10Y,0.10186857128070413,0.07387749449287176,0.027991076787832372,0,2022-12-01,2023-10-30,180.0
2023-05-23,dlog_SOLVPN__d_UST10Y,dlog_SOLVPN,d_UST10Y,0.08878837389977692,0.0612559794824214,0.027532394417355527,0,2022-12-01,2023-10-30,180.0
2023-05-24,dlog_SOLVPN__d_UST10Y,dlog_SOLVPN,d_UST10Y,0.04879021214849498,0.04964581911040663,-0.0008556069619116494,0,2022-12-01,2023-10-30,180.0
2023-05-25,dlog_SOLVPN__d_UST10Y,dlog_SOLVPN,d_UST10Y,0.04596031136899259,0.0839903204652665,-0.03803000909627391,0,2022-12-01,2023-10-30,180.0
2023-05-30,dlog_SOLVPN__d_UST10Y,dlog_SOLVPN,d_UST10Y,0.06071180893725866,0.08144847938215301,-0.02073667044489435,0,2022-12-01,2023-10-30,180.0
2023-05-31,dlog_SOLVPN__d_UST10Y,dlog_SOLVPN,d_UST10Y,0.05866836337054109,0.06668481653146387,-0.008016453160922775,0,2022-12-01,2023-10-30,180.0
2023-06-01,dlog_SOLVPN__d_UST10Y,dlog_SOLVPN,d_UST10Y,0.056758359624442464,0.061339788371773854,-0.00458142874733139,0,2022-12-01,2023-10-30,180.0
2023-06-05,dlog_SOLVPN__d_UST10Y,dlog_SOLVPN,d_UST10Y,0.05834535453284386,0.055411365091525354,0.0029339894413185075,0,2022-12-01,2023-10-30,180.0
2023-06-06,dlog_SOLVPN__d_UST10Y,dlog_SOLVPN,d_UST10Y,0.05807853862144789,0.05283155909388111,0.005246979527566781,0,2022-12-01,2023-10-30,180.0
2023-06-07,dlog_SOLVPN__d_UST10Y,dlog_SOLVPN,d_UST10Y,0.057128190169897224,0.056100296076911554,0.0010278940929856692,0,2022-12-01,2023-10-30,180.0
2023-06-08,dlog_SOLVPN__d_UST10Y,dlog_SOLVPN,d_UST10Y,0.06577051211175232,0.0736351383398855,-0.007864626228133179,0,2022-12-01,2023-10-30,180.0
2023-06-12,dlog_SOLVPN__d_UST10Y,dlog_SOLVPN,d_UST10Y,0.07560704278675323,0.09930167927768238,-0.02369463649092915,0,2022-12-01,2023-10-30,180.0
2023-06-13,dlog_SOLVPN__d_UST10Y,dlog_SOLVPN,d_UST10Y,0.07725122477422232,0.09930794446863855,-0.022056719694416235,0,2022-12-01,2023-10-30,180.0
2023-06-14,dlog_SOLVPN__d_UST10Y,dlog_SOLVPN,d_UST10Y,0.06674393029050724,0.07836627589289709,-0.011622345602389852,0,2022-12-01,2023-10-30,180.0
2023-06-15,dlog_SOLVPN__d_UST10Y,dlog_SOLVPN,d_UST10Y,0.06897112212066844,0.07117621376746792,-0.0022050916467994813,0,2022-12-01,2023-10-30,180.0
2023-06-20,dlog_SOLVPN__d_UST10Y,dlog_SOLVPN,d_UST10Y,0.09979589235176933,0.10020223662163559,-0.00040634426986625727,0,2022-12-01,2023-10-30,180.0
2023-06-21,dlog_SOLVPN__d_UST10Y,dlog_SOLVPN,d_UST10Y,0.09168523573750466,0.13096295238455838,-0.03927771664705372,0,2022-12-01,2023-10-30,180.0
2023-06-22,dlog_SOLVPN__d_UST10Y,dlog_SOLVPN,d_UST10Y,0.11705825655998753,0.13799316166318526,-0.020934905103197732,0,2022-12-01,2023-10-30,180.0
2023-06-26,dlog_SOLVPN__d_UST10Y,dlog_SOLVPN,d_UST10Y,0.09144318149533918,0.1328021432398843,-0.041358961744545106,0,2022-12-01,2023-10-30,180.0
2023-06-27,dlog_SOLVPN__d_UST10Y,dlog_SOLVPN,d_UST10Y,0.08219032688993784,0.14425084540063948,-0.06206051851070164,0,2022-12-01,2023-10-30,180.0
2023-06-28,dlog_SOLVPN__d_UST10Y,dlog_SOLVPN,d_UST10Y,0.08956629252753533,0.11812564980922112,-0.028559357281685793,0,2022-12-01,2023-10-30,180.0
2023-06-29,dlog_SOLVPN__d_UST10Y,dlog_SOLVPN,d_UST10Y,0.08940132756076521,0.13627770085677252,-0.0468763732960073,0,2022-12-01,2023-10-30,180.0
2023-07-03,dlog_SOLVPN__d_UST10Y,dlog_SOLVPN,d_UST10Y,0.09314828757768005,0.14258647998036655,-0.0494381924026865,0,2022-12-01,2023-10-30,180.0
2023-07-05,dlog_SOLVPN__d_UST10Y,dlog_SOLVPN,d_UST10Y,0.08381674508647118,0.1571842080114716,-0.07336746292500042,0,2022-12-01,2023-10-30,180.0
2023-07-06,dlog_SOLVPN__d_UST10Y,dlog_SOLVPN,d_UST10Y,0.05487385429586352,0.05636800969048656,-0.0014941553946230396,0,2022-12-01,2023-10-30,180.0
2023-07-10,dlog_SOLVPN__d_UST10Y,dlog_SOLVPN,d_UST10Y,0.057572153291503336,0.055079625180098145,0.0024925281114051914,0,2022-12-01,2023-10-30,180.0
2023-07-11,dlog_SOLVPN__d_UST10Y,dlog_SOLVPN,d_UST10Y,0.05608363929596491,0.054121068670251106,0.001962570625713804,0,2022-12-01,2023-10-30,180.0
2023-07-12,dlog_SOLVPN__d_UST10Y,dlog_SOLVPN,d_UST10Y,0.029578037667954585,0.025751080415648917,0.0038269572523056683,0,2022-12-01,2023-10-30,180.0
2023-07-13,dlog_SOLVPN__d_UST10Y,dlog_SOLVPN,d_UST10Y,0.03908490561244345,0.0282540151939875,0.010830890418455953,0,2022-12-01,2023-10-30,180.0
2023-07-17,dlog_SOLVPN__d_UST10Y,dlog_SOLVPN,d_UST10Y,0.020001637043752983,0.015133900760706597,0.004867736283046386,0,2022-12-01,2023-10-30,180.0
2023-07-18,dlog_SOLVPN__d_UST10Y,dlog_SOLVPN,d_UST10Y,0.022593483908996893,0.011593337892575453,0.01100014601642144,0,2022-12-01,2023-10-30,180.0
2023-07-19,dlog_SOLVPN__d_UST10Y,dlog_SOLVPN,d_UST10Y,0.019068146646485703,0.01045491868723429,0.008613227959251412,0,2022-12-01,2023-10-30,180.0
2023-07-20,dlog_SOLVPN__d_UST10Y,dlog_SOLVPN,d_UST10Y,0.01482970426769665,0.0080758307047302,0.00675387356296645,0,2022-12-01,2023-10-30,180.0
2023-07-24,dlog_SOLVPN__d_UST10Y,dlog_SOLVPN,d_UST10Y,0.014868572508579774,0.013249380940600705,0.001619191567979069,0,2022-12-01,2023-10-30,180.0
2023-07-25,dlog_SOLVPN__d_UST10Y,dlog_SOLVPN,d_UST10Y,0.005128688360110091,0.021337056626550326,-0.016208368266440235,0,2022-12-01,2023-10-30,180.0
2023-07-26,dlog_SOLVPN__d_UST10Y,dlog_SOLVPN,d_UST10Y,0.008684405508710235,0.01927397784218788,-0.010589572333477645,0,2022-12-01,2023-10-30,180.0
2023-07-27,dlog_SOLVPN__d_UST10Y,dlog_SOLVPN,d_UST10Y,0.004877289691255501,0.011527076122786672,-0.0066497864315311715,0,2022-12-01,2023-10-30,180.0
2023-07-31,dlog_SOLVPN__d_UST10Y,dlog_SOLVPN,d_UST10Y,0.04834012003383808,0.052697256846472675,-0.004357136812634596,0,2022-12-01,2023-10-30,180.0
2023-08-01,dlog_SOLVPN__d_UST10Y,dlog_SOLVPN,d_UST10Y,0.06180368209769169,0.060491749660227384,0.0013119324374643027,0,2022-12-01,2023-10-30,180.0
2023-08-02,dlog_SOLVPN__d_UST10Y,dlog_SOLVPN,d_UST10Y,0.05130652229562932,0.03226278875600338,0.01904373353962594,0,2022-12-01,2023-10-30,180.0
2023-08-03,dlog_SOLVPN__d_UST10Y,dlog_SOLVPN,d_UST10Y,0.0360694593484,0.04034030647883428,-0.004270847130434276,0,2022-12-01,2023-10-30,180.0
2023-08-07,dlog_SOLVPN__d_UST10Y,dlog_SOLVPN,d_UST10Y,0.04121650974788364,0.037697314492466265,0.0035191952554173775,0,2022-12-01,2023-10-30,180.0
2023-08-08,dlog_SOLVPN__d_UST10Y,dlog_SOLVPN,d_UST10Y,0.043246140820279756,0.03080949298552024,0.012436647834759517,0,2022-12-01,2023-10-30,180.0
2023-08-09,dlog_SOLVPN__d_UST10Y,dlog_SOLVPN,d_UST10Y,0.04122995259971693,0.0330272181669415,0.00820273443277543,0,2022-12-01,2023-10-30,180.0
2023-08-10,dlog_SOLVPN__d_UST10Y,dlog_SOLVPN,d_UST10Y,0.05045320054373742,0.03433642933678649,0.01611677120695093,0,2022-12-01,2023-10-30,180.0
2023-08-14,dlog_SOLVPN__d_UST10Y,dlog_SOLVPN,d_UST10Y,0.048351418058774534,0.034368030280232824,0.01398338777854171,0,2022-12-01,2023-10-30,180.0
2023-08-15,dlog_SOLVPN__d_UST10Y,dlog_SOLVPN,d_UST10Y,0.04883716034979866,0.038993135030071166,0.009844025319727494,0,2022-12-01,2023-10-30,180.0
2023-08-16,dlog_SOLVPN__d_UST10Y,dlog_SOLVPN,d_UST10Y,0.05398299744648978,0.049225316966273,0.004757680480216783,0,2022-12-01,2023-10-30,180.0
2023-08-17,dlog_SOLVPN__d_UST10Y,dlog_SOLVPN,d_UST10Y,0.04917401566866898,0.050726262048890004,-0.0015522463802210215,0,2022-12-01,2023-10-30,180.0
2023-08-21,dlog_SOLVPN__d_UST10Y,dlog_SOLVPN,d_UST10Y,0.05139057819229399,0.04088573065555333,0.010504847536740664,0,2022-12-01,2023-10-30,180.0
2023-08-22,dlog_SOLVPN__d_UST10Y,dlog_SOLVPN,d_UST10Y,0.04939251963530995,0.04172705734251071,0.007665462292799241,0,2022-12-01,2023-10-30,180.0
2023-08-23,dlog_SOLVPN__d_UST10Y,dlog_SOLVPN,d_UST10Y,0.11043601363621927,0.06632505879357285,0.04411095484264642,0,2022-12-01,2023-10-30,180.0
2023-08-24,dlog_SOLVPN__d_UST10Y,dlog_SOLVPN,d_UST10Y,0.07880955599086953,0.05346386718471165,0.02534568880615788,0,2022-12-01,2023-10-30,180.0
2023-08-28,dlog_SOLVPN__d_UST10Y,dlog_SOLVPN,d_UST10Y,0.08071898387274418,0.06601348621158419,0.014705497661159986,0,2022-12-01,2023-10-30,180.0
2023-08-29,dlog_SOLVPN__d_UST10Y,dlog_SOLVPN,d_UST10Y,0.09185122597766095,0.06963711729675907,0.022214108680901873,0,2022-12-01,2023-10-30,180.0
2023-08-30,dlog_SOLVPN__d_UST10Y,dlog_SOLVPN,d_UST10Y,0.09273490374293188,0.06755392698998718,0.0251809767529447,0,2022-12-01,2023-10-30,180.0
2023-08-31,dlog_SOLVPN__d_UST10Y,dlog_SOLVPN,d_UST10Y,0.09232516906242866,0.0702195079652552,0.022105661097173462,0,2022-12-01,2023-10-30,180.0
2023-09-05,dlog_SOLVPN__d_UST10Y,dlog_SOLVPN,d_UST10Y,0.10054642359012878,0.07429687713992639,0.026249546450202388,0,2022-12-01,2023-10-30,180.0
2023-09-06,dlog_SOLVPN__d_UST10Y,dlog_SOLVPN,d_UST10Y,0.10754745022876186,0.07811226111048798,0.029435189118273877,0,2022-12-01,2023-10-30,180.0
2023-09-07,dlog_SOLVPN__d_UST10Y,dlog_SOLVPN,d_UST10Y,0.09997602051021558,0.07784097267726814,0.022135047832947438,0,2022-12-01,2023-10-30,180.0
2023-09-11,dlog_SOLVPN__d_UST10Y,dlog_SOLVPN,d_UST10Y,0.10231935816368826,0.07823614194705164,0.024083216216636616,0,2022-12-01,2023-10-30,180.0
2023-09-12,dlog_SOLVPN__d_UST10Y,dlog_SOLVPN,d_UST10Y,0.1049477531523396,0.07990476113667576,0.025042992015663845,0,2022-12-01,2023-10-30,180.0
2023-09-13,dlog_SOLVPN__d_UST10Y,dlog_SOLVPN,d_UST10Y,0.09325330645283049,0.07112668065079218,0.022126625802038308,0,2022-12-01,2023-10-30,180.0
2023-09-14,dlog_SOLVPN__d_UST10Y,dlog_SOLVPN,d_UST10Y,0.08121084029545432,0.06906647173778266,0.012144368557671661,0,2022-12-01,2023-10-30,180.0
2023-09-18,dlog_SOLVPN__d_UST10Y,dlog_SOLVPN,d_UST10Y,0.08311118560143697,0.07394523172123611,0.009165953880200861,0,2022-12-01,2023-10-30,180.0
2023-09-19,dlog_SOLVPN__d_UST10Y,dlog_SOLVPN,d_UST10Y,0.09420312905842498,0.06866123484149873,0.02554189421692625,0,2022-12-01,2023-10-30,180.0
2023-09-20,dlog_SOLVPN__d_UST10Y,dlog_SOLVPN,d_UST10Y,0.11360688809954106,0.08201650424754002,0.03159038385200104,0,2022-12-01,2023-10-30,180.0
2023-09-21,dlog_SOLVPN__d_UST10Y,dlog_SOLVPN,d_UST10Y,0.15627341066996886,0.13025529989962603,0.026018110770342828,0,2022-12-01,2023-10-30,180.0
2023-09-25,dlog_SOLVPN__d_UST10Y,dlog_SOLVPN,d_UST10Y,0.1502175296793489,0.08968984988521454,0.060527679794134356,0,2022-12-01,2023-10-30,180.0
2023-09-26,dlog_SOLVPN__d_UST10Y,dlog_SOLVPN,d_UST10Y,0.16487346141563525,0.12957387949977642,0.03529958191585883,0,2022-12-01,2023-10-30,180.0
2023-09-27,dlog_SOLVPN__d_UST10Y,dlog_SOLVPN,d_UST10Y,0.16025446533737328,0.13299060564703463,0.02726385969033865,0,2022-12-01,2023-10-30,180.0
2023-09-28,dlog_SOLVPN__d_UST10Y,dlog_SOLVPN,d_UST10Y,0.15781121097096718,0.10915132957301957,0.04865988139794761,0,2022-12-01,2023-10-30,180.0
2023-10-02,dlog_SOLVPN__d_UST10Y,dlog_SOLVPN,d_UST10Y,0.10040300771231403,0.1108500811770426,-0.010447073464728576,0,2022-12-01,2023-10-30,180.0
2023-10-03,dlog_SOLVPN__d_UST10Y,dlog_SOLVPN,d_UST10Y,0.14514583079985388,0.15561049232475455,-0.010464661524900665,0,2022-12-01,2023-10-30,180.0
2023-10-04,dlog_SOLVPN__d_UST10Y,dlog_SOLVPN,d_UST10Y,0.13688937851333932,0.14556889445593388,-0.008679515942594557,0,2022-12-01,2023-10-30,180.0
2023-10-05,dlog_SOLVPN__d_UST10Y,dlog_SOLVPN,d_UST10Y,0.15583729397236504,0.1674999640196762,-0.011662670047311169,0,2022-12-01,2023-10-30,180.0
2023-10-10,dlog_SOLVPN__d_UST10Y,dlog_SOLVPN,d_UST10Y,0.14848472193415552,0.16192422235218012,-0.013439500418024608,0,2022-12-01,2023-10-30,180.0
2023-10-11,dlog_SOLVPN__d_UST10Y,dlog_SOLVPN,d_UST10Y,0.14645379228525776,0.16717339667131284,-0.02071960438605508,0,2022-12-01,2023-10-30,180.0
2023-10-12,dlog_SOLVPN__d_UST10Y,dlog_SOLVPN,d_UST10Y,0.13642600223005805,0.15086924892341105,-0.014443246693353007,0,2022-12-01,2023-10-30,180.0
2023-10-16,dlog_SOLVPN__d_UST10Y,dlog_SOLVPN,d_UST10Y,0.12939123018562115,0.11143538657769984,0.01795584360792131,0,2022-12-01,2023-10-30,180.0
2023-10-17,dlog_SOLVPN__d_UST10Y,dlog_SOLVPN,d_UST10Y,0.14681529759691417,0.1404848510484322,0.006330446548481972,0,2022-12-01,2023-10-30,180.0
2023-10-18,dlog_SOLVPN__d_UST10Y,dlog_SOLVPN,d_UST10Y,0.15624043546261476,0.13076843345336428,0.025472002009250483,0,2022-12-01,2023-10-30,180.0
2023-10-19,dlog_SOLVPN__d_UST10Y,dlog_SOLVPN,d_UST10Y,0.19367205096005402,0.1569391789298703,0.036732872030183716,0,2022-12-01,2023-10-30,180.0
2023-10-23,dlog_SOLVPN__d_UST10Y,dlog_SOLVPN,d_UST10Y,0.1620405664016783,0.14754250940596925,0.014498056995709052,0,2022-12-01,2023-10-30,180.0
2023-10-24,dlog_SOLVPN__d_UST10Y,dlog_SOLVPN,d_UST10Y,0.16604549264194127,0.1409308329233835,0.02511465971855778,0,2022-12-01,2023-10-30,180.0
2023-10-25,dlog_SOLVPN__d_UST10Y,dlog_SOLVPN,d_UST10Y,0.17244585511454524,0.13764026470684243,0.03480559040770281,0,2022-12-01,2023-10-30,180.0
2023-10-26,dlog_SOLVPN__d_UST10Y,dlog_SOLVPN,d_UST10Y,0.22643777804296236,0.19758464982500842,0.02885312821795394,0,2022-12-01,2023-10-30,180.0
2023-10-30,dlog_SOLVPN__d_UST10Y,dlog_SOLVPN,d_UST10Y,0.21045890605129244,0.152558263442152,0.057900642609140435,0,2022-12-01,2023-10-30,180.0
2023-10-31,dlog_SOLVPN__d_UST10Y,dlog_SOLVPN,d_UST10Y,0.2284984630717757,0.17284133462867987,0.05565712844309584,1,2023-10-31,2024-07-16,140.0
2023-11-01,dlog_SOLVPN__d_UST10Y,dlog_SOLVPN,d_UST10Y,0.15465213382943735,0.1448228734948561,0.009829260334581258,1,2023-10-31,2024-07-16,140.0
2023-11-02,dlog_SOLVPN__d_UST10Y,dlog_SOLVPN,d_UST10Y,0.1566873528412759,0.17869751146937707,-0.022010158628101156,1,2023-10-31,2024-07-16,140.0
2023-11-06,dlog_SOLVPN__d_UST10Y,dlog_SOLVPN,d_UST10Y,0.1621463749169137,0.17226643591201285,-0.010120060995099156,1,2023-10-31,2024-07-16,140.0
2023-11-07,dlog_SOLVPN__d_UST10Y,dlog_SOLVPN,d_UST10Y,0.15570827800507164,0.17411411022274004,-0.018405832217668394,1,2023-10-31,2024-07-16,140.0
2023-11-08,dlog_SOLVPN__d_UST10Y,dlog_SOLVPN,d_UST10Y,0.13728043960729608,0.13834970651160414,-0.0010692669043080583,1,2023-10-31,2024-07-16,140.0
2023-11-09,dlog_SOLVPN__d_UST10Y,dlog_SOLVPN,d_UST10Y,0.1492386104314925,0.1403692223906601,0.008869388040832399,1,2023-10-31,2024-07-16,140.0
2023-11-13,dlog_SOLVPN__d_UST10Y,dlog_SOLVPN,d_UST10Y,0.12061552789264303,0.15026182006660188,-0.029646292173958852,1,2023-10-31,2024-07-16,140.0
2023-11-14,dlog_SOLVPN__d_UST10Y,dlog_SOLVPN,d_UST10Y,0.12440322200592085,0.1232200083487824,0.0011832136571384572,1,2023-10-31,2024-07-16,140.0
2023-11-15,dlog_SOLVPN__d_UST10Y,dlog_SOLVPN,d_UST10Y,0.10808620278593736,0.1270343097549249,-0.01894810696898755,1,2023-10-31,2024-07-16,140.0
2023-11-16,dlog_SOLVPN__d_UST10Y,dlog_SOLVPN,d_UST10Y,0.07834621522262748,0.09928918315307125,-0.02094296793044377,1,2023-10-31,2024-07-16,140.0
2023-11-20,dlog_SOLVPN__d_UST10Y,dlog_SOLVPN,d_UST10Y,0.12437145177451643,0.17235360688342272,-0.047982155108906285,1,2023-10-31,2024-07-16,140.0
2023-11-21,dlog_SOLVPN__d_UST10Y,dlog_SOLVPN,d_UST10Y,0.14713536900720073,0.1694444399752389,-0.022309070968038164,1,2023-10-31,2024-07-16,140.0
2023-11-22,dlog_SOLVPN__d_UST10Y,dlog_SOLVPN,d_UST10Y,0.1615207637574224,0.17194605763073556,-0.010425293873313174,1,2023-10-31,2024-07-16,140.0
2023-11-27,dlog_SOLVPN__d_UST10Y,dlog_SOLVPN,d_UST10Y,0.14413126905962745,0.17092182502258546,-0.026790555962958013,1,2023-10-31,2024-07-16,140.0
2023-11-28,dlog_SOLVPN__d_UST10Y,dlog_SOLVPN,d_UST10Y,0.1725915114724599,0.18597134383693867,-0.013379832364478761,1,2023-10-31,2024-07-16,140.0
2023-11-29,dlog_SOLVPN__d_UST10Y,dlog_SOLVPN,d_UST10Y,0.19242105754562705,0.2031911173881023,-0.010770059842475255,1,2023-10-31,2024-07-16,140.0
2023-11-30,dlog_SOLVPN__d_UST10Y,dlog_SOLVPN,d_UST10Y,0.18272677448959015,0.2130904757603521,-0.030363701270761934,1,2023-10-31,2024-07-16,140.0
2023-12-04,dlog_SOLVPN__d_UST10Y,dlog_SOLVPN,d_UST10Y,0.17505370952875066,0.2125835653830325,-0.03752985585428184,1,2023-10-31,2024-07-16,140.0
2023-12-05,dlog_SOLVPN__d_UST10Y,dlog_SOLVPN,d_UST10Y,0.17041826818156938,0.2147293400958114,-0.04431107191424202,1,2023-10-31,2024-07-16,140.0
2023-12-06,dlog_SOLVPN__d_UST10Y,dlog_SOLVPN,d_UST10Y,0.15758783651188452,0.15232728633577883,0.005260550176105688,1,2023-10-31,2024-07-16,140.0
2023-12-07,dlog_SOLVPN__d_UST10Y,dlog_SOLVPN,d_UST10Y,0.16603571728820393,0.1491888768048185,0.016846840483385445,1,2023-10-31,2024-07-16,140.0
2023-12-11,dlog_SOLVPN__d_UST10Y,dlog_SOLVPN,d_UST10Y,0.15463458559719612,0.15089629882178418,0.0037382867754119364,1,2023-10-31,2024-07-16,140.0
2023-12-12,dlog_SOLVPN__d_UST10Y,dlog_SOLVPN,d_UST10Y,0.1731167239197854,0.1481174977034097,0.02499922621637568,1,2023-10-31,2024-07-16,140.0
2023-12-13,dlog_SOLVPN__d_UST10Y,dlog_SOLVPN,d_UST10Y,0.15490697358057892,0.1579853927199757,-0.003078419139396771,1,2023-10-31,2024-07-16,140.0
2023-12-14,dlog_SOLVPN__d_UST10Y,dlog_SOLVPN,d_UST10Y,0.15417883063801552,0.1650141349900083,-0.010835304351992786,1,2023-10-31,2024-07-16,140.0
2023-12-18,dlog_SOLVPN__d_UST10Y,dlog_SOLVPN,d_UST10Y,0.1497609459131893,0.13071635094775472,0.01904459496543459,1,2023-10-31,2024-07-16,140.0
2023-12-19,dlog_SOLVPN__d_UST10Y,dlog_SOLVPN,d_UST10Y,0.15589120590200348,0.12674971376764382,0.029141492134359653,1,2023-10-31,2024-07-16,140.0
2023-12-20,dlog_SOLVPN__d_UST10Y,dlog_SOLVPN,d_UST10Y,0.16002499848215737,0.10472470458239823,0.05530029389975914,1,2023-10-31,2024-07-16,140.0
2023-12-21,dlog_SOLVPN__d_UST10Y,dlog_SOLVPN,d_UST10Y,0.15837676435650064,0.10046809514073227,0.05790866921576837,1,2023-10-31,2024-07-16,140.0
2023-12-26,dlog_SOLVPN__d_UST10Y,dlog_SOLVPN,d_UST10Y,0.15078665644882316,0.0973937642250739,0.053392892223749266,1,2023-10-31,2024-07-16,140.0
2023-12-27,dlog_SOLVPN__d_UST10Y,dlog_SOLVPN,d_UST10Y,0.17302143978436416,0.1197174364793341,0.05330400330503006,1,2023-10-31,2024-07-16,140.0
2023-12-28,dlog_SOLVPN__d_UST10Y,dlog_SOLVPN,d_UST10Y,0.14773222369303893,0.12185566219992491,0.025876561493114014,1,2023-10-31,2024-07-16,140.0
2024-01-02,dlog_SOLVPN__d_UST10Y,dlog_SOLVPN,d_UST10Y,0.1479882665963797,0.1194051030621486,0.0285831635342311,1,2023-10-31,2024-07-16,140.0
2024-01-03,dlog_SOLVPN__d_UST10Y,dlog_SOLVPN,d_UST10Y,0.12511089859367724,0.1254507412659995,-0.0003398426723222603,1,2023-10-31,2024-07-16,140.0
2024-01-04,dlog_SOLVPN__d_UST10Y,dlog_SOLVPN,d_UST10Y,0.13834272371697948,0.13296581972790356,0.005376903989075921,1,2023-10-31,2024-07-16,140.0
2024-01-08,dlog_SOLVPN__d_UST10Y,dlog_SOLVPN,d_UST10Y,0.1397559601462735,0.10080384851721326,0.038952111629060246,1,2023-10-31,2024-07-16,140.0
2024-01-09,dlog_SOLVPN__d_UST10Y,dlog_SOLVPN,d_UST10Y,0.1339751503762237,0.10995629870253137,0.024018851673692332,1,2023-10-31,2024-07-16,140.0
2024-01-10,dlog_SOLVPN__d_UST10Y,dlog_SOLVPN,d_UST10Y,0.13165006488830147,0.09728039508653472,0.034369669801766756,1,2023-10-31,2024-07-16,140.0
2024-01-11,dlog_SOLVPN__d_UST10Y,dlog_SOLVPN,d_UST10Y,0.11840653228394232,0.09420316811421298,0.024203364169729347,1,2023-10-31,2024-07-16,140.0
2024-01-16,dlog_SOLVPN__d_UST10Y,dlog_SOLVPN,d_UST10Y,0.05805090224345819,0.014591467366053221,0.04345943487740497,1,2023-10-31,2024-07-16,140.0
2024-01-17,dlog_SOLVPN__d_UST10Y,dlog_SOLVPN,d_UST10Y,0.13172793568404884,0.03581877538981836,0.09590916029423047,1,2023-10-31,2024-07-16,140.0
2024-01-18,dlog_SOLVPN__d_UST10Y,dlog_SOLVPN,d_UST10Y,0.06718888974419197,0.035370567811792604,0.03181832193239937,1,2023-10-31,2024-07-16,140.0
2024-01-22,dlog_SOLVPN__d_UST10Y,dlog_SOLVPN,d_UST10Y,0.12883823276506035,0.046909100333318667,0.08192913243174169,1,2023-10-31,2024-07-16,140.0
2024-01-23,dlog_SOLVPN__d_UST10Y,dlog_SOLVPN,d_UST10Y,0.12293689524644444,0.044835611149427246,0.07810128409701719,1,2023-10-31,2024-07-16,140.0
2024-01-24,dlog_SOLVPN__d_UST10Y,dlog_SOLVPN,d_UST10Y,0.12666441924695118,0.04734397745313507,0.07932044179381612,1,2023-10-31,2024-07-16,140.0
2024-01-25,dlog_SOLVPN__d_UST10Y,dlog_SOLVPN,d_UST10Y,0.11762464520949774,0.04134270097488065,0.0762819442346171,1,2023-10-31,2024-07-16,140.0
2024-01-29,dlog_SOLVPN__d_UST10Y,dlog_SOLVPN,d_UST10Y,0.1372973723354222,0.07231391178004296,0.06498346055537924,1,2023-10-31,2024-07-16,140.0
2024-01-30,dlog_SOLVPN__d_UST10Y,dlog_SOLVPN,d_UST10Y,0.1468130495966239,0.062032833971861594,0.08478021562476229,1,2023-10-31,2024-07-16,140.0
2024-01-31,dlog_SOLVPN__d_UST10Y,dlog_SOLVPN,d_UST10Y,0.09552127347660869,0.059655625238704546,0.03586564823790414,1,2023-10-31,2024-07-16,140.0
2024-02-01,dlog_SOLVPN__d_UST10Y,dlog_SOLVPN,d_UST10Y,0.08871711590338102,0.06355452532308313,0.02516259058029789,1,2023-10-31,2024-07-16,140.0
2024-02-05,dlog_SOLVPN__d_UST10Y,dlog_SOLVPN,d_UST10Y,0.053609859917391076,0.07420181239562881,-0.020591952478237738,1,2023-10-31,2024-07-16,140.0
2024-02-06,dlog_SOLVPN__d_UST10Y,dlog_SOLVPN,d_UST10Y,0.12345996063902763,0.09753787238690192,0.025922088252125705,1,2023-10-31,2024-07-16,140.0
2024-02-07,dlog_SOLVPN__d_UST10Y,dlog_SOLVPN,d_UST10Y,0.12507649052361391,0.07841085061364814,0.04666563990996578,1,2023-10-31,2024-07-16,140.0
2024-02-08,dlog_SOLVPN__d_UST10Y,dlog_SOLVPN,d_UST10Y,0.1254005043109399,0.07251104445451424,0.052889459856425666,1,2023-10-31,2024-07-16,140.0
2024-02-12,dlog_SOLVPN__d_UST10Y,dlog_SOLVPN,d_UST10Y,0.1336515779052138,0.07119735984836101,0.06245421805685278,1,2023-10-31,2024-07-16,140.0
2024-02-13,dlog_SOLVPN__d_UST10Y,dlog_SOLVPN,d_UST10Y,0.1464384348958223,0.07870597789640972,0.06773245699941259,1,2023-10-31,2024-07-16,140.0
2024-02-14,dlog_SOLVPN__d_UST10Y,dlog_SOLVPN,d_UST10Y,0.19460304390933156,0.07703799274387144,0.11756505116546012,1,2023-10-31,2024-07-16,140.0
2024-02-15,dlog_SOLVPN__d_UST10Y,dlog_SOLVPN,d_UST10Y,0.17251997809856845,0.09270105691216206,0.07981892118640639,1,2023-10-31,2024-07-16,140.0
2024-02-20,dlog_SOLVPN__d_UST10Y,dlog_SOLVPN,d_UST10Y,0.1487540040089428,0.10125574549662288,0.04749825851231991,1,2023-10-31,2024-07-16,140.0
2024-02-21,dlog_SOLVPN__d_UST10Y,dlog_SOLVPN,d_UST10Y,0.14797376452983146,0.1001396714925018,0.04783409303732966,1,2023-10-31,2024-07-16,140.0
2024-02-22,dlog_SOLVPN__d_UST10Y,dlog_SOLVPN,d_UST10Y,0.1196029040192091,0.07670066500831578,0.04290223901089332,1,2023-10-31,2024-07-16,140.0
2024-02-26,dlog_SOLVPN__d_UST10Y,dlog_SOLVPN,d_UST10Y,0.13245769778402391,0.08031342294036699,0.052144274843656926,1,2023-10-31,2024-07-16,140.0
2024-02-27,dlog_SOLVPN__d_UST10Y,dlog_SOLVPN,d_UST10Y,0.12417759474769827,0.08670261695870916,0.0374749777889891,1,2023-10-31,2024-07-16,140.0
2024-02-28,dlog_SOLVPN__d_UST10Y,dlog_SOLVPN,d_UST10Y,0.12355355602811813,0.08222916704388404,0.04132438898423409,1,2023-10-31,2024-07-16,140.0
2024-02-29,dlog_SOLVPN__d_UST10Y,dlog_SOLVPN,d_UST10Y,0.11458605822216753,0.0894628122650666,0.02512324595710093,1,2023-10-31,2024-07-16,140.0
2024-03-04,dlog_SOLVPN__d_UST10Y,dlog_SOLVPN,d_UST10Y,0.1083399368539785,0.06687084103925342,0.04146909581472508,1,2023-10-31,2024-07-16,140.0
2024-03-05,dlog_SOLVPN__d_UST10Y,dlog_SOLVPN,d_UST10Y,0.10464046168584788,0.07612773475038163,0.028512726935466248,1,2023-10-31,2024-07-16,140.0
2024-03-06,dlog_SOLVPN__d_UST10Y,dlog_SOLVPN,d_UST10Y,0.1120454308631515,0.0986118528617438,0.013433578001407695,1,2023-10-31,2024-07-16,140.0
2024-03-07,dlog_SOLVPN__d_UST10Y,dlog_SOLVPN,d_UST10Y,0.10655571622069485,0.11148433115273378,-0.00492861493203893,1,2023-10-31,2024-07-16,140.0
2024-03-11,dlog_SOLVPN__d_UST10Y,dlog_SOLVPN,d_UST10Y,0.11585753638443966,0.11379928772484545,0.002058248659594211,1,2023-10-31,2024-07-16,140.0
2024-03-12,dlog_SOLVPN__d_UST10Y,dlog_SOLVPN,d_UST10Y,0.09045428307929312,0.09259554505808511,-0.0021412619787919834,1,2023-10-31,2024-07-16,140.0
2024-03-13,dlog_SOLVPN__d_UST10Y,dlog_SOLVPN,d_UST10Y,0.0940166809968387,0.10226663639055952,-0.008249955393720823,1,2023-10-31,2024-07-16,140.0
2024-03-14,dlog_SOLVPN__d_UST10Y,dlog_SOLVPN,d_UST10Y,0.08551626155274793,0.09682083428600168,-0.011304572733253748,1,2023-10-31,2024-07-16,140.0
2024-03-18,dlog_SOLVPN__d_UST10Y,dlog_SOLVPN,d_UST10Y,0.0841764490146687,0.10940607395460306,-0.02522962493993436,1,2023-10-31,2024-07-16,140.0
2024-03-19,dlog_SOLVPN__d_UST10Y,dlog_SOLVPN,d_UST10Y,0.06983837050336252,0.11189213228757389,-0.04205376178421137,1,2023-10-31,2024-07-16,140.0
2024-03-20,dlog_SOLVPN__d_UST10Y,dlog_SOLVPN,d_UST10Y,0.07109231158215645,0.10806071133831634,-0.036968399756159884,1,2023-10-31,2024-07-16,140.0
2024-03-21,dlog_SOLVPN__d_UST10Y,dlog_SOLVPN,d_UST10Y,0.07177839973562498,0.10680791241826874,-0.03502951268264376,1,2023-10-31,2024-07-16,140.0
2024-03-25,dlog_SOLVPN__d_UST10Y,dlog_SOLVPN,d_UST10Y,0.055977581977099226,0.10844284901513408,-0.052465267038034856,1,2023-10-31,2024-07-16,140.0
2024-03-26,dlog_SOLVPN__d_UST10Y,dlog_SOLVPN,d_UST10Y,0.0509735575320305,0.11902007906983422,-0.06804652153780372,1,2023-10-31,2024-07-16,140.0
2024-03-27,dlog_SOLVPN__d_UST10Y,dlog_SOLVPN,d_UST10Y,0.05463923647860924,0.11640313647538596,-0.061763899996776714,1,2023-10-31,2024-07-16,140.0
2024-04-01,dlog_SOLVPN__d_UST10Y,dlog_SOLVPN,d_UST10Y,0.07684204506216899,0.093381475626638,-0.016539430564469007,1,2023-10-31,2024-07-16,140.0
2024-04-02,dlog_SOLVPN__d_UST10Y,dlog_SOLVPN,d_UST10Y,0.07085673462007043,0.12518721588512266,-0.05433048126505223,1,2023-10-31,2024-07-16,140.0
2024-04-03,dlog_SOLVPN__d_UST10Y,dlog_SOLVPN,d_UST10Y,0.07275472164246219,0.11444895066912165,-0.041694229026659466,1,2023-10-31,2024-07-16,140.0
2024-04-04,dlog_SOLVPN__d_UST10Y,dlog_SOLVPN,d_UST10Y,0.04344086038214805,0.06534603219760411,-0.021905171815456065,1,2023-10-31,2024-07-16,140.0
2024-04-08,dlog_SOLVPN__d_UST10Y,dlog_SOLVPN,d_UST10Y,0.04287488375929286,0.06510721639514679,-0.022232332635853926,1,2023-10-31,2024-07-16,140.0
2024-04-09,dlog_SOLVPN__d_UST10Y,dlog_SOLVPN,d_UST10Y,0.044450852840127404,0.07253577193487583,-0.028084919094748424,1,2023-10-31,2024-07-16,140.0
2024-04-10,dlog_SOLVPN__d_UST10Y,dlog_SOLVPN,d_UST10Y,0.18855078907078518,0.10810128455517377,0.0804495045156114,1,2023-10-31,2024-07-16,140.0
2024-04-11,dlog_SOLVPN__d_UST10Y,dlog_SOLVPN,d_UST10Y,0.1391711190144693,0.09150033132419787,0.04767078769027143,1,2023-10-31,2024-07-16,140.0
2024-04-15,dlog_SOLVPN__d_UST10Y,dlog_SOLVPN,d_UST10Y,0.12557989422734409,0.11193240728024728,0.013647486947096804,1,2023-10-31,2024-07-16,140.0
2024-04-16,dlog_SOLVPN__d_UST10Y,dlog_SOLVPN,d_UST10Y,0.1277760338110359,0.09494168880346034,0.03283434500757555,1,2023-10-31,2024-07-16,140.0
2024-04-17,dlog_SOLVPN__d_UST10Y,dlog_SOLVPN,d_UST10Y,0.11770977517910995,0.11439164734777271,0.003318127831337239,1,2023-10-31,2024-07-16,140.0
2024-04-18,dlog_SOLVPN__d_UST10Y,dlog_SOLVPN,d_UST10Y,0.12720463355200512,0.12046782741332504,0.006736806138680079,1,2023-10-31,2024-07-16,140.0
2024-04-22,dlog_SOLVPN__d_UST10Y,dlog_SOLVPN,d_UST10Y,0.11169028056724466,0.11067402471543422,0.0010162558518104353,1,2023-10-31,2024-07-16,140.0
2024-04-23,dlog_SOLVPN__d_UST10Y,dlog_SOLVPN,d_UST10Y,0.12112649947675587,0.10121885982228977,0.019907639654466097,1,2023-10-31,2024-07-16,140.0
2024-04-24,dlog_SOLVPN__d_UST10Y,dlog_SOLVPN,d_UST10Y,0.12418977222497656,0.09557404889924229,0.02861572332573427,1,2023-10-31,2024-07-16,140.0
2024-04-25,dlog_SOLVPN__d_UST10Y,dlog_SOLVPN,d_UST10Y,0.12171347848472105,0.09418992767392033,0.027523550810800726,1,2023-10-31,2024-07-16,140.0
2024-04-29,dlog_SOLVPN__d_UST10Y,dlog_SOLVPN,d_UST10Y,0.13678784868380206,0.0887747855501505,0.04801306313365156,1,2023-10-31,2024-07-16,140.0
2024-04-30,dlog_SOLVPN__d_UST10Y,dlog_SOLVPN,d_UST10Y,0.17790342107250764,0.06864882418481591,0.10925459688769174,1,2023-10-31,2024-07-16,140.0
2024-05-01,dlog_SOLVPN__d_UST10Y,dlog_SOLVPN,d_UST10Y,0.15376743943894303,0.07063816705288987,0.08312927238605315,1,2023-10-31,2024-07-16,140.0
2024-05-02,dlog_SOLVPN__d_UST10Y,dlog_SOLVPN,d_UST10Y,0.1533080725429841,0.08377572939678836,0.06953234314619573,1,2023-10-31,2024-07-16,140.0
2024-05-06,dlog_SOLVPN__d_UST10Y,dlog_SOLVPN,d_UST10Y,0.14260076300562965,0.0853008114749795,0.05729995153065015,1,2023-10-31,2024-07-16,140.0
2024-05-07,dlog_SOLVPN__d_UST10Y,dlog_SOLVPN,d_UST10Y,0.1478819036231592,0.09117383402739991,0.05670806959575929,1,2023-10-31,2024-07-16,140.0
2024-05-08,dlog_SOLVPN__d_UST10Y,dlog_SOLVPN,d_UST10Y,0.14694194074129993,0.08887654173575234,0.058065399005547594,1,2023-10-31,2024-07-16,140.0
2024-05-09,dlog_SOLVPN__d_UST10Y,dlog_SOLVPN,d_UST10Y,0.1414154699476433,0.07429444188324819,0.06712102806439513,1,2023-10-31,2024-07-16,140.0
2024-05-13,dlog_SOLVPN__d_UST10Y,dlog_SOLVPN,d_UST10Y,0.11410430342524364,0.07455924172008545,0.03954506170515819,1,2023-10-31,2024-07-16,140.0
2024-05-14,dlog_SOLVPN__d_UST10Y,dlog_SOLVPN,d_UST10Y,0.11338334513487115,0.08517043949305624,0.028212905641814917,1,2023-10-31,2024-07-16,140.0
2024-05-15,dlog_SOLVPN__d_UST10Y,dlog_SOLVPN,d_UST10Y,0.11657910816433996,0.11604138108321882,0.0005377270811211393,1,2023-10-31,2024-07-16,140.0
2024-05-16,dlog_SOLVPN__d_UST10Y,dlog_SOLVPN,d_UST10Y,0.1475914421212539,0.11764828907156565,0.029943153049688268,1,2023-10-31,2024-07-16,140.0
2024-05-20,dlog_SOLVPN__d_UST10Y,dlog_SOLVPN,d_UST10Y,0.1449978602341233,0.11760212697372684,0.027395733260396474,1,2023-10-31,2024-07-16,140.0
2024-05-21,dlog_SOLVPN__d_UST10Y,dlog_SOLVPN,d_UST10Y,0.12488550522786486,0.11420991106905692,0.010675594158807936,1,2023-10-31,2024-07-16,140.0
2024-05-22,dlog_SOLVPN__d_UST10Y,dlog_SOLVPN,d_UST10Y,0.10270036979503597,0.08332883216198304,0.019371537633052924,1,2023-10-31,2024-07-16,140.0
2024-05-23,dlog_SOLVPN__d_UST10Y,dlog_SOLVPN,d_UST10Y,0.11714460166608714,0.09199052360024766,0.025154078065839483,1,2023-10-31,2024-07-16,140.0
2024-05-28,dlog_SOLVPN__d_UST10Y,dlog_SOLVPN,d_UST10Y,0.072735468401201,0.07811512046188245,-0.005379652060681445,1,2023-10-31,2024-07-16,140.0
2024-05-29,dlog_SOLVPN__d_UST10Y,dlog_SOLVPN,d_UST10Y,0.08003199485446626,0.1041151247607694,-0.02408312990630314,1,2023-10-31,2024-07-16,140.0
2024-05-30,dlog_SOLVPN__d_UST10Y,dlog_SOLVPN,d_UST10Y,0.1297515060545409,0.11580097956352976,0.013950526491011125,1,2023-10-31,2024-07-16,140.0
2024-06-03,dlog_SOLVPN__d_UST10Y,dlog_SOLVPN,d_UST10Y,0.10036783357727301,0.10661527760351036,-0.00624744402623735,1,2023-10-31,2024-07-16,140.0
2024-06-04,dlog_SOLVPN__d_UST10Y,dlog_SOLVPN,d_UST10Y,0.10314966413956228,0.11927624419355562,-0.01612658005399334,1,2023-10-31,2024-07-16,140.0
2024-06-05,dlog_SOLVPN__d_UST10Y,dlog_SOLVPN,d_UST10Y,0.11177437984458975,0.12111944178991531,-0.009345061945325556,1,2023-10-31,2024-07-16,140.0
2024-06-06,dlog_SOLVPN__d_UST10Y,dlog_SOLVPN,d_UST10Y,0.11417665445662317,0.12230443160302337,-0.0081277771464002,1,2023-10-31,2024-07-16,140.0
2024-06-10,dlog_SOLVPN__d_UST10Y,dlog_SOLVPN,d_UST10Y,0.11612009532331355,0.11985069039944697,-0.0037305950761334222,1,2023-10-31,2024-07-16,140.0
2024-06-11,dlog_SOLVPN__d_UST10Y,dlog_SOLVPN,d_UST10Y,0.06492753642332662,0.09366784449076707,-0.028740308067440448,1,2023-10-31,2024-07-16,140.0
2024-06-12,dlog_SOLVPN__d_UST10Y,dlog_SOLVPN,d_UST10Y,0.06423919001774132,0.09277051303123035,-0.028531323013489027,1,2023-10-31,2024-07-16,140.0
2024-06-13,dlog_SOLVPN__d_UST10Y,dlog_SOLVPN,d_UST10Y,0.06199333631967413,0.09376914138863615,-0.03177580506896202,1,2023-10-31,2024-07-16,140.0
2024-06-17,dlog_SOLVPN__d_UST10Y,dlog_SOLVPN,d_UST10Y,0.07327823846684649,0.0940839209377227,-0.02080568247087622,1,2023-10-31,2024-07-16,140.0
2024-06-18,dlog_SOLVPN__d_UST10Y,dlog_SOLVPN,d_UST10Y,0.09782433206222246,0.08512219806411603,0.012702133998106435,1,2023-10-31,2024-07-16,140.0
2024-06-20,dlog_SOLVPN__d_UST10Y,dlog_SOLVPN,d_UST10Y,0.13933303913355663,0.10450225661896201,0.03483078251459462,1,2023-10-31,2024-07-16,140.0
2024-06-24,dlog_SOLVPN__d_UST10Y,dlog_SOLVPN,d_UST10Y,0.1519536060677163,0.10780339048937612,0.044150215578340174,1,2023-10-31,2024-07-16,140.0
2024-06-25,dlog_SOLVPN__d_UST10Y,dlog_SOLVPN,d_UST10Y,0.12442665971349483,0.10453644588547215,0.019890213828022682,1,2023-10-31,2024-07-16,140.0
2024-06-26,dlog_SOLVPN__d_UST10Y,dlog_SOLVPN,d_UST10Y,0.11064878878732952,0.10731830817294405,0.00333048061438547,1,2023-10-31,2024-07-16,140.0
2024-06-27,dlog_SOLVPN__d_UST10Y,dlog_SOLVPN,d_UST10Y,0.13552590728015093,0.11849811520556211,0.01702779207458882,1,2023-10-31,2024-07-16,140.0
2024-07-01,dlog_SOLVPN__d_UST10Y,dlog_SOLVPN,d_UST10Y,0.1802109549263768,0.13418920934722378,0.046021745579153006,1,2023-10-31,2024-07-16,140.0
2024-07-02,dlog_SOLVPN__d_UST10Y,dlog_SOLVPN,d_UST10Y,0.17985987566512918,0.13308207491157809,0.04677780075355109,1,2023-10-31,2024-07-16,140.0
2024-07-03,dlog_SOLVPN__d_UST10Y,dlog_SOLVPN,d_UST10Y,0.16738125646447674,0.1333499170905992,0.034031339373877534,1,2023-10-31,2024-07-16,140.0
2024-07-08,dlog_SOLVPN__d_UST10Y,dlog_SOLVPN,d_UST10Y,0.155629579157545,0.09496705658945948,0.06066252256808552,1,2023-10-31,2024-07-16,140.0
2024-07-09,dlog_SOLVPN__d_UST10Y,dlog_SOLVPN,d_UST10Y,0.15348840019739818,0.09996287478355316,0.05352552541384502,1,2023-10-31,2024-07-16,140.0
2024-07-10,dlog_SOLVPN__d_UST10Y,dlog_SOLVPN,d_UST10Y,0.16805029796168514,0.1127858811833817,0.05526441677830343,1,2023-10-31,2024-07-16,140.0
2024-07-11,dlog_SOLVPN__d_UST10Y,dlog_SOLVPN,d_UST10Y,0.17008153506469337,0.12313341715586595,0.046948117908827414,1,2023-10-31,2024-07-16,140.0
2024-07-15,dlog_SOLVPN__d_UST10Y,dlog_SOLVPN,d_UST10Y,0.1602122386594442,0.11890068903211795,0.04131154962732625,1,2023-10-31,2024-07-16,140.0
2024-07-16,dlog_SOLVPN__d_UST10Y,dlog_SOLVPN,d_UST10Y,0.15886718883307172,0.12635288481259951,0.0325143040204722,1,2023-10-31,2024-07-16,140.0
2024-07-17,dlog_SOLVPN__d_UST10Y,dlog_SOLVPN,d_UST10Y,0.13026812436956167,0.08598924246064485,0.04427888190891682,2,2024-07-17,2025-04-15,145.0
2024-07-18,dlog_SOLVPN__d_UST10Y,dlog_SOLVPN,d_UST10Y,0.12613787755570974,0.06340193016366867,0.06273594739204107,2,2024-07-17,2025-04-15,145.0
2024-07-22,dlog_SOLVPN__d_UST10Y,dlog_SOLVPN,d_UST10Y,0.13268105989124657,0.10096164400033047,0.03171941589091609,2,2024-07-17,2025-04-15,145.0
2024-07-23,dlog_SOLVPN__d_UST10Y,dlog_SOLVPN,d_UST10Y,0.10013725066982443,0.08220687571113473,0.017930374958689696,2,2024-07-17,2025-04-15,145.0
2024-07-24,dlog_SOLVPN__d_UST10Y,dlog_SOLVPN,d_UST10Y,0.10198720644826582,0.06569720248448516,0.03629000396378067,2,2024-07-17,2025-04-15,145.0
2024-07-25,dlog_SOLVPN__d_UST10Y,dlog_SOLVPN,d_UST10Y,0.09511975104793492,0.06168877076641668,0.033430980281518245,2,2024-07-17,2025-04-15,145.0
2024-07-29,dlog_SOLVPN__d_UST10Y,dlog_SOLVPN,d_UST10Y,0.09358428872304078,0.06440459911648794,0.029179689606552844,2,2024-07-17,2025-04-15,145.0
2024-07-30,dlog_SOLVPN__d_UST10Y,dlog_SOLVPN,d_UST10Y,0.09081926157173463,0.06561346343429744,0.025205798137437188,2,2024-07-17,2025-04-15,145.0
2024-07-31,dlog_SOLVPN__d_UST10Y,dlog_SOLVPN,d_UST10Y,0.09899090788250173,0.06573962302943881,0.03325128485306292,2,2024-07-17,2025-04-15,145.0
2024-08-01,dlog_SOLVPN__d_UST10Y,dlog_SOLVPN,d_UST10Y,0.09557065165299138,0.0669396863289381,0.02863096532405328,2,2024-07-17,2025-04-15,145.0
2024-08-05,dlog_SOLVPN__d_UST10Y,dlog_SOLVPN,d_UST10Y,0.07141876360404396,0.0677991549249073,0.00361960867913666,2,2024-07-17,2025-04-15,145.0
2024-08-06,dlog_SOLVPN__d_UST10Y,dlog_SOLVPN,d_UST10Y,0.09092350022506772,0.09407707424820692,-0.003153574023139205,2,2024-07-17,2025-04-15,145.0
2024-08-07,dlog_SOLVPN__d_UST10Y,dlog_SOLVPN,d_UST10Y,0.07880594145850826,0.09132987689113946,-0.012523935432631195,2,2024-07-17,2025-04-15,145.0
2024-08-08,dlog_SOLVPN__d_UST10Y,dlog_SOLVPN,d_UST10Y,0.0790955166062175,0.09370068960842437,-0.014605173002206873,2,2024-07-17,2025-04-15,145.0
2024-08-12,dlog_SOLVPN__d_UST10Y,dlog_SOLVPN,d_UST10Y,0.08065953588240896,0.10472356654716113,-0.02406403066475217,2,2024-07-17,2025-04-15,145.0
2024-08-13,dlog_SOLVPN__d_UST10Y,dlog_SOLVPN,d_UST10Y,0.08422030622669989,0.10144382320386393,-0.01722351697716404,2,2024-07-17,2025-04-15,145.0
2024-08-14,dlog_SOLVPN__d_UST10Y,dlog_SOLVPN,d_UST10Y,0.08134170532953396,0.09138191817003244,-0.010040212840498483,2,2024-07-17,2025-04-15,145.0
2024-08-15,dlog_SOLVPN__d_UST10Y,dlog_SOLVPN,d_UST10Y,0.08433852114313974,0.09082652697584744,-0.0064880058327076995,2,2024-07-17,2025-04-15,145.0
2024-08-19,dlog_SOLVPN__d_UST10Y,dlog_SOLVPN,d_UST10Y,0.08521571149804162,0.08638901989805359,-0.001173308400011966,2,2024-07-17,2025-04-15,145.0
2024-08-20,dlog_SOLVPN__d_UST10Y,dlog_SOLVPN,d_UST10Y,0.09504243818123607,0.0828289387415478,0.012213499439688275,2,2024-07-17,2025-04-15,145.0
2024-08-21,dlog_SOLVPN__d_UST10Y,dlog_SOLVPN,d_UST10Y,0.09741220957624447,0.09009883175035559,0.007313377825888881,2,2024-07-17,2025-04-15,145.0
2024-08-22,dlog_SOLVPN__d_UST10Y,dlog_SOLVPN,d_UST10Y,0.09791032119388786,0.08663634834760965,0.011273972846278207,2,2024-07-17,2025-04-15,145.0
2024-08-26,dlog_SOLVPN__d_UST10Y,dlog_SOLVPN,d_UST10Y,0.09044086350540967,0.08709455373030983,0.003346309775099837,2,2024-07-17,2025-04-15,145.0
2024-08-27,dlog_SOLVPN__d_UST10Y,dlog_SOLVPN,d_UST10Y,0.0704472518136182,0.061000775506326356,0.009446476307291847,2,2024-07-17,2025-04-15,145.0
2024-08-28,dlog_SOLVPN__d_UST10Y,dlog_SOLVPN,d_UST10Y,0.07208906187855806,0.05421124458543095,0.017877817293127103,2,2024-07-17,2025-04-15,145.0
2024-08-29,dlog_SOLVPN__d_UST10Y,dlog_SOLVPN,d_UST10Y,0.07199347795696659,0.057283612438431226,0.014709865518535363,2,2024-07-17,2025-04-15,145.0
2024-09-03,dlog_SOLVPN__d_UST10Y,dlog_SOLVPN,d_UST10Y,0.10995086255713483,0.06477742058999923,0.0451734419671356,2,2024-07-17,2025-04-15,145.0
2024-09-04,dlog_SOLVPN__d_UST10Y,dlog_SOLVPN,d_UST10Y,0.05812226261942811,0.06056604095128049,-0.0024437783318523865,2,2024-07-17,2025-04-15,145.0
2024-09-05,dlog_SOLVPN__d_UST10Y,dlog_SOLVPN,d_UST10Y,0.05222357320125778,0.07861527650528721,-0.026391703304029436,2,2024-07-17,2025-04-15,145.0
2024-09-09,dlog_SOLVPN__d_UST10Y,dlog_SOLVPN,d_UST10Y,0.05694933057242886,0.07748233718495162,-0.02053300661252276,2,2024-07-17,2025-04-15,145.0
2024-09-10,dlog_SOLVPN__d_UST10Y,dlog_SOLVPN,d_UST10Y,0.0324270062726992,0.06514727170817708,-0.03272026543547788,2,2024-07-17,2025-04-15,145.0
2024-09-11,dlog_SOLVPN__d_UST10Y,dlog_SOLVPN,d_UST10Y,0.027566830365149692,0.06832850356683166,-0.040761673201681975,2,2024-07-17,2025-04-15,145.0
2024-09-12,dlog_SOLVPN__d_UST10Y,dlog_SOLVPN,d_UST10Y,0.02771977161996865,0.07752818878651982,-0.04980841716655117,2,2024-07-17,2025-04-15,145.0
2024-09-16,dlog_SOLVPN__d_UST10Y,dlog_SOLVPN,d_UST10Y,0.03209618410109993,0.07223416826665217,-0.04013798416555225,2,2024-07-17,2025-04-15,145.0
2024-09-17,dlog_SOLVPN__d_UST10Y,dlog_SOLVPN,d_UST10Y,0.022332402353240778,0.06329735570643434,-0.04096495335319356,2,2024-07-17,2025-04-15,145.0
2024-09-18,dlog_SOLVPN__d_UST10Y,dlog_SOLVPN,d_UST10Y,0.020090033646757134,0.0549994616849885,-0.03490942803823137,2,2024-07-17,2025-04-15,145.0
2024-09-19,dlog_SOLVPN__d_UST10Y,dlog_SOLVPN,d_UST10Y,0.015262864863637992,0.05388791555433173,-0.03862505069069373,2,2024-07-17,2025-04-15,145.0
2024-09-23,dlog_SOLVPN__d_UST10Y,dlog_SOLVPN,d_UST10Y,0.03201667878658832,0.027014389025865625,0.005002289760722697,2,2024-07-17,2025-04-15,145.0
2024-09-24,dlog_SOLVPN__d_UST10Y,dlog_SOLVPN,d_UST10Y,0.014726966476057904,0.011279636552876185,0.0034473299231817193,2,2024-07-17,2025-04-15,145.0
2024-09-25,dlog_SOLVPN__d_UST10Y,dlog_SOLVPN,d_UST10Y,0.02147739129999422,0.010303572061731832,0.011173819238262387,2,2024-07-17,2025-04-15,145.0
2024-09-26,dlog_SOLVPN__d_UST10Y,dlog_SOLVPN,d_UST10Y,0.016790359648468662,0.005599624415523802,0.01119073523294486,2,2024-07-17,2025-04-15,145.0
2024-09-30,dlog_SOLVPN__d_UST10Y,dlog_SOLVPN,d_UST10Y,0.019219355212290113,0.004814024590228586,0.014405330622061528,2,2024-07-17,2025-04-15,145.0
2024-10-01,dlog_SOLVPN__d_UST10Y,dlog_SOLVPN,d_UST10Y,0.03622054545626607,0.002834980032320456,0.03338556542394562,2,2024-07-17,2025-04-15,145.0
2024-10-02,dlog_SOLVPN__d_UST10Y,dlog_SOLVPN,d_UST10Y,0.020579908892827584,0.013996038861301591,0.006583870031525992,2,2024-07-17,2025-04-15,145.0
2024-10-03,dlog_SOLVPN__d_UST10Y,dlog_SOLVPN,d_UST10Y,0.019249995883206653,0.04344245206789837,-0.024192456184691714,2,2024-07-17,2025-04-15,145.0
2024-10-07,dlog_SOLVPN__d_UST10Y,dlog_SOLVPN,d_UST10Y,0.02470541770920177,0.03663738110675164,-0.011931963397549868,2,2024-07-17,2025-04-15,145.0
2024-10-08,dlog_SOLVPN__d_UST10Y,dlog_SOLVPN,d_UST10Y,0.049295776532509994,0.02828665901687194,0.021009117515638054,2,2024-07-17,2025-04-15,145.0
2024-10-09,dlog_SOLVPN__d_UST10Y,dlog_SOLVPN,d_UST10Y,0.01957111505263806,0.023888649838651296,-0.004317534786013235,2,2024-07-17,2025-04-15,145.0
2024-10-10,dlog_SOLVPN__d_UST10Y,dlog_SOLVPN,d_UST10Y,0.020714766916625334,0.020361234941881648,0.00035353197474368575,2,2024-07-17,2025-04-15,145.0
2024-10-15,dlog_SOLVPN__d_UST10Y,dlog_SOLVPN,d_UST10Y,0.026097987193065532,0.02813145881671703,-0.002033471623651497,2,2024-07-17,2025-04-15,145.0
2024-10-16,dlog_SOLVPN__d_UST10Y,dlog_SOLVPN,d_UST10Y,0.013662263938071587,0.04697906565577657,-0.033316801717704986,2,2024-07-17,2025-04-15,145.0
2024-10-17,dlog_SOLVPN__d_UST10Y,dlog_SOLVPN,d_UST10Y,0.027396897722336073,0.0582553117535132,-0.030858414031177128,2,2024-07-17,2025-04-15,145.0
2024-10-21,dlog_SOLVPN__d_UST10Y,dlog_SOLVPN,d_UST10Y,0.012209570388014764,0.06922180574943859,-0.05701223536142383,2,2024-07-17,2025-04-15,145.0
2024-10-22,dlog_SOLVPN__d_UST10Y,dlog_SOLVPN,d_UST10Y,0.008670547690348106,0.036966397747511134,-0.02829585005716303,2,2024-07-17,2025-04-15,145.0
2024-10-23,dlog_SOLVPN__d_UST10Y,dlog_SOLVPN,d_UST10Y,0.014715319633766731,0.04315736738346527,-0.028442047749698537,2,2024-07-17,2025-04-15,145.0
2024-10-24,dlog_SOLVPN__d_UST10Y,dlog_SOLVPN,d_UST10Y,0.04446929287716791,0.05133414972948732,-0.006864856852319412,2,2024-07-17,2025-04-15,145.0
2024-10-28,dlog_SOLVPN__d_UST10Y,dlog_SOLVPN,d_UST10Y,0.037730224329919085,0.042251228299898316,-0.0045210039699792315,2,2024-07-17,2025-04-15,145.0
2024-10-29,dlog_SOLVPN__d_UST10Y,dlog_SOLVPN,d_UST10Y,0.03374671228059503,0.05618904806565091,-0.022442335785055875,2,2024-07-17,2025-04-15,145.0
2024-10-30,dlog_SOLVPN__d_UST10Y,dlog_SOLVPN,d_UST10Y,0.020592584414797114,0.04749649685845485,-0.026903912443657734,2,2024-07-17,2025-04-15,145.0
2024-10-31,dlog_SOLVPN__d_UST10Y,dlog_SOLVPN,d_UST10Y,0.04422168211059805,0.06448271565203521,-0.020261033541437164,2,2024-07-17,2025-04-15,145.0
2024-11-04,dlog_SOLVPN__d_UST10Y,dlog_SOLVPN,d_UST10Y,0.10529101754180416,0.07855815648852515,0.026732861053279003,2,2024-07-17,2025-04-15,145.0
2024-11-05,dlog_SOLVPN__d_UST10Y,dlog_SOLVPN,d_UST10Y,0.10467601722519629,0.08037986341509769,0.0242961538100986,2,2024-07-17,2025-04-15,145.0
2024-11-06,dlog_SOLVPN__d_UST10Y,dlog_SOLVPN,d_UST10Y,0.12383864988373439,0.07424856337901234,0.04959008650472205,2,2024-07-17,2025-04-15,145.0
2024-11-07,dlog_SOLVPN__d_UST10Y,dlog_SOLVPN,d_UST10Y,0.12412220000577483,0.035940366241309245,0.08818183376446559,2,2024-07-17,2025-04-15,145.0
2024-11-12,dlog_SOLVPN__d_UST10Y,dlog_SOLVPN,d_UST10Y,0.1742110473580901,0.029412914791194185,0.14479813256689592,2,2024-07-17,2025-04-15,145.0
2024-11-13,dlog_SOLVPN__d_UST10Y,dlog_SOLVPN,d_UST10Y,0.15360338272434673,0.03416546189754602,0.11943792082680071,2,2024-07-17,2025-04-15,145.0
2024-11-14,dlog_SOLVPN__d_UST10Y,dlog_SOLVPN,d_UST10Y,0.16103361008041275,0.042632755211439874,0.11840085486897288,2,2024-07-17,2025-04-15,145.0
2024-11-18,dlog_SOLVPN__d_UST10Y,dlog_SOLVPN,d_UST10Y,0.1663338905012541,0.03623259590820462,0.13010129459304948,2,2024-07-17,2025-04-15,145.0
2024-11-19,dlog_SOLVPN__d_UST10Y,dlog_SOLVPN,d_UST10Y,0.1677128969521774,0.06540481299338408,0.10230808395879332,2,2024-07-17,2025-04-15,145.0
2024-11-20,dlog_SOLVPN__d_UST10Y,dlog_SOLVPN,d_UST10Y,0.17252822088003558,0.06613952491890857,0.10638869596112702,2,2024-07-17,2025-04-15,145.0
2024-11-21,dlog_SOLVPN__d_UST10Y,dlog_SOLVPN,d_UST10Y,0.1535538514033338,0.05978150880884964,0.09377234259448416,2,2024-07-17,2025-04-15,145.0
2024-11-25,dlog_SOLVPN__d_UST10Y,dlog_SOLVPN,d_UST10Y,0.12802528115312947,0.07371431538779304,0.054310965765336436,2,2024-07-17,2025-04-15,145.0
2024-11-26,dlog_SOLVPN__d_UST10Y,dlog_SOLVPN,d_UST10Y,0.13076338918244773,0.08114030408338412,0.049623085099063616,2,2024-07-17,2025-04-15,145.0
2024-11-27,dlog_SOLVPN__d_UST10Y,dlog_SOLVPN,d_UST10Y,0.12940789884042958,0.08212479144069929,0.047283107399730295,2,2024-07-17,2025-04-15,145.0
2024-12-02,dlog_SOLVPN__d_UST10Y,dlog_SOLVPN,d_UST10Y,0.12144138138661198,0.08460780526742956,0.03683357611918242,2,2024-07-17,2025-04-15,145.0
2024-12-03,dlog_SOLVPN__d_UST10Y,dlog_SOLVPN,d_UST10Y,0.1392608048349033,0.0924283354362902,0.0468324693986131,2,2024-07-17,2025-04-15,145.0
2024-12-04,dlog_SOLVPN__d_UST10Y,dlog_SOLVPN,d_UST10Y,0.13475420359841328,0.09270381474110208,0.0420503888573112,2,2024-07-17,2025-04-15,145.0
2024-12-05,dlog_SOLVPN__d_UST10Y,dlog_SOLVPN,d_UST10Y,0.13890456187612785,0.08928249761501943,0.04962206426110842,2,2024-07-17,2025-04-15,145.0
2024-12-09,dlog_SOLVPN__d_UST10Y,dlog_SOLVPN,d_UST10Y,0.13790883064816506,0.0856790447330585,0.05222978591510656,2,2024-07-17,2025-04-15,145.0
2024-12-10,dlog_SOLVPN__d_UST10Y,dlog_SOLVPN,d_UST10Y,0.1332881588217305,0.07786686899712916,0.055421289824601344,2,2024-07-17,2025-04-15,145.0
2024-12-11,dlog_SOLVPN__d_UST10Y,dlog_SOLVPN,d_UST10Y,0.11097827042532458,0.08332288447510497,0.027655385950219616,2,2024-07-17,2025-04-15,145.0
2024-12-12,dlog_SOLVPN__d_UST10Y,dlog_SOLVPN,d_UST10Y,0.11708787145562913,0.08791386619933386,0.029174005256295266,2,2024-07-17,2025-04-15,145.0
2024-12-16,dlog_SOLVPN__d_UST10Y,dlog_SOLVPN,d_UST10Y,0.11694962026241396,0.1022855619982051,0.014664058264208857,2,2024-07-17,2025-04-15,145.0
2024-12-17,dlog_SOLVPN__d_UST10Y,dlog_SOLVPN,d_UST10Y,0.11866360272369463,0.10486882564181708,0.01379477708187754,2,2024-07-17,2025-04-15,145.0
2024-12-18,dlog_SOLVPN__d_UST10Y,dlog_SOLVPN,d_UST10Y,0.2443496482974536,0.07606590747860897,0.16828374081884462,2,2024-07-17,2025-04-15,145.0
2024-12-19,dlog_SOLVPN__d_UST10Y,dlog_SOLVPN,d_UST10Y,0.08343269109505491,0.07127961594720289,0.012153075147852022,2,2024-07-17,2025-04-15,145.0
2024-12-23,dlog_SOLVPN__d_UST10Y,dlog_SOLVPN,d_UST10Y,0.08736224114720079,0.08241506804186416,0.0049471731053366275,2,2024-07-17,2025-04-15,145.0
2024-12-26,dlog_SOLVPN__d_UST10Y,dlog_SOLVPN,d_UST10Y,0.09412511895617016,0.07414723441952058,0.019977884536649587,2,2024-07-17,2025-04-15,145.0
2024-12-30,dlog_SOLVPN__d_UST10Y,dlog_SOLVPN,d_UST10Y,0.12899504917129584,0.07758787748449048,0.051407171686805364,2,2024-07-17,2025-04-15,145.0
2025-01-02,dlog_SOLVPN__d_UST10Y,dlog_SOLVPN,d_UST10Y,0.11731697251422814,0.0946779120739829,0.02263906044024523,2,2024-07-17,2025-04-15,145.0
2025-01-06,dlog_SOLVPN__d_UST10Y,dlog_SOLVPN,d_UST10Y,0.1707062747341526,0.0924035905965247,0.07830268413762789,2,2024-07-17,2025-04-15,145.0
2025-01-07,dlog_SOLVPN__d_UST10Y,dlog_SOLVPN,d_UST10Y,0.1328302456747091,0.08280548393274874,0.05002476174196037,2,2024-07-17,2025-04-15,145.0
2025-01-08,dlog_SOLVPN__d_UST10Y,dlog_SOLVPN,d_UST10Y,0.13808038453045623,0.07005608887247168,0.06802429565798455,2,2024-07-17,2025-04-15,145.0
2025-01-13,dlog_SOLVPN__d_UST10Y,dlog_SOLVPN,d_UST10Y,0.1215039885346227,0.08462442627836304,0.03687956225625966,2,2024-07-17,2025-04-15,145.0
2025-01-14,dlog_SOLVPN__d_UST10Y,dlog_SOLVPN,d_UST10Y,0.09394286005370048,0.088166751240262,0.005776108813438471,2,2024-07-17,2025-04-15,145.0
2025-01-15,dlog_SOLVPN__d_UST10Y,dlog_SOLVPN,d_UST10Y,0.14079980774071787,0.1146204790684649,0.026179328672252977,2,2024-07-17,2025-04-15,145.0
2025-01-16,dlog_SOLVPN__d_UST10Y,dlog_SOLVPN,d_UST10Y,0.14646642351203026,0.09673108624986303,0.04973533726216724,2,2024-07-17,2025-04-15,145.0
2025-01-21,dlog_SOLVPN__d_UST10Y,dlog_SOLVPN,d_UST10Y,0.23055575223254465,0.12869400655586297,0.10186174567668169,2,2024-07-17,2025-04-15,145.0
2025-01-22,dlog_SOLVPN__d_UST10Y,dlog_SOLVPN,d_UST10Y,0.1349285750660342,0.1419829529567565,-0.007054377890722302,2,2024-07-17,2025-04-15,145.0
2025-01-23,dlog_SOLVPN__d_UST10Y,dlog_SOLVPN,d_UST10Y,0.13701939479626948,0.09414223357188212,0.04287716122438737,2,2024-07-17,2025-04-15,145.0
2025-01-27,dlog_SOLVPN__d_UST10Y,dlog_SOLVPN,d_UST10Y,0.18511547912697388,0.045712524205934996,0.13940295492103888,2,2024-07-17,2025-04-15,145.0
2025-01-28,dlog_SOLVPN__d_UST10Y,dlog_SOLVPN,d_UST10Y,0.06752960799575224,0.05552169456407722,0.012007913431675017,2,2024-07-17,2025-04-15,145.0
2025-01-29,dlog_SOLVPN__d_UST10Y,dlog_SOLVPN,d_UST10Y,0.07350535415338223,0.05525911915534997,0.01824623499803226,2,2024-07-17,2025-04-15,145.0
2025-01-30,dlog_SOLVPN__d_UST10Y,dlog_SOLVPN,d_UST10Y,0.07457535891760746,0.05680251029981653,0.017772848617790923,2,2024-07-17,2025-04-15,145.0
2025-02-03,dlog_SOLVPN__d_UST10Y,dlog_SOLVPN,d_UST10Y,0.07011626884736209,0.038554545459041134,0.03156172338832096,2,2024-07-17,2025-04-15,145.0
2025-02-04,dlog_SOLVPN__d_UST10Y,dlog_SOLVPN,d_UST10Y,0.04846967431014621,0.03351137065040737,0.014958303659738839,2,2024-07-17,2025-04-15,145.0
2025-02-05,dlog_SOLVPN__d_UST10Y,dlog_SOLVPN,d_UST10Y,0.08856300787116463,0.07394284359654647,0.014620164274618153,2,2024-07-17,2025-04-15,145.0
2025-02-06,dlog_SOLVPN__d_UST10Y,dlog_SOLVPN,d_UST10Y,0.046440777378746745,0.07825529936982391,-0.03181452199107716,2,2024-07-17,2025-04-15,145.0
2025-02-10,dlog_SOLVPN__d_UST10Y,dlog_SOLVPN,d_UST10Y,0.03997815448976961,0.05614973851089314,-0.01617158402112353,2,2024-07-17,2025-04-15,145.0
2025-02-11,dlog_SOLVPN__d_UST10Y,dlog_SOLVPN,d_UST10Y,0.03332912603703969,0.05723054681222962,-0.023901420775189926,2,2024-07-17,2025-04-15,145.0
2025-02-12,dlog_SOLVPN__d_UST10Y,dlog_SOLVPN,d_UST10Y,0.026349534469200006,0.04683854275816299,-0.02048900828896298,2,2024-07-17,2025-04-15,145.0
2025-02-13,dlog_SOLVPN__d_UST10Y,dlog_SOLVPN,d_UST10Y,0.028555951529348412,0.03799769292170683,-0.009441741392358417,2,2024-07-17,2025-04-15,145.0
2025-02-18,dlog_SOLVPN__d_UST10Y,dlog_SOLVPN,d_UST10Y,0.027987086629552488,0.026288888071216078,0.0016981985583364098,2,2024-07-17,2025-04-15,145.0
2025-02-19,dlog_SOLVPN__d_UST10Y,dlog_SOLVPN,d_UST10Y,0.0373784788530776,0.022880517125229538,0.014497961727848063,2,2024-07-17,2025-04-15,145.0
2025-02-20,dlog_SOLVPN__d_UST10Y,dlog_SOLVPN,d_UST10Y,0.057223405097985264,0.04775270563457804,0.009470699463407221,2,2024-07-17,2025-04-15,145.0
2025-02-24,dlog_SOLVPN__d_UST10Y,dlog_SOLVPN,d_UST10Y,0.013107913970412508,0.03396052697872562,-0.020852613008313113,2,2024-07-17,2025-04-15,145.0
2025-02-25,dlog_SOLVPN__d_UST10Y,dlog_SOLVPN,d_UST10Y,0.09098105327743561,0.034254510233535915,0.056726543043899694,2,2024-07-17,2025-04-15,145.0
2025-02-26,dlog_SOLVPN__d_UST10Y,dlog_SOLVPN,d_UST10Y,0.08326343503856563,0.02100878739598953,0.0622546476425761,2,2024-07-17,2025-04-15,145.0
2025-02-27,dlog_SOLVPN__d_UST10Y,dlog_SOLVPN,d_UST10Y,0.09983495081089658,0.030433668512938626,0.06940128229795794,2,2024-07-17,2025-04-15,145.0
2025-03-03,dlog_SOLVPN__d_UST10Y,dlog_SOLVPN,d_UST10Y,0.12780438882125914,0.042244691936562564,0.08555969688469657,2,2024-07-17,2025-04-15,145.0
2025-03-04,dlog_SOLVPN__d_UST10Y,dlog_SOLVPN,d_UST10Y,0.04037968788503809,0.05747332988008719,-0.0170936419950491,2,2024-07-17,2025-04-15,145.0
2025-03-05,dlog_SOLVPN__d_UST10Y,dlog_SOLVPN,d_UST10Y,0.02413148607284212,0.04483034514900044,-0.02069885907615832,2,2024-07-17,2025-04-15,145.0
2025-03-06,dlog_SOLVPN__d_UST10Y,dlog_SOLVPN,d_UST10Y,0.031254924140380155,0.02456203334692141,0.006692890793458747,2,2024-07-17,2025-04-15,145.0
2025-03-10,dlog_SOLVPN__d_UST10Y,dlog_SOLVPN,d_UST10Y,0.08555772197297187,0.02886909770100051,0.05668862427197136,2,2024-07-17,2025-04-15,145.0
2025-03-11,dlog_SOLVPN__d_UST10Y,dlog_SOLVPN,d_UST10Y,0.07363488362709146,0.016439381524976055,0.05719550210211541,2,2024-07-17,2025-04-15,145.0
2025-03-12,dlog_SOLVPN__d_UST10Y,dlog_SOLVPN,d_UST10Y,0.09078745702069059,0.024883330351082106,0.06590412666960849,2,2024-07-17,2025-04-15,145.0
2025-03-13,dlog_SOLVPN__d_UST10Y,dlog_SOLVPN,d_UST10Y,0.08927128192959478,0.02411912302216725,0.06515215890742754,2,2024-07-17,2025-04-15,145.0
2025-03-17,dlog_SOLVPN__d_UST10Y,dlog_SOLVPN,d_UST10Y,0.09024768275131849,0.022357452918372593,0.0678902298329459,2,2024-07-17,2025-04-15,145.0
2025-03-18,dlog_SOLVPN__d_UST10Y,dlog_SOLVPN,d_UST10Y,0.06938916472643258,0.05044959929761772,0.018939565428814864,2,2024-07-17,2025-04-15,145.0
2025-03-19,dlog_SOLVPN__d_UST10Y,dlog_SOLVPN,d_UST10Y,0.07767516461403419,0.05089226331031542,0.02678290130371877,2,2024-07-17,2025-04-15,145.0
2025-03-20,dlog_SOLVPN__d_UST10Y,dlog_SOLVPN,d_UST10Y,0.07410617363030579,0.05233583627966794,0.021770337350637853,2,2024-07-17,2025-04-15,145.0
2025-03-24,dlog_SOLVPN__d_UST10Y,dlog_SOLVPN,d_UST10Y,0.025388416937453778,0.04955203846839552,-0.024163621530941745,2,2024-07-17,2025-04-15,145.0
2025-03-25,dlog_SOLVPN__d_UST10Y,dlog_SOLVPN,d_UST10Y,0.027986426377567385,0.049930678155112235,-0.02194425177754485,2,2024-07-17,2025-04-15,145.0
2025-03-26,dlog_SOLVPN__d_UST10Y,dlog_SOLVPN,d_UST10Y,0.03272562157857988,0.031418674809271095,0.0013069467693087866,2,2024-07-17,2025-04-15,145.0
2025-03-27,dlog_SOLVPN__d_UST10Y,dlog_SOLVPN,d_UST10Y,0.0358779277013098,0.015079943522252537,0.02079798417905726,2,2024-07-17,2025-04-15,145.0
2025-03-31,dlog_SOLVPN__d_UST10Y,dlog_SOLVPN,d_UST10Y,0.03907403326500885,0.022099476782738284,0.016974556482270566,2,2024-07-17,2025-04-15,145.0
2025-04-01,dlog_SOLVPN__d_UST10Y,dlog_SOLVPN,d_UST10Y,0.03195529836068986,0.022633219218076206,0.009322079142613654,2,2024-07-17,2025-04-15,145.0
2025-04-02,dlog_SOLVPN__d_UST10Y,dlog_SOLVPN,d_UST10Y,0.037246394124285646,0.022090724994657075,0.015155669129628572,2,2024-07-17,2025-04-15,145.0
2025-04-03,dlog_SOLVPN__d_UST10Y,dlog_SOLVPN,d_UST10Y,0.06947861349832936,0.034687892183987545,0.03479072131434181,2,2024-07-17,2025-04-15,145.0
2025-04-07,dlog_SOLVPN__d_UST10Y,dlog_SOLVPN,d_UST10Y,0.15044192828147077,0.04464599907723833,0.10579592920423243,2,2024-07-17,2025-04-15,145.0
2025-04-08,dlog_SOLVPN__d_UST10Y,dlog_SOLVPN,d_UST10Y,0.10497432117180916,0.03538025789861041,0.06959406327319875,2,2024-07-17,2025-04-15,145.0
2025-04-09,dlog_SOLVPN__d_UST10Y,dlog_SOLVPN,d_UST10Y,0.1948579005624158,0.00851333888913769,0.18634456167327812,2,2024-07-17,2025-04-15,145.0
2025-04-10,dlog_SOLVPN__d_UST10Y,dlog_SOLVPN,d_UST10Y,0.07954908767019574,0.027876391942514823,0.05167269572768091,2,2024-07-17,2025-04-15,145.0
2025-04-14,dlog_SOLVPN__d_UST10Y,dlog_SOLVPN,d_UST10Y,0.08897553976221552,0.05270757491855925,0.03626796484365627,2,2024-07-17,2025-04-15,145.0
2025-04-15,dlog_SOLVPN__d_UST10Y,dlog_SOLVPN,d_UST10Y,0.0752436774746495,0.04766855564630306,0.027575121828346434,2,2024-07-17,2025-04-15,145.0
2025-04-16,dlog_SOLVPN__d_UST10Y,dlog_SOLVPN,d_UST10Y,0.0716401278902866,0.04898044273747832,0.022659685152808286,3,2025-04-16,2026-01-06,141.0
2025-04-21,dlog_SOLVPN__d_UST10Y,dlog_SOLVPN,d_UST10Y,0.05662211165716327,0.03723430815883373,0.01938780349832954,3,2025-04-16,2026-01-06,141.0
2025-04-22,dlog_SOLVPN__d_UST10Y,dlog_SOLVPN,d_UST10Y,0.04043396673636473,0.03625737422394396,0.004176592512420765,3,2025-04-16,2026-01-06,141.0
2025-04-23,dlog_SOLVPN__d_UST10Y,dlog_SOLVPN,d_UST10Y,0.06464109135123648,0.05091051419410288,0.013730577157133605,3,2025-04-16,2026-01-06,141.0
2025-04-24,dlog_SOLVPN__d_UST10Y,dlog_SOLVPN,d_UST10Y,0.07658280218239656,0.04667967604829533,0.029903126134101232,3,2025-04-16,2026-01-06,141.0
2025-04-28,dlog_SOLVPN__d_UST10Y,dlog_SOLVPN,d_UST10Y,0.11906992117471442,0.061048514067114014,0.058021407107600405,3,2025-04-16,2026-01-06,141.0
2025-04-29,dlog_SOLVPN__d_UST10Y,dlog_SOLVPN,d_UST10Y,0.13466570401085723,0.012861806632169194,0.12180389737868803,3,2025-04-16,2026-01-06,141.0
2025-04-30,dlog_SOLVPN__d_UST10Y,dlog_SOLVPN,d_UST10Y,0.09260236664158593,0.014415099748658967,0.07818726689292696,3,2025-04-16,2026-01-06,141.0
2025-05-01,dlog_SOLVPN__d_UST10Y,dlog_SOLVPN,d_UST10Y,0.07447323733159875,0.017102978470803703,0.05737025886079504,3,2025-04-16,2026-01-06,141.0
2025-05-05,dlog_SOLVPN__d_UST10Y,dlog_SOLVPN,d_UST10Y,0.08527291408646677,0.01591019854680188,0.06936271553966489,3,2025-04-16,2026-01-06,141.0
2025-05-06,dlog_SOLVPN__d_UST10Y,dlog_SOLVPN,d_UST10Y,0.07281819125081126,0.009452383392922136,0.06336580785788913,3,2025-04-16,2026-01-06,141.0
2025-05-07,dlog_SOLVPN__d_UST10Y,dlog_SOLVPN,d_UST10Y,0.06220647203059516,0.009919533795925209,0.05228693823466995,3,2025-04-16,2026-01-06,141.0
2025-05-08,dlog_SOLVPN__d_UST10Y,dlog_SOLVPN,d_UST10Y,0.09470221716263347,0.013747133291155776,0.08095508387147769,3,2025-04-16,2026-01-06,141.0
2025-05-12,dlog_SOLVPN__d_UST10Y,dlog_SOLVPN,d_UST10Y,0.07554321936959567,0.021044092208774654,0.05449912716082102,3,2025-04-16,2026-01-06,141.0
2025-05-13,dlog_SOLVPN__d_UST10Y,dlog_SOLVPN,d_UST10Y,0.11767928697301189,0.014085217666717515,0.10359406930629438,3,2025-04-16,2026-01-06,141.0
2025-05-14,dlog_SOLVPN__d_UST10Y,dlog_SOLVPN,d_UST10Y,0.08903525517257167,0.020331555068674824,0.06870370010389684,3,2025-04-16,2026-01-06,141.0
2025-05-15,dlog_SOLVPN__d_UST10Y,dlog_SOLVPN,d_UST10Y,0.15676432384815514,0.021920139347717443,0.1348441845004377,3,2025-04-16,2026-01-06,141.0
2025-05-19,dlog_SOLVPN__d_UST10Y,dlog_SOLVPN,d_UST10Y,0.16293995666990127,0.015329482623882973,0.1476104740460183,3,2025-04-16,2026-01-06,141.0
2025-05-20,dlog_SOLVPN__d_UST10Y,dlog_SOLVPN,d_UST10Y,0.16425668163791035,0.016989416421059153,0.14726726521685118,3,2025-04-16,2026-01-06,141.0
2025-05-21,dlog_SOLVPN__d_UST10Y,dlog_SOLVPN,d_UST10Y,0.13049856868511284,0.009125402805608024,0.12137316587950481,3,2025-04-16,2026-01-06,141.0
2025-05-22,dlog_SOLVPN__d_UST10Y,dlog_SOLVPN,d_UST10Y,0.13889567118178772,0.002653536345737666,0.13624213483605005,3,2025-04-16,2026-01-06,141.0
2025-05-27,dlog_SOLVPN__d_UST10Y,dlog_SOLVPN,d_UST10Y,0.03119568776960122,0.002494061473101698,0.02870162629649952,3,2025-04-16,2026-01-06,141.0
2025-05-28,dlog_SOLVPN__d_UST10Y,dlog_SOLVPN,d_UST10Y,0.044874954364092993,0.006731008810974859,0.03814394555311813,3,2025-04-16,2026-01-06,141.0
2025-05-29,dlog_SOLVPN__d_UST10Y,dlog_SOLVPN,d_UST10Y,0.049462915183743995,0.003761064597859591,0.045701850585884406,3,2025-04-16,2026-01-06,141.0
2025-06-02,dlog_SOLVPN__d_UST10Y,dlog_SOLVPN,d_UST10Y,0.06260000969459271,0.009606962010197775,0.05299304768439494,3,2025-04-16,2026-01-06,141.0
2025-06-03,dlog_SOLVPN__d_UST10Y,dlog_SOLVPN,d_UST10Y,0.03427593846477073,0.007927269205879665,0.026348669258891063,3,2025-04-16,2026-01-06,141.0
2025-06-04,dlog_SOLVPN__d_UST10Y,dlog_SOLVPN,d_UST10Y,0.012715355537237382,0.008205253967798195,0.0045101015694391875,3,2025-04-16,2026-01-06,141.0
2025-06-05,dlog_SOLVPN__d_UST10Y,dlog_SOLVPN,d_UST10Y,0.0169069244226073,0.004451995486439242,0.012454928936168059,3,2025-04-16,2026-01-06,141.0
2025-06-09,dlog_SOLVPN__d_UST10Y,dlog_SOLVPN,d_UST10Y,0.02632659626730741,0.0034358193914226704,0.022890776875884738,3,2025-04-16,2026-01-06,141.0
2025-06-10,dlog_SOLVPN__d_UST10Y,dlog_SOLVPN,d_UST10Y,0.02403744220197516,0.002585050511375355,0.021452391690599808,3,2025-04-16,2026-01-06,141.0
2025-06-11,dlog_SOLVPN__d_UST10Y,dlog_SOLVPN,d_UST10Y,0.02416834511626493,0.0032988106733951657,0.020869534442869764,3,2025-04-16,2026-01-06,141.0
2025-06-12,dlog_SOLVPN__d_UST10Y,dlog_SOLVPN,d_UST10Y,0.08541080929106602,0.0034672423384981385,0.08194356695256788,3,2025-04-16,2026-01-06,141.0
2025-06-16,dlog_SOLVPN__d_UST10Y,dlog_SOLVPN,d_UST10Y,0.10790715364575618,0.021798043162538045,0.08610911048321813,3,2025-04-16,2026-01-06,141.0
2025-06-17,dlog_SOLVPN__d_UST10Y,dlog_SOLVPN,d_UST10Y,0.061151434835359265,0.05556692792855856,0.005584506906800707,3,2025-04-16,2026-01-06,141.0
2025-06-18,dlog_SOLVPN__d_UST10Y,dlog_SOLVPN,d_UST10Y,0.09054476728331243,0.028703726212524847,0.061841041070787584,3,2025-04-16,2026-01-06,141.0
2025-06-23,dlog_SOLVPN__d_UST10Y,dlog_SOLVPN,d_UST10Y,0.053292727155849075,0.021108414666190352,0.03218431248965872,3,2025-04-16,2026-01-06,141.0
2025-06-24,dlog_SOLVPN__d_UST10Y,dlog_SOLVPN,d_UST10Y,0.056114695153903424,0.05503213079672794,0.0010825643571754848,3,2025-04-16,2026-01-06,141.0
2025-06-25,dlog_SOLVPN__d_UST10Y,dlog_SOLVPN,d_UST10Y,0.0401368439150117,0.04314033338638154,-0.003003489471369844,3,2025-04-16,2026-01-06,141.0
2025-06-26,dlog_SOLVPN__d_UST10Y,dlog_SOLVPN,d_UST10Y,0.028313509409955855,0.04216695336731449,-0.013853443957358637,3,2025-04-16,2026-01-06,141.0
2025-06-30,dlog_SOLVPN__d_UST10Y,dlog_SOLVPN,d_UST10Y,0.03215136449003872,0.05156605209234928,-0.019414687602310562,3,2025-04-16,2026-01-06,141.0
2025-07-01,dlog_SOLVPN__d_UST10Y,dlog_SOLVPN,d_UST10Y,0.033833210736217506,0.046202001585284654,-0.012368790849067147,3,2025-04-16,2026-01-06,141.0
2025-07-02,dlog_SOLVPN__d_UST10Y,dlog_SOLVPN,d_UST10Y,0.0314074025125939,0.044831495490879524,-0.013424092978285625,3,2025-04-16,2026-01-06,141.0
2025-07-03,dlog_SOLVPN__d_UST10Y,dlog_SOLVPN,d_UST10Y,0.02073140253461944,0.03091926334801919,-0.01018786081339975,3,2025-04-16,2026-01-06,141.0
2025-07-07,dlog_SOLVPN__d_UST10Y,dlog_SOLVPN,d_UST10Y,0.0359531905421399,0.05496791062437778,-0.019014720082237882,3,2025-04-16,2026-01-06,141.0
2025-07-08,dlog_SOLVPN__d_UST10Y,dlog_SOLVPN,d_UST10Y,0.08080865321078476,0.07841766015736275,0.002390993053422011,3,2025-04-16,2026-01-06,141.0
2025-07-09,dlog_SOLVPN__d_UST10Y,dlog_SOLVPN,d_UST10Y,0.05619659992993928,0.04840817143278738,0.007788428497151896,3,2025-04-16,2026-01-06,141.0
2025-07-10,dlog_SOLVPN__d_UST10Y,dlog_SOLVPN,d_UST10Y,0.050812182863333694,0.05001853408102675,0.0007936487823069424,3,2025-04-16,2026-01-06,141.0
2025-07-14,dlog_SOLVPN__d_UST10Y,dlog_SOLVPN,d_UST10Y,0.05334283100633858,0.04418797430201788,0.009154856704320702,3,2025-04-16,2026-01-06,141.0
2025-07-15,dlog_SOLVPN__d_UST10Y,dlog_SOLVPN,d_UST10Y,0.03413077735503498,0.04814891969071651,-0.014018142335681529,3,2025-04-16,2026-01-06,141.0
2025-07-16,dlog_SOLVPN__d_UST10Y,dlog_SOLVPN,d_UST10Y,0.03971543085210327,0.03748554515798498,0.0022298856941182915,3,2025-04-16,2026-01-06,141.0
2025-07-17,dlog_SOLVPN__d_UST10Y,dlog_SOLVPN,d_UST10Y,0.053534132589956575,0.03875504019627963,0.014779092393676946,3,2025-04-16,2026-01-06,141.0
2025-07-21,dlog_SOLVPN__d_UST10Y,dlog_SOLVPN,d_UST10Y,0.0665947394394882,0.04450841131243275,0.022086328127055445,3,2025-04-16,2026-01-06,141.0
2025-07-22,dlog_SOLVPN__d_UST10Y,dlog_SOLVPN,d_UST10Y,0.0455628254714901,0.02067689884169797,0.024885926629792127,3,2025-04-16,2026-01-06,141.0
2025-07-23,dlog_SOLVPN__d_UST10Y,dlog_SOLVPN,d_UST10Y,0.017484357474147873,0.028177141736653453,-0.01069278426250558,3,2025-04-16,2026-01-06,141.0
2025-07-24,dlog_SOLVPN__d_UST10Y,dlog_SOLVPN,d_UST10Y,0.012312743814819421,0.018957977545119534,-0.0066452337303001124,3,2025-04-16,2026-01-06,141.0
2025-07-28,dlog_SOLVPN__d_UST10Y,dlog_SOLVPN,d_UST10Y,0.027647387758090128,0.022095780012121664,0.005551607745968464,3,2025-04-16,2026-01-06,141.0
2025-07-29,dlog_SOLVPN__d_UST10Y,dlog_SOLVPN,d_UST10Y,0.011934784400507138,0.0275277567772553,-0.01559297237674816,3,2025-04-16,2026-01-06,141.0
2025-07-30,dlog_SOLVPN__d_UST10Y,dlog_SOLVPN,d_UST10Y,0.02115720652375005,0.011428298434105253,0.009728908089644798,3,2025-04-16,2026-01-06,141.0
2025-07-31,dlog_SOLVPN__d_UST10Y,dlog_SOLVPN,d_UST10Y,0.02403873570982778,0.03558555579109193,-0.011546820081264154,3,2025-04-16,2026-01-06,141.0
2025-08-04,dlog_SOLVPN__d_UST10Y,dlog_SOLVPN,d_UST10Y,0.022779257490639134,0.01258328359911516,0.010195973891523975,3,2025-04-16,2026-01-06,141.0
2025-08-05,dlog_SOLVPN__d_UST10Y,dlog_SOLVPN,d_UST10Y,0.024417224134298633,0.01830938977807556,0.006107834356223071,3,2025-04-16,2026-01-06,141.0
2025-08-06,dlog_SOLVPN__d_UST10Y,dlog_SOLVPN,d_UST10Y,0.02590986184121214,0.011365364497362982,0.01454449734384916,3,2025-04-16,2026-01-06,141.0
2025-08-07,dlog_SOLVPN__d_UST10Y,dlog_SOLVPN,d_UST10Y,0.030477515544203138,0.010293306514946114,0.020184209029257022,3,2025-04-16,2026-01-06,141.0
2025-08-11,dlog_SOLVPN__d_UST10Y,dlog_SOLVPN,d_UST10Y,0.03135580418079517,0.01112901581433824,0.02022678836645693,3,2025-04-16,2026-01-06,141.0
2025-08-12,dlog_SOLVPN__d_UST10Y,dlog_SOLVPN,d_UST10Y,0.029258307413785146,0.013506564621232415,0.01575174279255273,3,2025-04-16,2026-01-06,141.0
2025-08-13,dlog_SOLVPN__d_UST10Y,dlog_SOLVPN,d_UST10Y,0.08539051989599528,0.015898057600017636,0.06949246229597764,3,2025-04-16,2026-01-06,141.0
2025-08-14,dlog_SOLVPN__d_UST10Y,dlog_SOLVPN,d_UST10Y,0.08268286023991142,0.009325848319786077,0.07335701192012534,3,2025-04-16,2026-01-06,141.0
2025-08-18,dlog_SOLVPN__d_UST10Y,dlog_SOLVPN,d_UST10Y,0.1028635840748731,0.00798539293849127,0.09487819113638184,3,2025-04-16,2026-01-06,141.0
2025-08-19,dlog_SOLVPN__d_UST10Y,dlog_SOLVPN,d_UST10Y,0.11053062049051829,0.009720028707592162,0.10081059178292613,3,2025-04-16,2026-01-06,141.0
2025-08-20,dlog_SOLVPN__d_UST10Y,dlog_SOLVPN,d_UST10Y,0.10607670814461141,0.008511709435240575,0.09756499870937084,3,2025-04-16,2026-01-06,141.0
2025-08-21,dlog_SOLVPN__d_UST10Y,dlog_SOLVPN,d_UST10Y,0.10659511298364813,0.014330298527086982,0.09226481445656115,3,2025-04-16,2026-01-06,141.0
2025-08-25,dlog_SOLVPN__d_UST10Y,dlog_SOLVPN,d_UST10Y,0.10687444130866164,0.005422129916733957,0.10145231139192767,3,2025-04-16,2026-01-06,141.0
2025-08-26,dlog_SOLVPN__d_UST10Y,dlog_SOLVPN,d_UST10Y,0.09259862185493438,0.005052453250140598,0.08754616860479378,3,2025-04-16,2026-01-06,141.0
2025-08-27,dlog_SOLVPN__d_UST10Y,dlog_SOLVPN,d_UST10Y,0.09355308708676456,0.006097529832978769,0.08745555725378579,3,2025-04-16,2026-01-06,141.0
2025-08-28,dlog_SOLVPN__d_UST10Y,dlog_SOLVPN,d_UST10Y,0.06405590657990701,0.010331001771515552,0.053724904808391455,3,2025-04-16,2026-01-06,141.0
2025-09-02,dlog_SOLVPN__d_UST10Y,dlog_SOLVPN,d_UST10Y,0.06804084958206745,0.04881156882129226,0.019229280760775187,3,2025-04-16,2026-01-06,141.0
2025-09-03,dlog_SOLVPN__d_UST10Y,dlog_SOLVPN,d_UST10Y,0.011056920847648281,0.057615364169015186,-0.0465584433213669,3,2025-04-16,2026-01-06,141.0
2025-09-04,dlog_SOLVPN__d_UST10Y,dlog_SOLVPN,d_UST10Y,0.02080235224400595,0.047008377505709395,-0.026206025261703444,3,2025-04-16,2026-01-06,141.0
2025-09-08,dlog_SOLVPN__d_UST10Y,dlog_SOLVPN,d_UST10Y,0.022958666998441676,0.049124250860048804,-0.02616558386160713,3,2025-04-16,2026-01-06,141.0
2025-09-09,dlog_SOLVPN__d_UST10Y,dlog_SOLVPN,d_UST10Y,0.027015197962801822,0.01779088015289835,0.009224317809903473,3,2025-04-16,2026-01-06,141.0
2025-09-10,dlog_SOLVPN__d_UST10Y,dlog_SOLVPN,d_UST10Y,0.037104726351668844,0.008612778862029042,0.028491947489639805,3,2025-04-16,2026-01-06,141.0
2025-09-11,dlog_SOLVPN__d_UST10Y,dlog_SOLVPN,d_UST10Y,0.033328046198164506,0.011680231289211754,0.02164781490895275,3,2025-04-16,2026-01-06,141.0
2025-09-15,dlog_SOLVPN__d_UST10Y,dlog_SOLVPN,d_UST10Y,0.04210801208975242,0.011184789915843712,0.030923222173908707,3,2025-04-16,2026-01-06,141.0
2025-09-16,dlog_SOLVPN__d_UST10Y,dlog_SOLVPN,d_UST10Y,0.04330875599845434,0.013661548413331262,0.029647207585123077,3,2025-04-16,2026-01-06,141.0
2025-09-17,dlog_SOLVPN__d_UST10Y,dlog_SOLVPN,d_UST10Y,0.03770465809422816,0.018662142212277605,0.019042515881950557,3,2025-04-16,2026-01-06,141.0
2025-09-18,dlog_SOLVPN__d_UST10Y,dlog_SOLVPN,d_UST10Y,0.014204883061492224,0.024196360204578795,-0.00999147714308657,3,2025-04-16,2026-01-06,141.0
2025-09-22,dlog_SOLVPN__d_UST10Y,dlog_SOLVPN,d_UST10Y,0.011217095598362163,0.006860242024049053,0.004356853574313111,3,2025-04-16,2026-01-06,141.0
2025-09-23,dlog_SOLVPN__d_UST10Y,dlog_SOLVPN,d_UST10Y,0.015466518525415616,0.01182623651337563,0.0036402820120399852,3,2025-04-16,2026-01-06,141.0
2025-09-24,dlog_SOLVPN__d_UST10Y,dlog_SOLVPN,d_UST10Y,0.022988578356625145,0.015985434020855872,0.007003144335769273,3,2025-04-16,2026-01-06,141.0
2025-09-25,dlog_SOLVPN__d_UST10Y,dlog_SOLVPN,d_UST10Y,0.02504337179401943,0.018616949970667446,0.006426421823351982,3,2025-04-16,2026-01-06,141.0
2025-09-29,dlog_SOLVPN__d_UST10Y,dlog_SOLVPN,d_UST10Y,0.017755468104406605,0.043090392260456196,-0.02533492415604959,3,2025-04-16,2026-01-06,141.0
2025-09-30,dlog_SOLVPN__d_UST10Y,dlog_SOLVPN,d_UST10Y,0.04293258672219752,0.008543531624085061,0.03438905509811246,3,2025-04-16,2026-01-06,141.0
2025-10-01,dlog_SOLVPN__d_UST10Y,dlog_SOLVPN,d_UST10Y,0.05705922844366086,0.008379399446803742,0.04867982899685712,3,2025-04-16,2026-01-06,141.0
2025-10-02,dlog_SOLVPN__d_UST10Y,dlog_SOLVPN,d_UST10Y,0.05707545836031968,0.007250634615497669,0.049824823744822014,3,2025-04-16,2026-01-06,141.0
2025-10-06,dlog_SOLVPN__d_UST10Y,dlog_SOLVPN,d_UST10Y,0.036841451675986084,0.004363713594623191,0.032477738081362895,3,2025-04-16,2026-01-06,141.0
2025-10-07,dlog_SOLVPN__d_UST10Y,dlog_SOLVPN,d_UST10Y,0.015277413260596798,0.007841235058012548,0.00743617820258425,3,2025-04-16,2026-01-06,141.0
2025-10-08,dlog_SOLVPN__d_UST10Y,dlog_SOLVPN,d_UST10Y,0.014280348700439266,0.008477563554686627,0.005802785145752639,3,2025-04-16,2026-01-06,141.0
2025-10-09,dlog_SOLVPN__d_UST10Y,dlog_SOLVPN,d_UST10Y,0.01962394818931355,0.010120922289016567,0.009503025900296983,3,2025-04-16,2026-01-06,141.0
2025-10-14,dlog_SOLVPN__d_UST10Y,dlog_SOLVPN,d_UST10Y,0.03302046953096748,0.032524244251931525,0.000496225279035957,3,2025-04-16,2026-01-06,141.0
2025-10-15,dlog_SOLVPN__d_UST10Y,dlog_SOLVPN,d_UST10Y,0.026497023865291625,0.03009631911701141,-0.0035992952517197863,3,2025-04-16,2026-01-06,141.0
2025-10-16,dlog_SOLVPN__d_UST10Y,dlog_SOLVPN,d_UST10Y,0.16665307067787646,0.056213911501402314,0.11043915917647415,3,2025-04-16,2026-01-06,141.0
2025-10-20,dlog_SOLVPN__d_UST10Y,dlog_SOLVPN,d_UST10Y,0.09969368804943483,0.09617524649072283,0.0035184415587120044,3,2025-04-16,2026-01-06,141.0
2025-10-21,dlog_SOLVPN__d_UST10Y,dlog_SOLVPN,d_UST10Y,0.11602185152996355,0.10649270847812184,0.009529143051841715,3,2025-04-16,2026-01-06,141.0
2025-10-22,dlog_SOLVPN__d_UST10Y,dlog_SOLVPN,d_UST10Y,0.0967953978857646,0.12232220185877526,-0.02552680397301066,3,2025-04-16,2026-01-06,141.0
2025-10-23,dlog_SOLVPN__d_UST10Y,dlog_SOLVPN,d_UST10Y,0.0955290304081891,0.13194717310496762,-0.036418142696778524,3,2025-04-16,2026-01-06,141.0
2025-10-27,dlog_SOLVPN__d_UST10Y,dlog_SOLVPN,d_UST10Y,0.10018162538617399,0.11192659359067947,-0.011744968204505477,3,2025-04-16,2026-01-06,141.0
2025-10-28,dlog_SOLVPN__d_UST10Y,dlog_SOLVPN,d_UST10Y,0.09796133859573317,0.11541494995606878,-0.017453611360335616,3,2025-04-16,2026-01-06,141.0
2025-10-29,dlog_SOLVPN__d_UST10Y,dlog_SOLVPN,d_UST10Y,0.09637860315411327,0.11763541940379091,-0.021256816249677637,3,2025-04-16,2026-01-06,141.0
2025-10-30,dlog_SOLVPN__d_UST10Y,dlog_SOLVPN,d_UST10Y,0.09164043840672692,0.08986420425485696,0.0017762341518699626,3,2025-04-16,2026-01-06,141.0
2025-11-03,dlog_SOLVPN__d_UST10Y,dlog_SOLVPN,d_UST10Y,0.11032658209597228,0.06991826817590034,0.04040831392007194,3,2025-04-16,2026-01-06,141.0
2025-11-04,dlog_SOLVPN__d_UST10Y,dlog_SOLVPN,d_UST10Y,0.10596136543751514,0.0647153617570145,0.04124600368050063,3,2025-04-16,2026-01-06,141.0
2025-11-05,dlog_SOLVPN__d_UST10Y,dlog_SOLVPN,d_UST10Y,0.16640719257058487,0.07201043049057963,0.09439676208000523,3,2025-04-16,2026-01-06,141.0
2025-11-06,dlog_SOLVPN__d_UST10Y,dlog_SOLVPN,d_UST10Y,0.1930018981496491,0.08975320510027929,0.10324869304936982,3,2025-04-16,2026-01-06,141.0
2025-11-10,dlog_SOLVPN__d_UST10Y,dlog_SOLVPN,d_UST10Y,0.19510229406598145,0.09642797949685004,0.09867431456913141,3,2025-04-16,2026-01-06,141.0
2025-11-12,dlog_SOLVPN__d_UST10Y,dlog_SOLVPN,d_UST10Y,0.15069586687906023,0.1026301501170156,0.04806571676204463,3,2025-04-16,2026-01-06,141.0
2025-11-13,dlog_SOLVPN__d_UST10Y,dlog_SOLVPN,d_UST10Y,0.18027607863735415,0.04020982536508626,0.1400662532722679,3,2025-04-16,2026-01-06,141.0
2025-11-17,dlog_SOLVPN__d_UST10Y,dlog_SOLVPN,d_UST10Y,0.04529602813586285,0.07940353323798473,-0.03410750510212188,3,2025-04-16,2026-01-06,141.0
2025-11-18,dlog_SOLVPN__d_UST10Y,dlog_SOLVPN,d_UST10Y,0.05891388439398707,0.04030159928881929,0.018612285105167783,3,2025-04-16,2026-01-06,141.0
2025-11-19,dlog_SOLVPN__d_UST10Y,dlog_SOLVPN,d_UST10Y,0.05692225680206558,0.028919716445448697,0.02800254035661688,3,2025-04-16,2026-01-06,141.0
2025-11-20,dlog_SOLVPN__d_UST10Y,dlog_SOLVPN,d_UST10Y,0.045412176689527683,0.02792965359880001,0.017482523090727675,3,2025-04-16,2026-01-06,141.0
2025-11-24,dlog_SOLVPN__d_UST10Y,dlog_SOLVPN,d_UST10Y,0.02037371627985984,0.061942914665879374,-0.04156919838601954,3,2025-04-16,2026-01-06,141.0
2025-11-25,dlog_SOLVPN__d_UST10Y,dlog_SOLVPN,d_UST10Y,0.051221984045984506,0.061711550589506975,-0.010489566543522469,3,2025-04-16,2026-01-06,141.0
2025-11-26,dlog_SOLVPN__d_UST10Y,dlog_SOLVPN,d_UST10Y,0.03312884499774418,0.07503710764593775,-0.04190826264819357,3,2025-04-16,2026-01-06,141.0
2025-12-01,dlog_SOLVPN__d_UST10Y,dlog_SOLVPN,d_UST10Y,0.028128210621340466,0.073768421397502,-0.04564021077616154,3,2025-04-16,2026-01-06,141.0
2025-12-02,dlog_SOLVPN__d_UST10Y,dlog_SOLVPN,d_UST10Y,0.024273433434506643,0.07853848541488712,-0.05426505198038047,3,2025-04-16,2026-01-06,141.0
2025-12-03,dlog_SOLVPN__d_UST10Y,dlog_SOLVPN,d_UST10Y,0.028371715203720654,0.07070414048288834,-0.04233242527916768,3,2025-04-16,2026-01-06,141.0
2025-12-04,dlog_SOLVPN__d_UST10Y,dlog_SOLVPN,d_UST10Y,0.022357914099942876,0.0759259409261631,-0.05356802682622022,3,2025-04-16,2026-01-06,141.0
2025-12-08,dlog_SOLVPN__d_UST10Y,dlog_SOLVPN,d_UST10Y,0.01802786025618346,0.03964710606079793,-0.02161924580461447,3,2025-04-16,2026-01-06,141.0
2025-12-09,dlog_SOLVPN__d_UST10Y,dlog_SOLVPN,d_UST10Y,0.014319268509546285,0.03592680208934132,-0.021607533579795037,3,2025-04-16,2026-01-06,141.0
2025-12-10,dlog_SOLVPN__d_UST10Y,dlog_SOLVPN,d_UST10Y,0.020985514931992147,0.04759171077949314,-0.026606195847500992,3,2025-04-16,2026-01-06,141.0
2025-12-11,dlog_SOLVPN__d_UST10Y,dlog_SOLVPN,d_UST10Y,0.012766093727275135,0.01591405911449985,-0.003147965387224713,3,2025-04-16,2026-01-06,141.0
2025-12-15,dlog_SOLVPN__d_UST10Y,dlog_SOLVPN,d_UST10Y,0.016208007373614806,0.03241504782831569,-0.016207040454700884,3,2025-04-16,2026-01-06,141.0
2025-12-16,dlog_SOLVPN__d_UST10Y,dlog_SOLVPN,d_UST10Y,0.04392123187049534,0.04657301857075904,-0.0026517867002636974,3,2025-04-16,2026-01-06,141.0
2025-12-17,dlog_SOLVPN__d_UST10Y,dlog_SOLVPN,d_UST10Y,0.02991261152131459,0.034176833740116895,-0.004264222218802304,3,2025-04-16,2026-01-06,141.0
2025-12-18,dlog_SOLVPN__d_UST10Y,dlog_SOLVPN,d_UST10Y,0.10217759179477216,0.03212666216118144,0.07005092963359072,3,2025-04-16,2026-01-06,141.0
2025-12-22,dlog_SOLVPN__d_UST10Y,dlog_SOLVPN,d_UST10Y,0.11069338722261753,0.027338000226985983,0.08335538699563154,3,2025-04-16,2026-01-06,141.0
2025-12-23,dlog_SOLVPN__d_UST10Y,dlog_SOLVPN,d_UST10Y,0.07308642417254216,0.026173288038836392,0.04691313613370576,3,2025-04-16,2026-01-06,141.0
2025-12-29,dlog_SOLVPN__d_UST10Y,dlog_SOLVPN,d_UST10Y,0.0752225438859991,0.005189020265465688,0.0700335236205334,3,2025-04-16,2026-01-06,141.0
2025-12-30,dlog_SOLVPN__d_UST10Y,dlog_SOLVPN,d_UST10Y,0.0837039539063112,0.00819577071941775,0.07550818318689345,3,2025-04-16,2026-01-06,141.0
2026-01-05,dlog_SOLVPN__d_UST10Y,dlog_SOLVPN,d_UST10Y,0.06474910538950507,0.005143480311514601,0.05960562507799047,3,2025-04-16,2026-01-06,141.0
2026-01-06,dlog_SOLVPN__d_UST10Y,dlog_SOLVPN,d_UST10Y,0.05843357579899027,0.005227499584123999,0.05320607621486627,3,2025-04-16,2026-01-06,141.0
2022-12-05,dlog_SOLVPN__d_VIX,dlog_SOLVPN,d_VIX,0.16287992618109556,0.149281489374279,0.013598436806816577,0,2022-12-01,2023-10-30,180.0
2022-12-06,dlog_SOLVPN__d_VIX,dlog_SOLVPN,d_VIX,0.17387790977363707,0.15520024928385456,0.018677660489782505,0,2022-12-01,2023-10-30,180.0
2022-12-07,dlog_SOLVPN__d_VIX,dlog_SOLVPN,d_VIX,0.18382795675205643,0.20513792694128896,-0.02130997018923253,0,2022-12-01,2023-10-30,180.0
2022-12-08,dlog_SOLVPN__d_VIX,dlog_SOLVPN,d_VIX,0.1829731847858425,0.17342856259634198,0.009544622189500529,0,2022-12-01,2023-10-30,180.0
2022-12-12,dlog_SOLVPN__d_VIX,dlog_SOLVPN,d_VIX,0.12436395208257879,0.16225228299676983,-0.03788833091419104,0,2022-12-01,2023-10-30,180.0
2022-12-13,dlog_SOLVPN__d_VIX,dlog_SOLVPN,d_VIX,0.13279421946034545,0.11929581690085571,0.013498402559489739,0,2022-12-01,2023-10-30,180.0
2022-12-14,dlog_SOLVPN__d_VIX,dlog_SOLVPN,d_VIX,0.13710321489548224,0.14540325670060664,-0.008300041805124392,0,2022-12-01,2023-10-30,180.0
2022-12-15,dlog_SOLVPN__d_VIX,dlog_SOLVPN,d_VIX,0.12002559304834226,0.12401813347434504,-0.0039925404260027775,0,2022-12-01,2023-10-30,180.0
2022-12-19,dlog_SOLVPN__d_VIX,dlog_SOLVPN,d_VIX,0.1320997995180702,0.04275859933329127,0.08934120018477892,0,2022-12-01,2023-10-30,180.0
2022-12-20,dlog_SOLVPN__d_VIX,dlog_SOLVPN,d_VIX,0.13593248015222503,0.10343160546770287,0.03250087468452216,0,2022-12-01,2023-10-30,180.0
2022-12-21,dlog_SOLVPN__d_VIX,dlog_SOLVPN,d_VIX,0.12577606525940344,0.10049521258201286,0.02528085267739058,0,2022-12-01,2023-10-30,180.0
2022-12-22,dlog_SOLVPN__d_VIX,dlog_SOLVPN,d_VIX,0.108035308317871,0.1413611369439434,-0.03332582862607239,0,2022-12-01,2023-10-30,180.0
2022-12-27,dlog_SOLVPN__d_VIX,dlog_SOLVPN,d_VIX,0.06885435794015912,0.05468562750092415,0.014168730439234972,0,2022-12-01,2023-10-30,180.0
2022-12-28,dlog_SOLVPN__d_VIX,dlog_SOLVPN,d_VIX,0.12429415907382049,0.16632005954465381,-0.04202590047083332,0,2022-12-01,2023-10-30,180.0
2022-12-29,dlog_SOLVPN__d_VIX,dlog_SOLVPN,d_VIX,0.17062264855473933,0.15538587696753964,0.015236771587199688,0,2022-12-01,2023-10-30,180.0
2023-01-03,dlog_SOLVPN__d_VIX,dlog_SOLVPN,d_VIX,0.16191499253079125,0.1457964088370913,0.01611858369369995,0,2022-12-01,2023-10-30,180.0
2023-01-04,dlog_SOLVPN__d_VIX,dlog_SOLVPN,d_VIX,0.20067642849874026,0.13224220368545309,0.06843422481328718,0,2022-12-01,2023-10-30,180.0
2023-01-05,dlog_SOLVPN__d_VIX,dlog_SOLVPN,d_VIX,0.13250266116537032,0.17679153911921555,-0.04428887795384523,0,2022-12-01,2023-10-30,180.0
2023-01-09,dlog_SOLVPN__d_VIX,dlog_SOLVPN,d_VIX,0.13576020939696898,0.16244844348238865,-0.026688234085419676,0,2022-12-01,2023-10-30,180.0
2023-01-10,dlog_SOLVPN__d_VIX,dlog_SOLVPN,d_VIX,0.15224785768812873,0.1791478895677477,-0.026900031879618952,0,2022-12-01,2023-10-30,180.0
2023-01-11,dlog_SOLVPN__d_VIX,dlog_SOLVPN,d_VIX,0.14437258321241736,0.16007234351754207,-0.01569976030512471,0,2022-12-01,2023-10-30,180.0
2023-01-12,dlog_SOLVPN__d_VIX,dlog_SOLVPN,d_VIX,0.12325199225217821,0.1564206162112815,-0.03316862395910329,0,2022-12-01,2023-10-30,180.0
2023-01-17,dlog_SOLVPN__d_VIX,dlog_SOLVPN,d_VIX,0.1283707079105494,0.12452120543994223,0.003849502470607155,0,2022-12-01,2023-10-30,180.0
2023-01-18,dlog_SOLVPN__d_VIX,dlog_SOLVPN,d_VIX,0.13150739983886311,0.13200301191452407,-0.0004956120756609561,0,2022-12-01,2023-10-30,180.0
2023-01-19,dlog_SOLVPN__d_VIX,dlog_SOLVPN,d_VIX,0.1336380709928269,0.12812248949815788,0.00551558149466902,0,2022-12-01,2023-10-30,180.0
2023-01-23,dlog_SOLVPN__d_VIX,dlog_SOLVPN,d_VIX,0.12648100022638747,0.12367040838703446,0.002810591839353019,0,2022-12-01,2023-10-30,180.0
2023-01-24,dlog_SOLVPN__d_VIX,dlog_SOLVPN,d_VIX,0.12434626071758786,0.13688356057283488,-0.012537299855247014,0,2022-12-01,2023-10-30,180.0
2023-01-25,dlog_SOLVPN__d_VIX,dlog_SOLVPN,d_VIX,0.12823341015602602,0.12960966356208267,-0.0013762534060566545,0,2022-12-01,2023-10-30,180.0
2023-01-26,dlog_SOLVPN__d_VIX,dlog_SOLVPN,d_VIX,0.13514460224833738,0.11803992627223016,0.017104675976107223,0,2022-12-01,2023-10-30,180.0
2023-01-30,dlog_SOLVPN__d_VIX,dlog_SOLVPN,d_VIX,0.12814180161242247,0.12267625302497927,0.005465548587443206,0,2022-12-01,2023-10-30,180.0
2023-01-31,dlog_SOLVPN__d_VIX,dlog_SOLVPN,d_VIX,0.13428872640920655,0.1526863608806452,-0.018397634471438634,0,2022-12-01,2023-10-30,180.0
2023-02-01,dlog_SOLVPN__d_VIX,dlog_SOLVPN,d_VIX,0.14532797262475233,0.13228302633236774,0.01304494629238459,0,2022-12-01,2023-10-30,180.0
2023-02-02,dlog_SOLVPN__d_VIX,dlog_SOLVPN,d_VIX,0.11310875405540892,0.07627576838979339,0.036832985665615534,0,2022-12-01,2023-10-30,180.0
2023-02-06,dlog_SOLVPN__d_VIX,dlog_SOLVPN,d_VIX,0.1301753796703758,0.08835021553774398,0.041825164132631806,0,2022-12-01,2023-10-30,180.0
2023-02-07,dlog_SOLVPN__d_VIX,dlog_SOLVPN,d_VIX,0.13403812776448298,0.13951432557166032,-0.005476197807177341,0,2022-12-01,2023-10-30,180.0
2023-02-08,dlog_SOLVPN__d_VIX,dlog_SOLVPN,d_VIX,0.11427339040818213,0.1357804106731638,-0.021507020264981663,0,2022-12-01,2023-10-30,180.0
2023-02-09,dlog_SOLVPN__d_VIX,dlog_SOLVPN,d_VIX,0.125746921853108,0.14165664741398046,-0.015909725560872445,0,2022-12-01,2023-10-30,180.0
2023-02-13,dlog_SOLVPN__d_VIX,dlog_SOLVPN,d_VIX,0.12592242120036598,0.14399949356312403,-0.018077072362758045,0,2022-12-01,2023-10-30,180.0
2023-02-14,dlog_SOLVPN__d_VIX,dlog_SOLVPN,d_VIX,0.11819049501229122,0.13210316408140096,-0.013912669069109748,0,2022-12-01,2023-10-30,180.0
2023-02-15,dlog_SOLVPN__d_VIX,dlog_SOLVPN,d_VIX,0.13113467527681075,0.13252545627743273,-0.0013907810006219823,0,2022-12-01,2023-10-30,180.0
2023-02-16,dlog_SOLVPN__d_VIX,dlog_SOLVPN,d_VIX,0.12598050987296924,0.1345018118660849,-0.008521301993115654,0,2022-12-01,2023-10-30,180.0
2023-02-21,dlog_SOLVPN__d_VIX,dlog_SOLVPN,d_VIX,0.14940041008022564,0.15595571633878613,-0.006555306258560489,0,2022-12-01,2023-10-30,180.0
2023-02-22,dlog_SOLVPN__d_VIX,dlog_SOLVPN,d_VIX,0.15200498307083302,0.1514052668388259,0.0005997162320071081,0,2022-12-01,2023-10-30,180.0
2023-02-23,dlog_SOLVPN__d_VIX,dlog_SOLVPN,d_VIX,0.1794418966889139,0.1511882296496643,0.028253667039249586,0,2022-12-01,2023-10-30,180.0
2023-02-27,dlog_SOLVPN__d_VIX,dlog_SOLVPN,d_VIX,0.1730050016718232,0.15299673768688077,0.02000826398494243,0,2022-12-01,2023-10-30,180.0
2023-02-28,dlog_SOLVPN__d_VIX,dlog_SOLVPN,d_VIX,0.17729576400630553,0.14381604224890768,0.03347972175739786,0,2022-12-01,2023-10-30,180.0
2023-03-01,dlog_SOLVPN__d_VIX,dlog_SOLVPN,d_VIX,0.1779825266572219,0.14254351690019618,0.03543900975702571,0,2022-12-01,2023-10-30,180.0
2023-03-02,dlog_SOLVPN__d_VIX,dlog_SOLVPN,d_VIX,0.19378372089477208,0.1685074312189937,0.025276289675778385,0,2022-12-01,2023-10-30,180.0
2023-03-06,dlog_SOLVPN__d_VIX,dlog_SOLVPN,d_VIX,0.18047502994009812,0.15737901854536773,0.023096011394730387,0,2022-12-01,2023-10-30,180.0
2023-03-07,dlog_SOLVPN__d_VIX,dlog_SOLVPN,d_VIX,0.18601251129372118,0.13765762532058093,0.04835488597314025,0,2022-12-01,2023-10-30,180.0
2023-03-08,dlog_SOLVPN__d_VIX,dlog_SOLVPN,d_VIX,0.1768407943892088,0.12956811149548642,0.047272682893722384,0,2022-12-01,2023-10-30,180.0
2023-03-09,dlog_SOLVPN__d_VIX,dlog_SOLVPN,d_VIX,0.23571530938283647,0.15924986681715356,0.07646544256568291,0,2022-12-01,2023-10-30,180.0
2023-03-13,dlog_SOLVPN__d_VIX,dlog_SOLVPN,d_VIX,0.07873267906225209,0.1309367575855041,-0.05220407852325201,0,2022-12-01,2023-10-30,180.0
2023-03-14,dlog_SOLVPN__d_VIX,dlog_SOLVPN,d_VIX,0.07330467761244694,0.0986907086572079,-0.025386031044760962,0,2022-12-01,2023-10-30,180.0
2023-03-15,dlog_SOLVPN__d_VIX,dlog_SOLVPN,d_VIX,0.06882178010248431,0.11748220628170185,-0.048660426179217536,0,2022-12-01,2023-10-30,180.0
2023-03-16,dlog_SOLVPN__d_VIX,dlog_SOLVPN,d_VIX,0.05766242644753147,0.0868527387799935,-0.029190312332462026,0,2022-12-01,2023-10-30,180.0
2023-03-20,dlog_SOLVPN__d_VIX,dlog_SOLVPN,d_VIX,0.06040081426122738,0.06870599176354529,-0.008305177502317913,0,2022-12-01,2023-10-30,180.0
2023-03-21,dlog_SOLVPN__d_VIX,dlog_SOLVPN,d_VIX,0.057691852977668545,0.07246428440617342,-0.014772431428504873,0,2022-12-01,2023-10-30,180.0
2023-03-22,dlog_SOLVPN__d_VIX,dlog_SOLVPN,d_VIX,0.05931880299759967,0.07220482897883626,-0.012886025981236587,0,2022-12-01,2023-10-30,180.0
2023-03-23,dlog_SOLVPN__d_VIX,dlog_SOLVPN,d_VIX,0.06487752282520855,0.07577910379730494,-0.010901580972096397,0,2022-12-01,2023-10-30,180.0
2023-03-27,dlog_SOLVPN__d_VIX,dlog_SOLVPN,d_VIX,0.0661392243748593,0.07528693482394681,-0.009147710449087507,0,2022-12-01,2023-10-30,180.0
2023-03-28,dlog_SOLVPN__d_VIX,dlog_SOLVPN,d_VIX,0.06515114779439996,0.07351251909070683,-0.008361371296306874,0,2022-12-01,2023-10-30,180.0
2023-03-29,dlog_SOLVPN__d_VIX,dlog_SOLVPN,d_VIX,0.06289742037540362,0.06756639118028522,-0.0046689708048816,0,2022-12-01,2023-10-30,180.0
2023-03-30,dlog_SOLVPN__d_VIX,dlog_SOLVPN,d_VIX,0.05874923012166898,0.06147667163594267,-0.00272744151427369,0,2022-12-01,2023-10-30,180.0
2023-04-03,dlog_SOLVPN__d_VIX,dlog_SOLVPN,d_VIX,0.1017692504330795,0.06966575203772861,0.032103498395350885,0,2022-12-01,2023-10-30,180.0
2023-04-04,dlog_SOLVPN__d_VIX,dlog_SOLVPN,d_VIX,0.07416738459579329,0.0740780219519205,8.936264387279791e-05,0,2022-12-01,2023-10-30,180.0
2023-04-05,dlog_SOLVPN__d_VIX,dlog_SOLVPN,d_VIX,0.07676863708835108,0.08060351909882384,-0.0038348820104727593,0,2022-12-01,2023-10-30,180.0
2023-04-10,dlog_SOLVPN__d_VIX,dlog_SOLVPN,d_VIX,0.07699191956014291,0.08181991432122541,-0.004827994761082505,0,2022-12-01,2023-10-30,180.0
2023-04-11,dlog_SOLVPN__d_VIX,dlog_SOLVPN,d_VIX,0.08043756939157308,0.0753162694911763,0.005121299900396781,0,2022-12-01,2023-10-30,180.0
2023-04-12,dlog_SOLVPN__d_VIX,dlog_SOLVPN,d_VIX,0.0768727873946705,0.07634583011622845,0.0005269572784420556,0,2022-12-01,2023-10-30,180.0
2023-04-13,dlog_SOLVPN__d_VIX,dlog_SOLVPN,d_VIX,0.1001396861236192,0.09637891625856125,0.003760769865057953,0,2022-12-01,2023-10-30,180.0
2023-04-17,dlog_SOLVPN__d_VIX,dlog_SOLVPN,d_VIX,0.06767020511678522,0.10623334594516295,-0.03856314082837774,0,2022-12-01,2023-10-30,180.0
2023-04-18,dlog_SOLVPN__d_VIX,dlog_SOLVPN,d_VIX,0.07096319185427305,0.09902349659839982,-0.02806030474412677,0,2022-12-01,2023-10-30,180.0
2023-04-19,dlog_SOLVPN__d_VIX,dlog_SOLVPN,d_VIX,0.07025547188578475,0.09644702805008089,-0.026191556164296137,0,2022-12-01,2023-10-30,180.0
2023-04-20,dlog_SOLVPN__d_VIX,dlog_SOLVPN,d_VIX,0.07496704668738416,0.09658042753568512,-0.02161338084830096,0,2022-12-01,2023-10-30,180.0
2023-04-24,dlog_SOLVPN__d_VIX,dlog_SOLVPN,d_VIX,0.07055253623743461,0.12003013702348844,-0.04947760078605383,0,2022-12-01,2023-10-30,180.0
2023-04-25,dlog_SOLVPN__d_VIX,dlog_SOLVPN,d_VIX,0.08222560750462739,0.12124569127924527,-0.03902008377461788,0,2022-12-01,2023-10-30,180.0
2023-04-26,dlog_SOLVPN__d_VIX,dlog_SOLVPN,d_VIX,0.09158548036678538,0.10583771864632004,-0.01425223827953466,0,2022-12-01,2023-10-30,180.0
2023-04-27,dlog_SOLVPN__d_VIX,dlog_SOLVPN,d_VIX,0.09705010701866118,0.11849603215160863,-0.02144592513294745,0,2022-12-01,2023-10-30,180.0
2023-05-01,dlog_SOLVPN__d_VIX,dlog_SOLVPN,d_VIX,0.09864019982063003,0.11573815367645728,-0.01709795385582724,0,2022-12-01,2023-10-30,180.0
2023-05-02,dlog_SOLVPN__d_VIX,dlog_SOLVPN,d_VIX,0.10911952699048535,0.10090346826502711,0.008216058725458247,0,2022-12-01,2023-10-30,180.0
2023-05-03,dlog_SOLVPN__d_VIX,dlog_SOLVPN,d_VIX,0.14311969325480817,0.17808149506998203,-0.03496180181517386,0,2022-12-01,2023-10-30,180.0
2023-05-04,dlog_SOLVPN__d_VIX,dlog_SOLVPN,d_VIX,0.14019463636994356,0.1566788631021397,-0.016484226732196128,0,2022-12-01,2023-10-30,180.0
2023-05-08,dlog_SOLVPN__d_VIX,dlog_SOLVPN,d_VIX,0.14033146386353465,0.14227570007213922,-0.0019442362086045661,0,2022-12-01,2023-10-30,180.0
2023-05-09,dlog_SOLVPN__d_VIX,dlog_SOLVPN,d_VIX,0.1365259960427151,0.1374093610318996,-0.0008833649891845097,0,2022-12-01,2023-10-30,180.0
2023-05-10,dlog_SOLVPN__d_VIX,dlog_SOLVPN,d_VIX,0.13360380825833093,0.138492769461389,-0.004888961203058068,0,2022-12-01,2023-10-30,180.0
2023-05-11,dlog_SOLVPN__d_VIX,dlog_SOLVPN,d_VIX,0.12808213116086742,0.11960843477425366,0.008473696386613758,0,2022-12-01,2023-10-30,180.0
2023-05-15,dlog_SOLVPN__d_VIX,dlog_SOLVPN,d_VIX,0.13413017392899038,0.1130542038231803,0.021075970105810082,0,2022-12-01,2023-10-30,180.0
2023-05-16,dlog_SOLVPN__d_VIX,dlog_SOLVPN,d_VIX,0.13501338045635153,0.10417114017668214,0.030842240279669392,0,2022-12-01,2023-10-30,180.0
2023-05-17,dlog_SOLVPN__d_VIX,dlog_SOLVPN,d_VIX,0.12175481669405488,0.10975340485608576,0.012001411837969128,0,2022-12-01,2023-10-30,180.0
2023-05-18,dlog_SOLVPN__d_VIX,dlog_SOLVPN,d_VIX,0.12360403408100547,0.12217940125683699,0.0014246328241684786,0,2022-12-01,2023-10-30,180.0
2023-05-22,dlog_SOLVPN__d_VIX,dlog_SOLVPN,d_VIX,0.11383603765743072,0.11137106775491186,0.0024649699025188626,0,2022-12-01,2023-10-30,180.0
2023-05-23,dlog_SOLVPN__d_VIX,dlog_SOLVPN,d_VIX,0.12208149616521485,0.11304493055646926,0.009036565608745592,0,2022-12-01,2023-10-30,180.0
2023-05-24,dlog_SOLVPN__d_VIX,dlog_SOLVPN,d_VIX,0.1552817017455964,0.1595621314410374,-0.004280429695440985,0,2022-12-01,2023-10-30,180.0
2023-05-25,dlog_SOLVPN__d_VIX,dlog_SOLVPN,d_VIX,0.1483545336465392,0.1314572966650699,0.016897236981469305,0,2022-12-01,2023-10-30,180.0
2023-05-30,dlog_SOLVPN__d_VIX,dlog_SOLVPN,d_VIX,0.1466656499074476,0.14295278548184495,0.0037128644256026466,0,2022-12-01,2023-10-30,180.0
2023-05-31,dlog_SOLVPN__d_VIX,dlog_SOLVPN,d_VIX,0.15533637567533734,0.1433653072960439,0.011971068379293431,0,2022-12-01,2023-10-30,180.0
2023-06-01,dlog_SOLVPN__d_VIX,dlog_SOLVPN,d_VIX,0.145504004827346,0.1365417928607779,0.008962211966568101,0,2022-12-01,2023-10-30,180.0
2023-06-05,dlog_SOLVPN__d_VIX,dlog_SOLVPN,d_VIX,0.15232487999362804,0.14347874125764218,0.008846138735985859,0,2022-12-01,2023-10-30,180.0
2023-06-06,dlog_SOLVPN__d_VIX,dlog_SOLVPN,d_VIX,0.16623473846909098,0.1496234858551786,0.016611252613912386,0,2022-12-01,2023-10-30,180.0
2023-06-07,dlog_SOLVPN__d_VIX,dlog_SOLVPN,d_VIX,0.16789330569644584,0.1450152135637563,0.022878092132689543,0,2022-12-01,2023-10-30,180.0
2023-06-08,dlog_SOLVPN__d_VIX,dlog_SOLVPN,d_VIX,0.16439024022977275,0.14958511223478976,0.014805127994982986,0,2022-12-01,2023-10-30,180.0
2023-06-12,dlog_SOLVPN__d_VIX,dlog_SOLVPN,d_VIX,0.11348415622880136,0.12532241953548184,-0.011838263306680488,0,2022-12-01,2023-10-30,180.0
2023-06-13,dlog_SOLVPN__d_VIX,dlog_SOLVPN,d_VIX,0.10688787566665929,0.12136973362666638,-0.014481857960007088,0,2022-12-01,2023-10-30,180.0
2023-06-14,dlog_SOLVPN__d_VIX,dlog_SOLVPN,d_VIX,0.12126441076529829,0.14988980623644443,-0.028625395471146148,0,2022-12-01,2023-10-30,180.0
2023-06-15,dlog_SOLVPN__d_VIX,dlog_SOLVPN,d_VIX,0.11728201140925457,0.1428987925829203,-0.025616781173665726,0,2022-12-01,2023-10-30,180.0
2023-06-20,dlog_SOLVPN__d_VIX,dlog_SOLVPN,d_VIX,0.10688497025195237,0.12895391860761832,-0.022068948355665946,0,2022-12-01,2023-10-30,180.0
2023-06-21,dlog_SOLVPN__d_VIX,dlog_SOLVPN,d_VIX,0.11581210814394347,0.13606379600499044,-0.020251687861046974,0,2022-12-01,2023-10-30,180.0
2023-06-22,dlog_SOLVPN__d_VIX,dlog_SOLVPN,d_VIX,0.11478616844063319,0.11207584986354044,0.002710318577092752,0,2022-12-01,2023-10-30,180.0
2023-06-26,dlog_SOLVPN__d_VIX,dlog_SOLVPN,d_VIX,0.11034517960054425,0.12467074347482876,-0.014325563874284505,0,2022-12-01,2023-10-30,180.0
2023-06-27,dlog_SOLVPN__d_VIX,dlog_SOLVPN,d_VIX,0.11087372082694825,0.12179083296119772,-0.010917112134249465,0,2022-12-01,2023-10-30,180.0
2023-06-28,dlog_SOLVPN__d_VIX,dlog_SOLVPN,d_VIX,0.10715584073442538,0.1198225777653945,-0.012666737030969114,0,2022-12-01,2023-10-30,180.0
2023-06-29,dlog_SOLVPN__d_VIX,dlog_SOLVPN,d_VIX,0.0859327606731127,0.08952082167796944,-0.0035880610048567435,0,2022-12-01,2023-10-30,180.0
2023-07-03,dlog_SOLVPN__d_VIX,dlog_SOLVPN,d_VIX,0.0874441503857317,0.08941274277237729,-0.0019685923866455957,0,2022-12-01,2023-10-30,180.0
2023-07-05,dlog_SOLVPN__d_VIX,dlog_SOLVPN,d_VIX,0.08401881823022667,0.0868476185527524,-0.0028288003225257347,0,2022-12-01,2023-10-30,180.0
2023-07-06,dlog_SOLVPN__d_VIX,dlog_SOLVPN,d_VIX,0.11456304193190286,0.10720635602194237,0.0073566859099604975,0,2022-12-01,2023-10-30,180.0
2023-07-10,dlog_SOLVPN__d_VIX,dlog_SOLVPN,d_VIX,0.11152459738802395,0.10549492789077629,0.006029669497247661,0,2022-12-01,2023-10-30,180.0
2023-07-11,dlog_SOLVPN__d_VIX,dlog_SOLVPN,d_VIX,0.11627512522218934,0.1050135286004455,0.01126159662174385,0,2022-12-01,2023-10-30,180.0
2023-07-12,dlog_SOLVPN__d_VIX,dlog_SOLVPN,d_VIX,0.11991535184900486,0.11437063240486707,0.005544719444137786,0,2022-12-01,2023-10-30,180.0
2023-07-13,dlog_SOLVPN__d_VIX,dlog_SOLVPN,d_VIX,0.12140137275294595,0.10618886945353304,0.015212503299412913,0,2022-12-01,2023-10-30,180.0
2023-07-17,dlog_SOLVPN__d_VIX,dlog_SOLVPN,d_VIX,0.11962364890123697,0.10763951415551863,0.011984134745718342,0,2022-12-01,2023-10-30,180.0
2023-07-18,dlog_SOLVPN__d_VIX,dlog_SOLVPN,d_VIX,0.11709231138457167,0.10724203597439017,0.009850275410181505,0,2022-12-01,2023-10-30,180.0
2023-07-19,dlog_SOLVPN__d_VIX,dlog_SOLVPN,d_VIX,0.10355962426331526,0.09701030467385996,0.006549319589455302,0,2022-12-01,2023-10-30,180.0
2023-07-20,dlog_SOLVPN__d_VIX,dlog_SOLVPN,d_VIX,0.1097243488438017,0.1056711953756813,0.0040531534681203935,0,2022-12-01,2023-10-30,180.0
2023-07-24,dlog_SOLVPN__d_VIX,dlog_SOLVPN,d_VIX,0.10944765557624372,0.10434791349774479,0.005099742078498934,0,2022-12-01,2023-10-30,180.0
2023-07-25,dlog_SOLVPN__d_VIX,dlog_SOLVPN,d_VIX,0.11079195006731284,0.11267350109526891,-0.001881551027956077,0,2022-12-01,2023-10-30,180.0
2023-07-26,dlog_SOLVPN__d_VIX,dlog_SOLVPN,d_VIX,0.1132933404931109,0.11967024072116364,-0.006376900228052734,0,2022-12-01,2023-10-30,180.0
2023-07-27,dlog_SOLVPN__d_VIX,dlog_SOLVPN,d_VIX,0.0929670013143604,0.12471103074483023,-0.03174402943046982,0,2022-12-01,2023-10-30,180.0
2023-07-31,dlog_SOLVPN__d_VIX,dlog_SOLVPN,d_VIX,0.14927582831775335,0.1422965014956531,0.006979326822100257,0,2022-12-01,2023-10-30,180.0
2023-08-01,dlog_SOLVPN__d_VIX,dlog_SOLVPN,d_VIX,0.1524159123153178,0.13656675602360013,0.015849156291717653,0,2022-12-01,2023-10-30,180.0
2023-08-02,dlog_SOLVPN__d_VIX,dlog_SOLVPN,d_VIX,0.133401725601268,0.15233798777557725,-0.018936262174309243,0,2022-12-01,2023-10-30,180.0
2023-08-03,dlog_SOLVPN__d_VIX,dlog_SOLVPN,d_VIX,0.12563522162747404,0.15028812958895163,-0.024652907961477594,0,2022-12-01,2023-10-30,180.0
2023-08-07,dlog_SOLVPN__d_VIX,dlog_SOLVPN,d_VIX,0.13813057665038883,0.1512666034369295,-0.013136026786540661,0,2022-12-01,2023-10-30,180.0
2023-08-08,dlog_SOLVPN__d_VIX,dlog_SOLVPN,d_VIX,0.13269957723959241,0.11773918840846564,0.01496038883112677,0,2022-12-01,2023-10-30,180.0
2023-08-09,dlog_SOLVPN__d_VIX,dlog_SOLVPN,d_VIX,0.13038970461036506,0.11947780266896811,0.010911901941396948,0,2022-12-01,2023-10-30,180.0
2023-08-10,dlog_SOLVPN__d_VIX,dlog_SOLVPN,d_VIX,0.12637603650722024,0.11937508552093348,0.0070009509862867525,0,2022-12-01,2023-10-30,180.0
2023-08-14,dlog_SOLVPN__d_VIX,dlog_SOLVPN,d_VIX,0.13780525804278776,0.12037976390295377,0.01742549413983399,0,2022-12-01,2023-10-30,180.0
2023-08-15,dlog_SOLVPN__d_VIX,dlog_SOLVPN,d_VIX,0.12481329209986639,0.11836398734007926,0.006449304759787125,0,2022-12-01,2023-10-30,180.0
2023-08-16,dlog_SOLVPN__d_VIX,dlog_SOLVPN,d_VIX,0.11257242695213719,0.11749138910466246,-0.004918962152525269,0,2022-12-01,2023-10-30,180.0
2023-08-17,dlog_SOLVPN__d_VIX,dlog_SOLVPN,d_VIX,0.086734461900406,0.11362779093281257,-0.02689332903240657,0,2022-12-01,2023-10-30,180.0
2023-08-21,dlog_SOLVPN__d_VIX,dlog_SOLVPN,d_VIX,0.086777206986977,0.1161538167569241,-0.029376609769947104,0,2022-12-01,2023-10-30,180.0
2023-08-22,dlog_SOLVPN__d_VIX,dlog_SOLVPN,d_VIX,0.0840012513931102,0.11621662340951963,-0.032215372016409435,0,2022-12-01,2023-10-30,180.0
2023-08-23,dlog_SOLVPN__d_VIX,dlog_SOLVPN,d_VIX,0.11014905582775751,0.13086267081660544,-0.020713614988847925,0,2022-12-01,2023-10-30,180.0
2023-08-24,dlog_SOLVPN__d_VIX,dlog_SOLVPN,d_VIX,0.12702909614227698,0.1443449153499899,-0.017315819207712912,0,2022-12-01,2023-10-30,180.0
2023-08-28,dlog_SOLVPN__d_VIX,dlog_SOLVPN,d_VIX,0.13281022478554436,0.13754372213880803,-0.0047334973532636715,0,2022-12-01,2023-10-30,180.0
2023-08-29,dlog_SOLVPN__d_VIX,dlog_SOLVPN,d_VIX,0.13387326190735638,0.14472798748548865,-0.010854725578132274,0,2022-12-01,2023-10-30,180.0
2023-08-30,dlog_SOLVPN__d_VIX,dlog_SOLVPN,d_VIX,0.1248759027587309,0.14532898783613568,-0.020453085077404787,0,2022-12-01,2023-10-30,180.0
2023-08-31,dlog_SOLVPN__d_VIX,dlog_SOLVPN,d_VIX,0.12559825503197228,0.142264351740727,-0.016666096708754713,0,2022-12-01,2023-10-30,180.0
2023-09-05,dlog_SOLVPN__d_VIX,dlog_SOLVPN,d_VIX,0.1300446475225983,0.1348827656879637,-0.00483811816536539,0,2022-12-01,2023-10-30,180.0
2023-09-06,dlog_SOLVPN__d_VIX,dlog_SOLVPN,d_VIX,0.13074122926591855,0.13104629057584768,-0.0003050613099291333,0,2022-12-01,2023-10-30,180.0
2023-09-07,dlog_SOLVPN__d_VIX,dlog_SOLVPN,d_VIX,0.13056945129823536,0.12822425054446704,0.0023452007537683173,0,2022-12-01,2023-10-30,180.0
2023-09-11,dlog_SOLVPN__d_VIX,dlog_SOLVPN,d_VIX,0.1344145233124183,0.13350907310101592,0.0009054502114023699,0,2022-12-01,2023-10-30,180.0
2023-09-12,dlog_SOLVPN__d_VIX,dlog_SOLVPN,d_VIX,0.1443132598682552,0.1381407661368832,0.006172493731371992,0,2022-12-01,2023-10-30,180.0
2023-09-13,dlog_SOLVPN__d_VIX,dlog_SOLVPN,d_VIX,0.13381645043585455,0.13329507992704384,0.000521370508810709,0,2022-12-01,2023-10-30,180.0
2023-09-14,dlog_SOLVPN__d_VIX,dlog_SOLVPN,d_VIX,0.15229024138733518,0.16523034924525826,-0.012940107857923072,0,2022-12-01,2023-10-30,180.0
2023-09-18,dlog_SOLVPN__d_VIX,dlog_SOLVPN,d_VIX,0.16213819502865306,0.16099771539847707,0.0011404796301759945,0,2022-12-01,2023-10-30,180.0
2023-09-19,dlog_SOLVPN__d_VIX,dlog_SOLVPN,d_VIX,0.15923330262646104,0.17407044140672248,-0.014837138780261439,0,2022-12-01,2023-10-30,180.0
2023-09-20,dlog_SOLVPN__d_VIX,dlog_SOLVPN,d_VIX,0.1708267895146027,0.18159625726820752,-0.010769467753604822,0,2022-12-01,2023-10-30,180.0
2023-09-21,dlog_SOLVPN__d_VIX,dlog_SOLVPN,d_VIX,0.19598889259810082,0.2504847255950371,-0.05449583299693628,0,2022-12-01,2023-10-30,180.0
2023-09-25,dlog_SOLVPN__d_VIX,dlog_SOLVPN,d_VIX,0.1839658081491251,0.2108449398003294,-0.026879131651204285,0,2022-12-01,2023-10-30,180.0
2023-09-26,dlog_SOLVPN__d_VIX,dlog_SOLVPN,d_VIX,0.20491920532009164,0.2178800173397566,-0.012960812019664952,0,2022-12-01,2023-10-30,180.0
2023-09-27,dlog_SOLVPN__d_VIX,dlog_SOLVPN,d_VIX,0.1784230511924718,0.21335901657821513,-0.03493596538574334,0,2022-12-01,2023-10-30,180.0
2023-09-28,dlog_SOLVPN__d_VIX,dlog_SOLVPN,d_VIX,0.17560015935361814,0.20961954093844523,-0.03401938158482709,0,2022-12-01,2023-10-30,180.0
2023-10-02,dlog_SOLVPN__d_VIX,dlog_SOLVPN,d_VIX,0.14455600208271704,0.1609122625877107,-0.01635626050499367,0,2022-12-01,2023-10-30,180.0
2023-10-03,dlog_SOLVPN__d_VIX,dlog_SOLVPN,d_VIX,0.1493170357693465,0.15345501293907465,-0.004137977169728163,0,2022-12-01,2023-10-30,180.0
2023-10-04,dlog_SOLVPN__d_VIX,dlog_SOLVPN,d_VIX,0.18296628863680117,0.1578844189317183,0.02508186970508286,0,2022-12-01,2023-10-30,180.0
2023-10-05,dlog_SOLVPN__d_VIX,dlog_SOLVPN,d_VIX,0.2053191775325489,0.18259065045946438,0.022728527073084537,0,2022-12-01,2023-10-30,180.0
2023-10-10,dlog_SOLVPN__d_VIX,dlog_SOLVPN,d_VIX,0.21205029846502932,0.1898190288368397,0.02223126962818961,0,2022-12-01,2023-10-30,180.0
2023-10-11,dlog_SOLVPN__d_VIX,dlog_SOLVPN,d_VIX,0.20783766241077423,0.19499624849519837,0.012841413915575861,0,2022-12-01,2023-10-30,180.0
2023-10-12,dlog_SOLVPN__d_VIX,dlog_SOLVPN,d_VIX,0.1895655318660315,0.18534377744066358,0.0042217544253679296,0,2022-12-01,2023-10-30,180.0
2023-10-16,dlog_SOLVPN__d_VIX,dlog_SOLVPN,d_VIX,0.23612351609663831,0.20120721147674003,0.03491630461989828,0,2022-12-01,2023-10-30,180.0
2023-10-17,dlog_SOLVPN__d_VIX,dlog_SOLVPN,d_VIX,0.22476245810460133,0.16054160496037065,0.06422085314423068,0,2022-12-01,2023-10-30,180.0
2023-10-18,dlog_SOLVPN__d_VIX,dlog_SOLVPN,d_VIX,0.24743512314457686,0.1973976227940411,0.05003750035053575,0,2022-12-01,2023-10-30,180.0
2023-10-19,dlog_SOLVPN__d_VIX,dlog_SOLVPN,d_VIX,0.26499641428251863,0.2252009555131258,0.03979545876939283,0,2022-12-01,2023-10-30,180.0
2023-10-23,dlog_SOLVPN__d_VIX,dlog_SOLVPN,d_VIX,0.24560425519597998,0.21452899394703154,0.031075261248948438,0,2022-12-01,2023-10-30,180.0
2023-10-24,dlog_SOLVPN__d_VIX,dlog_SOLVPN,d_VIX,0.25431279600761664,0.22591650194595078,0.028396294061665855,0,2022-12-01,2023-10-30,180.0
2023-10-25,dlog_SOLVPN__d_VIX,dlog_SOLVPN,d_VIX,0.2465073767581598,0.21475382044450195,0.031753556313657866,0,2022-12-01,2023-10-30,180.0
2023-10-26,dlog_SOLVPN__d_VIX,dlog_SOLVPN,d_VIX,0.22334295906445795,0.1731340585077983,0.050208900556659636,0,2022-12-01,2023-10-30,180.0
2023-10-30,dlog_SOLVPN__d_VIX,dlog_SOLVPN,d_VIX,0.21048241793622324,0.19239194048944774,0.0180904774467755,0,2022-12-01,2023-10-30,180.0
2023-10-31,dlog_SOLVPN__d_VIX,dlog_SOLVPN,d_VIX,0.2165687353916163,0.21145602150855336,0.005112713883062947,1,2023-10-31,2024-07-16,140.0
2023-11-01,dlog_SOLVPN__d_VIX,dlog_SOLVPN,d_VIX,0.21939201160227872,0.21689009336863652,0.0025019182336422086,1,2023-10-31,2024-07-16,140.0
2023-11-02,dlog_SOLVPN__d_VIX,dlog_SOLVPN,d_VIX,0.2117499600471686,0.20730183391782664,0.0044481261293419505,1,2023-10-31,2024-07-16,140.0
2023-11-06,dlog_SOLVPN__d_VIX,dlog_SOLVPN,d_VIX,0.2097519053035785,0.19376361495114763,0.01598829035243088,1,2023-10-31,2024-07-16,140.0
2023-11-07,dlog_SOLVPN__d_VIX,dlog_SOLVPN,d_VIX,0.17447956997748945,0.1753358974346139,-0.0008563274571244395,1,2023-10-31,2024-07-16,140.0
2023-11-08,dlog_SOLVPN__d_VIX,dlog_SOLVPN,d_VIX,0.21357995962494095,0.18305818410424685,0.0305217755206941,1,2023-10-31,2024-07-16,140.0
2023-11-09,dlog_SOLVPN__d_VIX,dlog_SOLVPN,d_VIX,0.23399526001503781,0.22639677879595652,0.007598481219081299,1,2023-10-31,2024-07-16,140.0
2023-11-13,dlog_SOLVPN__d_VIX,dlog_SOLVPN,d_VIX,0.2306411689763666,0.21399901129742827,0.01664215767893834,1,2023-10-31,2024-07-16,140.0
2023-11-14,dlog_SOLVPN__d_VIX,dlog_SOLVPN,d_VIX,0.20256742586669424,0.11665693599972493,0.08591048986696931,1,2023-10-31,2024-07-16,140.0
2023-11-15,dlog_SOLVPN__d_VIX,dlog_SOLVPN,d_VIX,0.1917655569418655,0.13629674724649224,0.05546880969537327,1,2023-10-31,2024-07-16,140.0
2023-11-16,dlog_SOLVPN__d_VIX,dlog_SOLVPN,d_VIX,0.19161480665961958,0.1329112069608103,0.05870359969880928,1,2023-10-31,2024-07-16,140.0
2023-11-20,dlog_SOLVPN__d_VIX,dlog_SOLVPN,d_VIX,0.186911602587248,0.13969345283261397,0.04721814975463404,1,2023-10-31,2024-07-16,140.0
2023-11-21,dlog_SOLVPN__d_VIX,dlog_SOLVPN,d_VIX,0.1883349913529223,0.14352494753027306,0.04481004382264925,1,2023-10-31,2024-07-16,140.0
2023-11-22,dlog_SOLVPN__d_VIX,dlog_SOLVPN,d_VIX,0.20072407964152558,0.144062296329446,0.05666178331207958,1,2023-10-31,2024-07-16,140.0
2023-11-27,dlog_SOLVPN__d_VIX,dlog_SOLVPN,d_VIX,0.19870552258922558,0.1370868475978052,0.061618674991420375,1,2023-10-31,2024-07-16,140.0
2023-11-28,dlog_SOLVPN__d_VIX,dlog_SOLVPN,d_VIX,0.20237477796602027,0.14591360858258406,0.056461169383436205,1,2023-10-31,2024-07-16,140.0
2023-11-29,dlog_SOLVPN__d_VIX,dlog_SOLVPN,d_VIX,0.19596614085207592,0.1389423145675971,0.05702382628447883,1,2023-10-31,2024-07-16,140.0
2023-11-30,dlog_SOLVPN__d_VIX,dlog_SOLVPN,d_VIX,0.20392980007801434,0.1377357340721443,0.06619406600587005,1,2023-10-31,2024-07-16,140.0
2023-12-04,dlog_SOLVPN__d_VIX,dlog_SOLVPN,d_VIX,0.19576441321355342,0.14646634790838697,0.04929806530516645,1,2023-10-31,2024-07-16,140.0
2023-12-05,dlog_SOLVPN__d_VIX,dlog_SOLVPN,d_VIX,0.19571005176775438,0.13920366967553857,0.05650638209221581,1,2023-10-31,2024-07-16,140.0
2023-12-06,dlog_SOLVPN__d_VIX,dlog_SOLVPN,d_VIX,0.19610498545219288,0.14968278319742576,0.04642220225476712,1,2023-10-31,2024-07-16,140.0
2023-12-07,dlog_SOLVPN__d_VIX,dlog_SOLVPN,d_VIX,0.2004817094959145,0.1499167051600197,0.05056500433589481,1,2023-10-31,2024-07-16,140.0
2023-12-11,dlog_SOLVPN__d_VIX,dlog_SOLVPN,d_VIX,0.20183731143571892,0.15255588616904117,0.04928142526667775,1,2023-10-31,2024-07-16,140.0
2023-12-12,dlog_SOLVPN__d_VIX,dlog_SOLVPN,d_VIX,0.19427538389578544,0.1533000370589103,0.04097534683687515,1,2023-10-31,2024-07-16,140.0
2023-12-13,dlog_SOLVPN__d_VIX,dlog_SOLVPN,d_VIX,0.19098478090326737,0.13083351297964121,0.060151267923626156,1,2023-10-31,2024-07-16,140.0
2023-12-14,dlog_SOLVPN__d_VIX,dlog_SOLVPN,d_VIX,0.19626806873618213,0.12060438219609194,0.07566368654009019,1,2023-10-31,2024-07-16,140.0
2023-12-18,dlog_SOLVPN__d_VIX,dlog_SOLVPN,d_VIX,0.19021928380563038,0.1383169661257078,0.051902317679922594,1,2023-10-31,2024-07-16,140.0
2023-12-19,dlog_SOLVPN__d_VIX,dlog_SOLVPN,d_VIX,0.1891340915555578,0.1383718255131231,0.050762266042434695,1,2023-10-31,2024-07-16,140.0
2023-12-20,dlog_SOLVPN__d_VIX,dlog_SOLVPN,d_VIX,0.20589446876240067,0.14159514895963315,0.06429931980276751,1,2023-10-31,2024-07-16,140.0
2023-12-21,dlog_SOLVPN__d_VIX,dlog_SOLVPN,d_VIX,0.18964846439366723,0.13661479242269498,0.05303367197097225,1,2023-10-31,2024-07-16,140.0
2023-12-26,dlog_SOLVPN__d_VIX,dlog_SOLVPN,d_VIX,0.19394534451580991,0.13963253042475351,0.0543128140910564,1,2023-10-31,2024-07-16,140.0
2023-12-27,dlog_SOLVPN__d_VIX,dlog_SOLVPN,d_VIX,0.19843153456418253,0.15190265160540695,0.04652888295877558,1,2023-10-31,2024-07-16,140.0
2023-12-28,dlog_SOLVPN__d_VIX,dlog_SOLVPN,d_VIX,0.2041885907096522,0.1556685984939964,0.04851999221565581,1,2023-10-31,2024-07-16,140.0
2024-01-02,dlog_SOLVPN__d_VIX,dlog_SOLVPN,d_VIX,0.20226775411247347,0.15371935839991588,0.04854839571255759,1,2023-10-31,2024-07-16,140.0
2024-01-03,dlog_SOLVPN__d_VIX,dlog_SOLVPN,d_VIX,0.20382670944552347,0.15246025635419938,0.051366453091324094,1,2023-10-31,2024-07-16,140.0
2024-01-04,dlog_SOLVPN__d_VIX,dlog_SOLVPN,d_VIX,0.20004811181249113,0.15114200756894536,0.04890610424354577,1,2023-10-31,2024-07-16,140.0
2024-01-08,dlog_SOLVPN__d_VIX,dlog_SOLVPN,d_VIX,0.2020162662133355,0.16627145723406042,0.03574480897927507,1,2023-10-31,2024-07-16,140.0
2024-01-09,dlog_SOLVPN__d_VIX,dlog_SOLVPN,d_VIX,0.20680627664428627,0.14241421772060509,0.06439205892368119,1,2023-10-31,2024-07-16,140.0
2024-01-10,dlog_SOLVPN__d_VIX,dlog_SOLVPN,d_VIX,0.20345553246196185,0.1439690421768175,0.059486490285144356,1,2023-10-31,2024-07-16,140.0
2024-01-11,dlog_SOLVPN__d_VIX,dlog_SOLVPN,d_VIX,0.1958657975952035,0.13654104331568534,0.059324754279518166,1,2023-10-31,2024-07-16,140.0
2024-01-16,dlog_SOLVPN__d_VIX,dlog_SOLVPN,d_VIX,0.0507423472285719,0.019684542437074022,0.031057804791497876,1,2023-10-31,2024-07-16,140.0
2024-01-17,dlog_SOLVPN__d_VIX,dlog_SOLVPN,d_VIX,0.17189682720134344,0.14073374570806033,0.031163081493283118,1,2023-10-31,2024-07-16,140.0
2024-01-18,dlog_SOLVPN__d_VIX,dlog_SOLVPN,d_VIX,0.11896211265018394,0.1280497039583757,-0.009087591308191756,1,2023-10-31,2024-07-16,140.0
2024-01-22,dlog_SOLVPN__d_VIX,dlog_SOLVPN,d_VIX,0.16357176430072662,0.15303900732864556,0.010532756972081059,1,2023-10-31,2024-07-16,140.0
2024-01-23,dlog_SOLVPN__d_VIX,dlog_SOLVPN,d_VIX,0.18422862097807421,0.15536739153542994,0.02886122944264427,1,2023-10-31,2024-07-16,140.0
2024-01-24,dlog_SOLVPN__d_VIX,dlog_SOLVPN,d_VIX,0.1775162585052267,0.15003438008381678,0.027481878421409922,1,2023-10-31,2024-07-16,140.0
2024-01-25,dlog_SOLVPN__d_VIX,dlog_SOLVPN,d_VIX,0.16381326763756088,0.12294640967262903,0.04086685796493185,1,2023-10-31,2024-07-16,140.0
2024-01-29,dlog_SOLVPN__d_VIX,dlog_SOLVPN,d_VIX,0.1385604504849713,0.10715159428487558,0.0314088562000957,1,2023-10-31,2024-07-16,140.0
2024-01-30,dlog_SOLVPN__d_VIX,dlog_SOLVPN,d_VIX,0.13580801134202744,0.10169555735619716,0.03411245398583028,1,2023-10-31,2024-07-16,140.0
2024-01-31,dlog_SOLVPN__d_VIX,dlog_SOLVPN,d_VIX,0.14436043605615942,0.10662487724386176,0.03773555881229766,1,2023-10-31,2024-07-16,140.0
2024-02-01,dlog_SOLVPN__d_VIX,dlog_SOLVPN,d_VIX,0.1584635078301846,0.11770793656504179,0.0407555712651428,1,2023-10-31,2024-07-16,140.0
2024-02-05,dlog_SOLVPN__d_VIX,dlog_SOLVPN,d_VIX,0.1382738943520982,0.11833604454552044,0.019937849806577757,1,2023-10-31,2024-07-16,140.0
2024-02-06,dlog_SOLVPN__d_VIX,dlog_SOLVPN,d_VIX,0.12042253342888402,0.11609929939275997,0.004323234036124057,1,2023-10-31,2024-07-16,140.0
2024-02-07,dlog_SOLVPN__d_VIX,dlog_SOLVPN,d_VIX,0.134363726960953,0.11791153776064671,0.01645218920030629,1,2023-10-31,2024-07-16,140.0
2024-02-08,dlog_SOLVPN__d_VIX,dlog_SOLVPN,d_VIX,0.12869489037733148,0.12173847150512124,0.0069564188722102405,1,2023-10-31,2024-07-16,140.0
2024-02-12,dlog_SOLVPN__d_VIX,dlog_SOLVPN,d_VIX,0.10537217536750151,0.11565458419213914,-0.010282408824637629,1,2023-10-31,2024-07-16,140.0
2024-02-13,dlog_SOLVPN__d_VIX,dlog_SOLVPN,d_VIX,0.12252345145906511,0.14338591570237694,-0.020862464243311826,1,2023-10-31,2024-07-16,140.0
2024-02-14,dlog_SOLVPN__d_VIX,dlog_SOLVPN,d_VIX,0.17464496395253165,0.12215842940707808,0.05248653454545357,1,2023-10-31,2024-07-16,140.0
2024-02-15,dlog_SOLVPN__d_VIX,dlog_SOLVPN,d_VIX,0.15774478199530492,0.13710822987722288,0.020636552118082047,1,2023-10-31,2024-07-16,140.0
2024-02-20,dlog_SOLVPN__d_VIX,dlog_SOLVPN,d_VIX,0.1511794258056101,0.14537035111921037,0.00580907468639974,1,2023-10-31,2024-07-16,140.0
2024-02-21,dlog_SOLVPN__d_VIX,dlog_SOLVPN,d_VIX,0.15155454852581238,0.14607956665674507,0.005474981869067308,1,2023-10-31,2024-07-16,140.0
2024-02-22,dlog_SOLVPN__d_VIX,dlog_SOLVPN,d_VIX,0.14724127099945652,0.14317121125472665,0.004070059744729876,1,2023-10-31,2024-07-16,140.0
2024-02-26,dlog_SOLVPN__d_VIX,dlog_SOLVPN,d_VIX,0.14474762452746,0.1354552247711588,0.009292399756301223,1,2023-10-31,2024-07-16,140.0
2024-02-27,dlog_SOLVPN__d_VIX,dlog_SOLVPN,d_VIX,0.14471329084715018,0.14131712421092268,0.0033961666362274934,1,2023-10-31,2024-07-16,140.0
2024-02-28,dlog_SOLVPN__d_VIX,dlog_SOLVPN,d_VIX,0.1298536129923706,0.12427992963810797,0.005573683354262643,1,2023-10-31,2024-07-16,140.0
2024-02-29,dlog_SOLVPN__d_VIX,dlog_SOLVPN,d_VIX,0.12475727367997909,0.142781847624242,-0.01802457394426292,1,2023-10-31,2024-07-16,140.0
2024-03-04,dlog_SOLVPN__d_VIX,dlog_SOLVPN,d_VIX,0.11733552939968414,0.12928634491691668,-0.011950815517232538,1,2023-10-31,2024-07-16,140.0
2024-03-05,dlog_SOLVPN__d_VIX,dlog_SOLVPN,d_VIX,0.11355739939454429,0.13877104051685613,-0.025213641122311836,1,2023-10-31,2024-07-16,140.0
2024-03-06,dlog_SOLVPN__d_VIX,dlog_SOLVPN,d_VIX,0.10896665727837845,0.1262604159841023,-0.017293758705723833,1,2023-10-31,2024-07-16,140.0
2024-03-07,dlog_SOLVPN__d_VIX,dlog_SOLVPN,d_VIX,0.10023835272870515,0.1352527585164977,-0.03501440578779255,1,2023-10-31,2024-07-16,140.0
2024-03-11,dlog_SOLVPN__d_VIX,dlog_SOLVPN,d_VIX,0.1018444846390548,0.1360897686262022,-0.03424528398714741,1,2023-10-31,2024-07-16,140.0
2024-03-12,dlog_SOLVPN__d_VIX,dlog_SOLVPN,d_VIX,0.15696038018331232,0.13545729364120523,0.021503086542107086,1,2023-10-31,2024-07-16,140.0
2024-03-13,dlog_SOLVPN__d_VIX,dlog_SOLVPN,d_VIX,0.13516595919152488,0.14237177481629512,-0.00720581562477024,1,2023-10-31,2024-07-16,140.0
2024-03-14,dlog_SOLVPN__d_VIX,dlog_SOLVPN,d_VIX,0.16733850256717644,0.13748722574515024,0.029851276822026207,1,2023-10-31,2024-07-16,140.0
2024-03-18,dlog_SOLVPN__d_VIX,dlog_SOLVPN,d_VIX,0.16417452847554653,0.13890730546976576,0.02526722300578077,1,2023-10-31,2024-07-16,140.0
2024-03-19,dlog_SOLVPN__d_VIX,dlog_SOLVPN,d_VIX,0.1289310863509248,0.10913379494514246,0.019797291405782333,1,2023-10-31,2024-07-16,140.0
2024-03-20,dlog_SOLVPN__d_VIX,dlog_SOLVPN,d_VIX,0.13892150591568828,0.09374820638754475,0.04517329952814353,1,2023-10-31,2024-07-16,140.0
2024-03-21,dlog_SOLVPN__d_VIX,dlog_SOLVPN,d_VIX,0.13271065438092036,0.101337993932361,0.03137266044855937,1,2023-10-31,2024-07-16,140.0
2024-03-25,dlog_SOLVPN__d_VIX,dlog_SOLVPN,d_VIX,0.13242805120250958,0.09767575393192507,0.034752297270584515,1,2023-10-31,2024-07-16,140.0
2024-03-26,dlog_SOLVPN__d_VIX,dlog_SOLVPN,d_VIX,0.1278559824087737,0.09029970047536864,0.037556281933405045,1,2023-10-31,2024-07-16,140.0
2024-03-27,dlog_SOLVPN__d_VIX,dlog_SOLVPN,d_VIX,0.1269302939027781,0.08478286783338049,0.042147426069397614,1,2023-10-31,2024-07-16,140.0
2024-04-01,dlog_SOLVPN__d_VIX,dlog_SOLVPN,d_VIX,0.14771662395447477,0.09104830322436648,0.05666832073010829,1,2023-10-31,2024-07-16,140.0
2024-04-02,dlog_SOLVPN__d_VIX,dlog_SOLVPN,d_VIX,0.08702015733023964,0.10117515657518736,-0.014154999244947716,1,2023-10-31,2024-07-16,140.0
2024-04-03,dlog_SOLVPN__d_VIX,dlog_SOLVPN,d_VIX,0.12472581506003527,0.09852568982227403,0.026200125237761246,1,2023-10-31,2024-07-16,140.0
2024-04-04,dlog_SOLVPN__d_VIX,dlog_SOLVPN,d_VIX,0.14507809126816468,0.08958440894499274,0.055493682323171936,1,2023-10-31,2024-07-16,140.0
2024-04-08,dlog_SOLVPN__d_VIX,dlog_SOLVPN,d_VIX,0.14862367067970692,0.08290197218245433,0.06572169849725258,1,2023-10-31,2024-07-16,140.0
2024-04-09,dlog_SOLVPN__d_VIX,dlog_SOLVPN,d_VIX,0.1881521957205366,0.10630214098433845,0.08185005473619815,1,2023-10-31,2024-07-16,140.0
2024-04-10,dlog_SOLVPN__d_VIX,dlog_SOLVPN,d_VIX,0.20614442621899345,0.08043009256416074,0.1257143336548327,1,2023-10-31,2024-07-16,140.0
2024-04-11,dlog_SOLVPN__d_VIX,dlog_SOLVPN,d_VIX,0.21204192338261943,0.08267360816760974,0.1293683152150097,1,2023-10-31,2024-07-16,140.0
2024-04-15,dlog_SOLVPN__d_VIX,dlog_SOLVPN,d_VIX,0.20910549716570398,0.11708233639319826,0.09202316077250572,1,2023-10-31,2024-07-16,140.0
2024-04-16,dlog_SOLVPN__d_VIX,dlog_SOLVPN,d_VIX,0.2138431744266472,0.09817020445580577,0.11567296997084142,1,2023-10-31,2024-07-16,140.0
2024-04-17,dlog_SOLVPN__d_VIX,dlog_SOLVPN,d_VIX,0.22829400497292698,0.10202525568885998,0.126268749284067,1,2023-10-31,2024-07-16,140.0
2024-04-18,dlog_SOLVPN__d_VIX,dlog_SOLVPN,d_VIX,0.23014162634238836,0.10851353790986196,0.1216280884325264,1,2023-10-31,2024-07-16,140.0
2024-04-22,dlog_SOLVPN__d_VIX,dlog_SOLVPN,d_VIX,0.18489997075784048,0.11865517964525682,0.06624479111258366,1,2023-10-31,2024-07-16,140.0
2024-04-23,dlog_SOLVPN__d_VIX,dlog_SOLVPN,d_VIX,0.17703719286280345,0.11557278319810585,0.0614644096646976,1,2023-10-31,2024-07-16,140.0
2024-04-24,dlog_SOLVPN__d_VIX,dlog_SOLVPN,d_VIX,0.15654812957978853,0.12000011647168664,0.03654801310810189,1,2023-10-31,2024-07-16,140.0
2024-04-25,dlog_SOLVPN__d_VIX,dlog_SOLVPN,d_VIX,0.15875200812580265,0.11825145828093649,0.04050054984486616,1,2023-10-31,2024-07-16,140.0
2024-04-29,dlog_SOLVPN__d_VIX,dlog_SOLVPN,d_VIX,0.17495887344666955,0.11707420723975281,0.057884666206916735,1,2023-10-31,2024-07-16,140.0
2024-04-30,dlog_SOLVPN__d_VIX,dlog_SOLVPN,d_VIX,0.205018565368761,0.079875268932007,0.125143296436754,1,2023-10-31,2024-07-16,140.0
2024-05-01,dlog_SOLVPN__d_VIX,dlog_SOLVPN,d_VIX,0.22699353811270437,0.17763269551297786,0.04936084259972651,1,2023-10-31,2024-07-16,140.0
2024-05-02,dlog_SOLVPN__d_VIX,dlog_SOLVPN,d_VIX,0.2792569993621136,0.1871802060673801,0.09207679329473353,1,2023-10-31,2024-07-16,140.0
2024-05-06,dlog_SOLVPN__d_VIX,dlog_SOLVPN,d_VIX,0.2553469448886717,0.18487007200100386,0.07047687288766785,1,2023-10-31,2024-07-16,140.0
2024-05-07,dlog_SOLVPN__d_VIX,dlog_SOLVPN,d_VIX,0.27346403943128417,0.2029501954479728,0.07051384398331137,1,2023-10-31,2024-07-16,140.0
2024-05-08,dlog_SOLVPN__d_VIX,dlog_SOLVPN,d_VIX,0.25947656649367346,0.1948895047393635,0.06458706175430995,1,2023-10-31,2024-07-16,140.0
2024-05-09,dlog_SOLVPN__d_VIX,dlog_SOLVPN,d_VIX,0.258522413817321,0.19209736939527486,0.06642504442204614,1,2023-10-31,2024-07-16,140.0
2024-05-13,dlog_SOLVPN__d_VIX,dlog_SOLVPN,d_VIX,0.26061914624341015,0.18668431858827775,0.0739348276551324,1,2023-10-31,2024-07-16,140.0
2024-05-14,dlog_SOLVPN__d_VIX,dlog_SOLVPN,d_VIX,0.2584939039700315,0.17592989722458016,0.08256400674545136,1,2023-10-31,2024-07-16,140.0
2024-05-15,dlog_SOLVPN__d_VIX,dlog_SOLVPN,d_VIX,0.2571070242690967,0.1631473342653689,0.09395969000372781,1,2023-10-31,2024-07-16,140.0
2024-05-16,dlog_SOLVPN__d_VIX,dlog_SOLVPN,d_VIX,0.22685695301982567,0.15291883802736914,0.07393811499245653,1,2023-10-31,2024-07-16,140.0
2024-05-20,dlog_SOLVPN__d_VIX,dlog_SOLVPN,d_VIX,0.20948687190786494,0.15810214660234478,0.05138472530552016,1,2023-10-31,2024-07-16,140.0
2024-05-21,dlog_SOLVPN__d_VIX,dlog_SOLVPN,d_VIX,0.19393737963479524,0.14758914931811415,0.04634823031668109,1,2023-10-31,2024-07-16,140.0
2024-05-22,dlog_SOLVPN__d_VIX,dlog_SOLVPN,d_VIX,0.19212756931399677,0.13451419334404927,0.057613375969947506,1,2023-10-31,2024-07-16,140.0
2024-05-23,dlog_SOLVPN__d_VIX,dlog_SOLVPN,d_VIX,0.1920698455881143,0.14611424613685994,0.04595559945125435,1,2023-10-31,2024-07-16,140.0
2024-05-28,dlog_SOLVPN__d_VIX,dlog_SOLVPN,d_VIX,0.16829737154694974,0.14173250518841488,0.02656486635853486,1,2023-10-31,2024-07-16,140.0
2024-05-29,dlog_SOLVPN__d_VIX,dlog_SOLVPN,d_VIX,0.14375395676736158,0.15614202053376997,-0.012388063766408386,1,2023-10-31,2024-07-16,140.0
2024-05-30,dlog_SOLVPN__d_VIX,dlog_SOLVPN,d_VIX,0.17792641953726934,0.16116161263786535,0.01676480689940399,1,2023-10-31,2024-07-16,140.0
2024-06-03,dlog_SOLVPN__d_VIX,dlog_SOLVPN,d_VIX,0.156123807909867,0.16326538355768036,-0.00714157564781337,1,2023-10-31,2024-07-16,140.0
2024-06-04,dlog_SOLVPN__d_VIX,dlog_SOLVPN,d_VIX,0.16809631073510717,0.14547610796150706,0.022620202773600107,1,2023-10-31,2024-07-16,140.0
2024-06-05,dlog_SOLVPN__d_VIX,dlog_SOLVPN,d_VIX,0.16836865299387857,0.14306235959232302,0.025306293401555546,1,2023-10-31,2024-07-16,140.0
2024-06-06,dlog_SOLVPN__d_VIX,dlog_SOLVPN,d_VIX,0.1721840376729741,0.1431656753681315,0.029018362304842615,1,2023-10-31,2024-07-16,140.0
2024-06-10,dlog_SOLVPN__d_VIX,dlog_SOLVPN,d_VIX,0.16156225151828596,0.13716063574896212,0.024401615769323842,1,2023-10-31,2024-07-16,140.0
2024-06-11,dlog_SOLVPN__d_VIX,dlog_SOLVPN,d_VIX,0.1650534382282074,0.1534677009093733,0.011585737318834083,1,2023-10-31,2024-07-16,140.0
2024-06-12,dlog_SOLVPN__d_VIX,dlog_SOLVPN,d_VIX,0.1534792461533351,0.15434912516303706,-0.0008698790097019515,1,2023-10-31,2024-07-16,140.0
2024-06-13,dlog_SOLVPN__d_VIX,dlog_SOLVPN,d_VIX,0.14666721940835314,0.1554038512403199,-0.008736631831966768,1,2023-10-31,2024-07-16,140.0
2024-06-17,dlog_SOLVPN__d_VIX,dlog_SOLVPN,d_VIX,0.1659039298092059,0.16365329957545785,0.002250630233748052,1,2023-10-31,2024-07-16,140.0
2024-06-18,dlog_SOLVPN__d_VIX,dlog_SOLVPN,d_VIX,0.18138406769197318,0.1616498245860887,0.01973424310588448,1,2023-10-31,2024-07-16,140.0
2024-06-20,dlog_SOLVPN__d_VIX,dlog_SOLVPN,d_VIX,0.22674360359666798,0.1738640253265003,0.052879578270167676,1,2023-10-31,2024-07-16,140.0
2024-06-24,dlog_SOLVPN__d_VIX,dlog_SOLVPN,d_VIX,0.22750243886815874,0.18316871575884508,0.04433372310931366,1,2023-10-31,2024-07-16,140.0
2024-06-25,dlog_SOLVPN__d_VIX,dlog_SOLVPN,d_VIX,0.21826024233955882,0.16539798022489952,0.0528622621146593,1,2023-10-31,2024-07-16,140.0
2024-06-26,dlog_SOLVPN__d_VIX,dlog_SOLVPN,d_VIX,0.215632647671319,0.1629779391822916,0.052654708489027424,1,2023-10-31,2024-07-16,140.0
2024-06-27,dlog_SOLVPN__d_VIX,dlog_SOLVPN,d_VIX,0.21470514678042232,0.15472764509622952,0.0599775016841928,1,2023-10-31,2024-07-16,140.0
2024-07-01,dlog_SOLVPN__d_VIX,dlog_SOLVPN,d_VIX,0.2108599840893419,0.1395230025001914,0.0713369815891505,1,2023-10-31,2024-07-16,140.0
2024-07-02,dlog_SOLVPN__d_VIX,dlog_SOLVPN,d_VIX,0.21312611479002042,0.1416737114236861,0.07145240336633432,1,2023-10-31,2024-07-16,140.0
2024-07-03,dlog_SOLVPN__d_VIX,dlog_SOLVPN,d_VIX,0.2084032120128756,0.13256246110137468,0.07584075091150091,1,2023-10-31,2024-07-16,140.0
2024-07-08,dlog_SOLVPN__d_VIX,dlog_SOLVPN,d_VIX,0.2132578086671464,0.12208000973871198,0.0911777989284344,1,2023-10-31,2024-07-16,140.0
2024-07-09,dlog_SOLVPN__d_VIX,dlog_SOLVPN,d_VIX,0.22307705048221876,0.13725893878350376,0.085818111698715,1,2023-10-31,2024-07-16,140.0
2024-07-10,dlog_SOLVPN__d_VIX,dlog_SOLVPN,d_VIX,0.20405081433132927,0.12854180760669107,0.0755090067246382,1,2023-10-31,2024-07-16,140.0
2024-07-11,dlog_SOLVPN__d_VIX,dlog_SOLVPN,d_VIX,0.20841148009019111,0.11170110450250081,0.0967103755876903,1,2023-10-31,2024-07-16,140.0
2024-07-15,dlog_SOLVPN__d_VIX,dlog_SOLVPN,d_VIX,0.18916470193803706,0.10917943339727894,0.07998526854075812,1,2023-10-31,2024-07-16,140.0
2024-07-16,dlog_SOLVPN__d_VIX,dlog_SOLVPN,d_VIX,0.177714421478627,0.10686931222810403,0.07084510925052298,1,2023-10-31,2024-07-16,140.0
2024-07-17,dlog_SOLVPN__d_VIX,dlog_SOLVPN,d_VIX,0.19543997419723946,0.14368757280703123,0.05175240139020823,2,2024-07-17,2025-04-15,145.0
2024-07-18,dlog_SOLVPN__d_VIX,dlog_SOLVPN,d_VIX,0.09230600653344809,0.20993812715004315,-0.11763212061659506,2,2024-07-17,2025-04-15,145.0
2024-07-22,dlog_SOLVPN__d_VIX,dlog_SOLVPN,d_VIX,0.1463615544985209,0.19575310752288938,-0.049391553024368484,2,2024-07-17,2025-04-15,145.0
2024-07-23,dlog_SOLVPN__d_VIX,dlog_SOLVPN,d_VIX,0.13831296193996845,0.16526853244512923,-0.026955570505160786,2,2024-07-17,2025-04-15,145.0
2024-07-24,dlog_SOLVPN__d_VIX,dlog_SOLVPN,d_VIX,0.11137126149987472,0.13287415300578917,-0.021502891505914445,2,2024-07-17,2025-04-15,145.0
2024-07-25,dlog_SOLVPN__d_VIX,dlog_SOLVPN,d_VIX,0.10946040620384084,0.13748036152475726,-0.028019955320916418,2,2024-07-17,2025-04-15,145.0
2024-07-29,dlog_SOLVPN__d_VIX,dlog_SOLVPN,d_VIX,0.10644183769386603,0.1381188684011922,-0.031677030707326165,2,2024-07-17,2025-04-15,145.0
2024-07-30,dlog_SOLVPN__d_VIX,dlog_SOLVPN,d_VIX,0.09699404724314781,0.13758828714957513,-0.040594239906427326,2,2024-07-17,2025-04-15,145.0
2024-07-31,dlog_SOLVPN__d_VIX,dlog_SOLVPN,d_VIX,0.1255083644153157,0.13216333820127815,-0.0066549737859624425,2,2024-07-17,2025-04-15,145.0
2024-08-01,dlog_SOLVPN__d_VIX,dlog_SOLVPN,d_VIX,0.17575835376870785,0.14454511677910975,0.031213236989598103,2,2024-07-17,2025-04-15,145.0
2024-08-05,dlog_SOLVPN__d_VIX,dlog_SOLVPN,d_VIX,0.0794602881840671,0.34888605171979664,-0.26942576353572956,2,2024-07-17,2025-04-15,145.0
2024-08-06,dlog_SOLVPN__d_VIX,dlog_SOLVPN,d_VIX,0.15710995088548474,0.17128377409185128,-0.014173823206366537,2,2024-07-17,2025-04-15,145.0
2024-08-07,dlog_SOLVPN__d_VIX,dlog_SOLVPN,d_VIX,0.15108154842942437,0.15929064379020233,-0.008209095360777963,2,2024-07-17,2025-04-15,145.0
2024-08-08,dlog_SOLVPN__d_VIX,dlog_SOLVPN,d_VIX,0.1514364420132148,0.16098699049577703,-0.009550548482562232,2,2024-07-17,2025-04-15,145.0
2024-08-12,dlog_SOLVPN__d_VIX,dlog_SOLVPN,d_VIX,0.14893680675565849,0.1632234909231325,-0.014286684167474029,2,2024-07-17,2025-04-15,145.0
2024-08-13,dlog_SOLVPN__d_VIX,dlog_SOLVPN,d_VIX,0.1499581066885954,0.15966457381010665,-0.009706467121511242,2,2024-07-17,2025-04-15,145.0
2024-08-14,dlog_SOLVPN__d_VIX,dlog_SOLVPN,d_VIX,0.16718245043485164,0.1657474656011806,0.0014349848336710491,2,2024-07-17,2025-04-15,145.0
2024-08-15,dlog_SOLVPN__d_VIX,dlog_SOLVPN,d_VIX,0.17138847223143405,0.17472055887099694,-0.0033320866395628868,2,2024-07-17,2025-04-15,145.0
2024-08-19,dlog_SOLVPN__d_VIX,dlog_SOLVPN,d_VIX,0.18125578785840651,0.18151023089989765,-0.00025444304149113695,2,2024-07-17,2025-04-15,145.0
2024-08-20,dlog_SOLVPN__d_VIX,dlog_SOLVPN,d_VIX,0.18444429559338069,0.18611846222459258,-0.001674166631211893,2,2024-07-17,2025-04-15,145.0
2024-08-21,dlog_SOLVPN__d_VIX,dlog_SOLVPN,d_VIX,0.1795729168350271,0.18349563294421942,-0.003922716109192315,2,2024-07-17,2025-04-15,145.0
2024-08-22,dlog_SOLVPN__d_VIX,dlog_SOLVPN,d_VIX,0.18349051415608003,0.19059832287124737,-0.007107808715167335,2,2024-07-17,2025-04-15,145.0
2024-08-26,dlog_SOLVPN__d_VIX,dlog_SOLVPN,d_VIX,0.1845547673834142,0.18579667075844644,-0.001241903375032244,2,2024-07-17,2025-04-15,145.0
2024-08-27,dlog_SOLVPN__d_VIX,dlog_SOLVPN,d_VIX,0.1990939851369601,0.21162957538140675,-0.012535590244446643,2,2024-07-17,2025-04-15,145.0
2024-08-28,dlog_SOLVPN__d_VIX,dlog_SOLVPN,d_VIX,0.1940056252048765,0.2012654386940282,-0.007259813489151695,2,2024-07-17,2025-04-15,145.0
2024-08-29,dlog_SOLVPN__d_VIX,dlog_SOLVPN,d_VIX,0.20104772206130733,0.20288989888587733,-0.0018421768245699965,2,2024-07-17,2025-04-15,145.0
2024-09-03,dlog_SOLVPN__d_VIX,dlog_SOLVPN,d_VIX,0.20447141723760195,0.21457860605857562,-0.010107188820973667,2,2024-07-17,2025-04-15,145.0
2024-09-04,dlog_SOLVPN__d_VIX,dlog_SOLVPN,d_VIX,0.2071900980725566,0.22059244349410723,-0.013402345421550638,2,2024-07-17,2025-04-15,145.0
2024-09-05,dlog_SOLVPN__d_VIX,dlog_SOLVPN,d_VIX,0.19842358780375813,0.20139062841108626,-0.0029670406073281363,2,2024-07-17,2025-04-15,145.0
2024-09-09,dlog_SOLVPN__d_VIX,dlog_SOLVPN,d_VIX,0.19345703096240563,0.20709967861862907,-0.013642647656223444,2,2024-07-17,2025-04-15,145.0
2024-09-10,dlog_SOLVPN__d_VIX,dlog_SOLVPN,d_VIX,0.18854441405946265,0.1979970447094251,-0.009452630649962462,2,2024-07-17,2025-04-15,145.0
2024-09-11,dlog_SOLVPN__d_VIX,dlog_SOLVPN,d_VIX,0.1860259648014241,0.19440382199160874,-0.008377857190184634,2,2024-07-17,2025-04-15,145.0
2024-09-12,dlog_SOLVPN__d_VIX,dlog_SOLVPN,d_VIX,0.18645200703491524,0.19947437469176613,-0.013022367656850886,2,2024-07-17,2025-04-15,145.0
2024-09-16,dlog_SOLVPN__d_VIX,dlog_SOLVPN,d_VIX,0.1856406546293004,0.18545394542326177,0.00018670920603863772,2,2024-07-17,2025-04-15,145.0
2024-09-17,dlog_SOLVPN__d_VIX,dlog_SOLVPN,d_VIX,0.18846638466541624,0.2048342894143658,-0.016367904748949558,2,2024-07-17,2025-04-15,145.0
2024-09-18,dlog_SOLVPN__d_VIX,dlog_SOLVPN,d_VIX,0.19101003181027634,0.21806866379077428,-0.027058631980497933,2,2024-07-17,2025-04-15,145.0
2024-09-19,dlog_SOLVPN__d_VIX,dlog_SOLVPN,d_VIX,0.18471131608101382,0.20985546759036097,-0.02514415150934715,2,2024-07-17,2025-04-15,145.0
2024-09-23,dlog_SOLVPN__d_VIX,dlog_SOLVPN,d_VIX,0.18671398705989062,0.22000524586938053,-0.03329125880948991,2,2024-07-17,2025-04-15,145.0
2024-09-24,dlog_SOLVPN__d_VIX,dlog_SOLVPN,d_VIX,0.17974326852412556,0.15784737364727328,0.021895894876852284,2,2024-07-17,2025-04-15,145.0
2024-09-25,dlog_SOLVPN__d_VIX,dlog_SOLVPN,d_VIX,0.17457075997869934,0.20329057385499694,-0.0287198138762976,2,2024-07-17,2025-04-15,145.0
2024-09-26,dlog_SOLVPN__d_VIX,dlog_SOLVPN,d_VIX,0.17690897582666595,0.20634437464931105,-0.029435398822645092,2,2024-07-17,2025-04-15,145.0
2024-09-30,dlog_SOLVPN__d_VIX,dlog_SOLVPN,d_VIX,0.17691775912700566,0.2086209149122143,-0.03170315578520863,2,2024-07-17,2025-04-15,145.0
2024-10-01,dlog_SOLVPN__d_VIX,dlog_SOLVPN,d_VIX,0.17904649588731067,0.20444513515879165,-0.025398639271480977,2,2024-07-17,2025-04-15,145.0
2024-10-02,dlog_SOLVPN__d_VIX,dlog_SOLVPN,d_VIX,0.176292197776911,0.20079243016019907,-0.02450023238328808,2,2024-07-17,2025-04-15,145.0
2024-10-03,dlog_SOLVPN__d_VIX,dlog_SOLVPN,d_VIX,0.17335442351883126,0.18574840409411383,-0.01239398057528257,2,2024-07-17,2025-04-15,145.0
2024-10-07,dlog_SOLVPN__d_VIX,dlog_SOLVPN,d_VIX,0.14662243909431866,0.19108291445250636,-0.0444604753581877,2,2024-07-17,2025-04-15,145.0
2024-10-08,dlog_SOLVPN__d_VIX,dlog_SOLVPN,d_VIX,0.1439118902561446,0.17366744625207395,-0.029755555995929356,2,2024-07-17,2025-04-15,145.0
2024-10-09,dlog_SOLVPN__d_VIX,dlog_SOLVPN,d_VIX,0.14171631450110203,0.16919595957873435,-0.027479645077632314,2,2024-07-17,2025-04-15,145.0
2024-10-10,dlog_SOLVPN__d_VIX,dlog_SOLVPN,d_VIX,0.14829911908302493,0.1732456576178952,-0.024946538534870277,2,2024-07-17,2025-04-15,145.0
2024-10-15,dlog_SOLVPN__d_VIX,dlog_SOLVPN,d_VIX,0.15122250326185555,0.17060264084130067,-0.019380137579445122,2,2024-07-17,2025-04-15,145.0
2024-10-16,dlog_SOLVPN__d_VIX,dlog_SOLVPN,d_VIX,0.15216806098312796,0.16693906145378581,-0.014771000470657852,2,2024-07-17,2025-04-15,145.0
2024-10-17,dlog_SOLVPN__d_VIX,dlog_SOLVPN,d_VIX,0.14479172744907962,0.15572662730337175,-0.010934899854292135,2,2024-07-17,2025-04-15,145.0
2024-10-21,dlog_SOLVPN__d_VIX,dlog_SOLVPN,d_VIX,0.1446254723604757,0.15392398972895516,-0.009298517368479448,2,2024-07-17,2025-04-15,145.0
2024-10-22,dlog_SOLVPN__d_VIX,dlog_SOLVPN,d_VIX,0.16741823234380984,0.16286077579515157,0.004557456548658273,2,2024-07-17,2025-04-15,145.0
2024-10-23,dlog_SOLVPN__d_VIX,dlog_SOLVPN,d_VIX,0.1679551300254906,0.1639492308067541,0.004005899218736481,2,2024-07-17,2025-04-15,145.0
2024-10-24,dlog_SOLVPN__d_VIX,dlog_SOLVPN,d_VIX,0.1688302336561035,0.15833872109528688,0.010491512560816624,2,2024-07-17,2025-04-15,145.0
2024-10-28,dlog_SOLVPN__d_VIX,dlog_SOLVPN,d_VIX,0.16522263418618952,0.16279861719848715,0.0024240169877023654,2,2024-07-17,2025-04-15,145.0
2024-10-29,dlog_SOLVPN__d_VIX,dlog_SOLVPN,d_VIX,0.162478355811154,0.16420298286135163,-0.0017246270501976302,2,2024-07-17,2025-04-15,145.0
2024-10-30,dlog_SOLVPN__d_VIX,dlog_SOLVPN,d_VIX,0.15896028942268894,0.15765973389122426,0.0013005555314646866,2,2024-07-17,2025-04-15,145.0
2024-10-31,dlog_SOLVPN__d_VIX,dlog_SOLVPN,d_VIX,0.16441954386194504,0.17423833962128957,-0.009818795759344523,2,2024-07-17,2025-04-15,145.0
2024-11-04,dlog_SOLVPN__d_VIX,dlog_SOLVPN,d_VIX,0.1737799631634117,0.2059696464234441,-0.03218968326003238,2,2024-07-17,2025-04-15,145.0
2024-11-05,dlog_SOLVPN__d_VIX,dlog_SOLVPN,d_VIX,0.17584880095888586,0.2013050616349476,-0.025456260676061743,2,2024-07-17,2025-04-15,145.0
2024-11-06,dlog_SOLVPN__d_VIX,dlog_SOLVPN,d_VIX,0.14952822463964718,0.14054935348357994,0.008978871156067242,2,2024-07-17,2025-04-15,145.0
2024-11-07,dlog_SOLVPN__d_VIX,dlog_SOLVPN,d_VIX,0.21119932770520936,0.08642195879123375,0.1247773689139756,2,2024-07-17,2025-04-15,145.0
2024-11-12,dlog_SOLVPN__d_VIX,dlog_SOLVPN,d_VIX,0.18710566190619216,0.09660787284112589,0.09049778906506627,2,2024-07-17,2025-04-15,145.0
2024-11-13,dlog_SOLVPN__d_VIX,dlog_SOLVPN,d_VIX,0.18710307314749874,0.09325818105979113,0.09384489208770762,2,2024-07-17,2025-04-15,145.0
2024-11-14,dlog_SOLVPN__d_VIX,dlog_SOLVPN,d_VIX,0.19696694451510827,0.10266845357773115,0.09429849093737712,2,2024-07-17,2025-04-15,145.0
2024-11-18,dlog_SOLVPN__d_VIX,dlog_SOLVPN,d_VIX,0.19228773753288114,0.10197540075287452,0.09031233678000662,2,2024-07-17,2025-04-15,145.0
2024-11-19,dlog_SOLVPN__d_VIX,dlog_SOLVPN,d_VIX,0.13624805306394236,0.08640491489606252,0.049843138167879844,2,2024-07-17,2025-04-15,145.0
2024-11-20,dlog_SOLVPN__d_VIX,dlog_SOLVPN,d_VIX,0.13700175231716008,0.07908663613366627,0.057915116183493806,2,2024-07-17,2025-04-15,145.0
2024-11-21,dlog_SOLVPN__d_VIX,dlog_SOLVPN,d_VIX,0.12912644435407808,0.08844174160123751,0.04068470275284057,2,2024-07-17,2025-04-15,145.0
2024-11-25,dlog_SOLVPN__d_VIX,dlog_SOLVPN,d_VIX,0.11750868844644495,0.08371809748188344,0.03379059096456151,2,2024-07-17,2025-04-15,145.0
2024-11-26,dlog_SOLVPN__d_VIX,dlog_SOLVPN,d_VIX,0.14564022627876955,0.08331874840391211,0.06232147787485744,2,2024-07-17,2025-04-15,145.0
2024-11-27,dlog_SOLVPN__d_VIX,dlog_SOLVPN,d_VIX,0.1470412256568914,0.08645668503083948,0.060584540626051925,2,2024-07-17,2025-04-15,145.0
2024-12-02,dlog_SOLVPN__d_VIX,dlog_SOLVPN,d_VIX,0.1505538099553372,0.08268463624023721,0.0678691737151,2,2024-07-17,2025-04-15,145.0
2024-12-03,dlog_SOLVPN__d_VIX,dlog_SOLVPN,d_VIX,0.15450226320171312,0.09272465463554348,0.06177760856616964,2,2024-07-17,2025-04-15,145.0
2024-12-04,dlog_SOLVPN__d_VIX,dlog_SOLVPN,d_VIX,0.151989245419929,0.09331989428593755,0.05866935113399145,2,2024-07-17,2025-04-15,145.0
2024-12-05,dlog_SOLVPN__d_VIX,dlog_SOLVPN,d_VIX,0.1657974408354114,0.09850756651991704,0.06728987431549435,2,2024-07-17,2025-04-15,145.0
2024-12-09,dlog_SOLVPN__d_VIX,dlog_SOLVPN,d_VIX,0.16837004630179986,0.09330457972709733,0.07506546657470253,2,2024-07-17,2025-04-15,145.0
2024-12-10,dlog_SOLVPN__d_VIX,dlog_SOLVPN,d_VIX,0.15668556779646103,0.07507385429627912,0.08161171350018191,2,2024-07-17,2025-04-15,145.0
2024-12-11,dlog_SOLVPN__d_VIX,dlog_SOLVPN,d_VIX,0.13690601501253416,0.07612513336374355,0.06078088164879061,2,2024-07-17,2025-04-15,145.0
2024-12-12,dlog_SOLVPN__d_VIX,dlog_SOLVPN,d_VIX,0.1402258044341514,0.07940708975759939,0.060818714676552005,2,2024-07-17,2025-04-15,145.0
2024-12-16,dlog_SOLVPN__d_VIX,dlog_SOLVPN,d_VIX,0.15791595828881913,0.09814823317892074,0.05976772510989839,2,2024-07-17,2025-04-15,145.0
2024-12-17,dlog_SOLVPN__d_VIX,dlog_SOLVPN,d_VIX,0.16439605487204903,0.099593659837324,0.06480239503472503,2,2024-07-17,2025-04-15,145.0
2024-12-18,dlog_SOLVPN__d_VIX,dlog_SOLVPN,d_VIX,0.26722469992892023,0.2748097722409105,-0.007585072311990293,2,2024-07-17,2025-04-15,145.0
2024-12-19,dlog_SOLVPN__d_VIX,dlog_SOLVPN,d_VIX,0.23073401968588522,0.21615327528539047,0.014580744400494755,2,2024-07-17,2025-04-15,145.0
2024-12-23,dlog_SOLVPN__d_VIX,dlog_SOLVPN,d_VIX,0.21890159772845702,0.1971383741668552,0.02176322356160182,2,2024-07-17,2025-04-15,145.0
2024-12-26,dlog_SOLVPN__d_VIX,dlog_SOLVPN,d_VIX,0.22673291335252602,0.20126535156342906,0.025467561789096954,2,2024-07-17,2025-04-15,145.0
2024-12-30,dlog_SOLVPN__d_VIX,dlog_SOLVPN,d_VIX,0.21969670585433101,0.19731311960318995,0.022383586251141063,2,2024-07-17,2025-04-15,145.0
2025-01-02,dlog_SOLVPN__d_VIX,dlog_SOLVPN,d_VIX,0.2047390722177771,0.18540025984084724,0.01933881237692986,2,2024-07-17,2025-04-15,145.0
2025-01-06,dlog_SOLVPN__d_VIX,dlog_SOLVPN,d_VIX,0.24888753701539384,0.20849476735542252,0.04039276965997132,2,2024-07-17,2025-04-15,145.0
2025-01-07,dlog_SOLVPN__d_VIX,dlog_SOLVPN,d_VIX,0.20394864051893913,0.2535025066513389,-0.04955386613239976,2,2024-07-17,2025-04-15,145.0
2025-01-08,dlog_SOLVPN__d_VIX,dlog_SOLVPN,d_VIX,0.1931081487264807,0.21559078621580324,-0.022482637489322554,2,2024-07-17,2025-04-15,145.0
2025-01-13,dlog_SOLVPN__d_VIX,dlog_SOLVPN,d_VIX,0.18821773704881858,0.1415216467226668,0.046696090326151796,2,2024-07-17,2025-04-15,145.0
2025-01-14,dlog_SOLVPN__d_VIX,dlog_SOLVPN,d_VIX,0.19228255565450408,0.1361784989630939,0.05610405669141019,2,2024-07-17,2025-04-15,145.0
2025-01-15,dlog_SOLVPN__d_VIX,dlog_SOLVPN,d_VIX,0.21524972306109064,0.15351072142768232,0.061739001633408314,2,2024-07-17,2025-04-15,145.0
2025-01-16,dlog_SOLVPN__d_VIX,dlog_SOLVPN,d_VIX,0.21289820943680288,0.13088730495501275,0.08201090448179013,2,2024-07-17,2025-04-15,145.0
2025-01-21,dlog_SOLVPN__d_VIX,dlog_SOLVPN,d_VIX,0.1917978277727075,0.09427852048613473,0.09751930728657278,2,2024-07-17,2025-04-15,145.0
2025-01-22,dlog_SOLVPN__d_VIX,dlog_SOLVPN,d_VIX,0.1810149361584756,0.10279583823093343,0.07821909792754218,2,2024-07-17,2025-04-15,145.0
2025-01-23,dlog_SOLVPN__d_VIX,dlog_SOLVPN,d_VIX,0.18343503606961062,0.10531457631511114,0.07812045975449948,2,2024-07-17,2025-04-15,145.0
2025-01-27,dlog_SOLVPN__d_VIX,dlog_SOLVPN,d_VIX,0.20343078756040262,0.08203782527117068,0.12139296228923194,2,2024-07-17,2025-04-15,145.0
2025-01-28,dlog_SOLVPN__d_VIX,dlog_SOLVPN,d_VIX,0.18553225171423757,0.07214497873485357,0.113387272979384,2,2024-07-17,2025-04-15,145.0
2025-01-29,dlog_SOLVPN__d_VIX,dlog_SOLVPN,d_VIX,0.1962360632752781,0.080795358089596,0.1154407051856821,2,2024-07-17,2025-04-15,145.0
2025-01-30,dlog_SOLVPN__d_VIX,dlog_SOLVPN,d_VIX,0.19236932419480945,0.08184788346193249,0.11052144073287697,2,2024-07-17,2025-04-15,145.0
2025-02-03,dlog_SOLVPN__d_VIX,dlog_SOLVPN,d_VIX,0.1975609502134534,0.08774391179384339,0.10981703841961002,2,2024-07-17,2025-04-15,145.0
2025-02-04,dlog_SOLVPN__d_VIX,dlog_SOLVPN,d_VIX,0.22290894343828413,0.08840277433559314,0.13450616910269098,2,2024-07-17,2025-04-15,145.0
2025-02-05,dlog_SOLVPN__d_VIX,dlog_SOLVPN,d_VIX,0.1971240517433664,0.08634506628328918,0.11077898546007721,2,2024-07-17,2025-04-15,145.0
2025-02-06,dlog_SOLVPN__d_VIX,dlog_SOLVPN,d_VIX,0.2145071249808978,0.08698319283082032,0.12752393215007748,2,2024-07-17,2025-04-15,145.0
2025-02-10,dlog_SOLVPN__d_VIX,dlog_SOLVPN,d_VIX,0.20177046006818913,0.11737386291309324,0.0843965971550959,2,2024-07-17,2025-04-15,145.0
2025-02-11,dlog_SOLVPN__d_VIX,dlog_SOLVPN,d_VIX,0.1939958120963055,0.11932320576488487,0.07467260633142064,2,2024-07-17,2025-04-15,145.0
2025-02-12,dlog_SOLVPN__d_VIX,dlog_SOLVPN,d_VIX,0.1895093978930946,0.12194102536673371,0.06756837252636089,2,2024-07-17,2025-04-15,145.0
2025-02-13,dlog_SOLVPN__d_VIX,dlog_SOLVPN,d_VIX,0.1837357177576677,0.11552406096513815,0.06821165679252955,2,2024-07-17,2025-04-15,145.0
2025-02-18,dlog_SOLVPN__d_VIX,dlog_SOLVPN,d_VIX,0.18395289186539607,0.11179186772313852,0.07216102414225754,2,2024-07-17,2025-04-15,145.0
2025-02-19,dlog_SOLVPN__d_VIX,dlog_SOLVPN,d_VIX,0.18631378406712623,0.11636398864116101,0.06994979542596522,2,2024-07-17,2025-04-15,145.0
2025-02-20,dlog_SOLVPN__d_VIX,dlog_SOLVPN,d_VIX,0.16893841605867285,0.09471392401425871,0.07422449204441414,2,2024-07-17,2025-04-15,145.0
2025-02-24,dlog_SOLVPN__d_VIX,dlog_SOLVPN,d_VIX,0.15353134167882604,0.06874952580558637,0.08478181587323967,2,2024-07-17,2025-04-15,145.0
2025-02-25,dlog_SOLVPN__d_VIX,dlog_SOLVPN,d_VIX,0.14045412952515998,0.07193834442187139,0.0685157851032886,2,2024-07-17,2025-04-15,145.0
2025-02-26,dlog_SOLVPN__d_VIX,dlog_SOLVPN,d_VIX,0.13889067915700629,0.06939567312233182,0.06949500603467447,2,2024-07-17,2025-04-15,145.0
2025-02-27,dlog_SOLVPN__d_VIX,dlog_SOLVPN,d_VIX,0.1496758834025772,0.07834592302706556,0.07132996037551165,2,2024-07-17,2025-04-15,145.0
2025-03-03,dlog_SOLVPN__d_VIX,dlog_SOLVPN,d_VIX,0.16955185513157395,0.12738040051897281,0.042171454612601134,2,2024-07-17,2025-04-15,145.0
2025-03-04,dlog_SOLVPN__d_VIX,dlog_SOLVPN,d_VIX,0.1656570494805061,0.1995703384040612,-0.03391328892355508,2,2024-07-17,2025-04-15,145.0
2025-03-05,dlog_SOLVPN__d_VIX,dlog_SOLVPN,d_VIX,0.16244467658090703,0.19551623645084026,-0.03307155986993324,2,2024-07-17,2025-04-15,145.0
2025-03-06,dlog_SOLVPN__d_VIX,dlog_SOLVPN,d_VIX,0.17410204394382042,0.10699063429786279,0.06711140964595763,2,2024-07-17,2025-04-15,145.0
2025-03-10,dlog_SOLVPN__d_VIX,dlog_SOLVPN,d_VIX,0.19404131987542003,0.14378301825335643,0.0502583016220636,2,2024-07-17,2025-04-15,145.0
2025-03-11,dlog_SOLVPN__d_VIX,dlog_SOLVPN,d_VIX,0.18877602190027706,0.12529988458571753,0.06347613731455953,2,2024-07-17,2025-04-15,145.0
2025-03-12,dlog_SOLVPN__d_VIX,dlog_SOLVPN,d_VIX,0.21317842106558316,0.11040928348766905,0.1027691375779141,2,2024-07-17,2025-04-15,145.0
2025-03-13,dlog_SOLVPN__d_VIX,dlog_SOLVPN,d_VIX,0.21881993093611612,0.11506373388872138,0.10375619704739475,2,2024-07-17,2025-04-15,145.0
2025-03-17,dlog_SOLVPN__d_VIX,dlog_SOLVPN,d_VIX,0.2264230298171377,0.12781896985241928,0.09860405996471841,2,2024-07-17,2025-04-15,145.0
2025-03-18,dlog_SOLVPN__d_VIX,dlog_SOLVPN,d_VIX,0.20907185089087552,0.13157686485581968,0.07749498603505584,2,2024-07-17,2025-04-15,145.0
2025-03-19,dlog_SOLVPN__d_VIX,dlog_SOLVPN,d_VIX,0.18010593064412617,0.10065725726586229,0.07944867337826388,2,2024-07-17,2025-04-15,145.0
2025-03-20,dlog_SOLVPN__d_VIX,dlog_SOLVPN,d_VIX,0.18123077084222358,0.10980907445286417,0.07142169638935941,2,2024-07-17,2025-04-15,145.0
2025-03-24,dlog_SOLVPN__d_VIX,dlog_SOLVPN,d_VIX,0.18991228188424625,0.11387946413114089,0.07603281775310536,2,2024-07-17,2025-04-15,145.0
2025-03-25,dlog_SOLVPN__d_VIX,dlog_SOLVPN,d_VIX,0.16389787174576348,0.12865695834959287,0.03524091339617061,2,2024-07-17,2025-04-15,145.0
2025-03-26,dlog_SOLVPN__d_VIX,dlog_SOLVPN,d_VIX,0.16347376561991928,0.13039538879921914,0.03307837682070014,2,2024-07-17,2025-04-15,145.0
2025-03-27,dlog_SOLVPN__d_VIX,dlog_SOLVPN,d_VIX,0.16678462814876033,0.13900618611256327,0.02777844203619706,2,2024-07-17,2025-04-15,145.0
2025-03-31,dlog_SOLVPN__d_VIX,dlog_SOLVPN,d_VIX,0.18931715341748687,0.1506840787713199,0.03863307464616697,2,2024-07-17,2025-04-15,145.0
2025-04-01,dlog_SOLVPN__d_VIX,dlog_SOLVPN,d_VIX,0.1918022023565548,0.153926012303499,0.037876190053055786,2,2024-07-17,2025-04-15,145.0
2025-04-02,dlog_SOLVPN__d_VIX,dlog_SOLVPN,d_VIX,0.1938645861244113,0.1530890556757175,0.04077553044869378,2,2024-07-17,2025-04-15,145.0
2025-04-03,dlog_SOLVPN__d_VIX,dlog_SOLVPN,d_VIX,0.0889976749267499,0.13769242662458706,-0.04869475169783716,2,2024-07-17,2025-04-15,145.0
2025-04-07,dlog_SOLVPN__d_VIX,dlog_SOLVPN,d_VIX,0.16368891179611153,0.14226745613974928,0.021421455656362248,2,2024-07-17,2025-04-15,145.0
2025-04-08,dlog_SOLVPN__d_VIX,dlog_SOLVPN,d_VIX,0.13422666620479992,0.15510485515101033,-0.020878188946210408,2,2024-07-17,2025-04-15,145.0
2025-04-09,dlog_SOLVPN__d_VIX,dlog_SOLVPN,d_VIX,0.23145417245070077,0.344420357889747,-0.11296618543904624,2,2024-07-17,2025-04-15,145.0
2025-04-10,dlog_SOLVPN__d_VIX,dlog_SOLVPN,d_VIX,0.1899050787476074,0.25281555347586143,-0.06291047472825403,2,2024-07-17,2025-04-15,145.0
2025-04-14,dlog_SOLVPN__d_VIX,dlog_SOLVPN,d_VIX,0.23479657898970144,0.20170032037156757,0.03309625861813387,2,2024-07-17,2025-04-15,145.0
2025-04-15,dlog_SOLVPN__d_VIX,dlog_SOLVPN,d_VIX,0.2218900427849313,0.20887876871120206,0.013011274073729234,2,2024-07-17,2025-04-15,145.0
2025-04-16,dlog_SOLVPN__d_VIX,dlog_SOLVPN,d_VIX,0.2402749015345548,0.22246720055258043,0.017807700981974373,3,2025-04-16,2026-01-06,141.0
2025-04-21,dlog_SOLVPN__d_VIX,dlog_SOLVPN,d_VIX,0.23905775365354986,0.2073799367250301,0.03167781692851976,3,2025-04-16,2026-01-06,141.0
2025-04-22,dlog_SOLVPN__d_VIX,dlog_SOLVPN,d_VIX,0.24116877577512388,0.2089241549255507,0.03224462084957319,3,2025-04-16,2026-01-06,141.0
2025-04-23,dlog_SOLVPN__d_VIX,dlog_SOLVPN,d_VIX,0.22826052734484922,0.2069888353621332,0.02127169198271603,3,2025-04-16,2026-01-06,141.0
2025-04-24,dlog_SOLVPN__d_VIX,dlog_SOLVPN,d_VIX,0.2241871217505662,0.19918773004911106,0.024999391701455154,3,2025-04-16,2026-01-06,141.0
2025-04-28,dlog_SOLVPN__d_VIX,dlog_SOLVPN,d_VIX,0.2420244301677128,0.2148930325253841,0.027131397642328692,3,2025-04-16,2026-01-06,141.0
2025-04-29,dlog_SOLVPN__d_VIX,dlog_SOLVPN,d_VIX,0.25043780982938835,0.21894678854136745,0.03149102128802089,3,2025-04-16,2026-01-06,141.0
2025-04-30,dlog_SOLVPN__d_VIX,dlog_SOLVPN,d_VIX,0.2583095168999494,0.22538308772783908,0.03292642917211033,3,2025-04-16,2026-01-06,141.0
2025-05-01,dlog_SOLVPN__d_VIX,dlog_SOLVPN,d_VIX,0.25380637967505826,0.2041633124232467,0.04964306725181156,3,2025-04-16,2026-01-06,141.0
2025-05-05,dlog_SOLVPN__d_VIX,dlog_SOLVPN,d_VIX,0.2510012225833862,0.23745610729729744,0.01354511528608876,3,2025-04-16,2026-01-06,141.0
2025-05-06,dlog_SOLVPN__d_VIX,dlog_SOLVPN,d_VIX,0.26444644260482764,0.2644443573077977,2.085297029941202e-06,3,2025-04-16,2026-01-06,141.0
2025-05-07,dlog_SOLVPN__d_VIX,dlog_SOLVPN,d_VIX,0.26914395409474834,0.2542373168313108,0.01490663726343755,3,2025-04-16,2026-01-06,141.0
2025-05-08,dlog_SOLVPN__d_VIX,dlog_SOLVPN,d_VIX,0.269629463747009,0.24717328745977502,0.02245617628723401,3,2025-04-16,2026-01-06,141.0
2025-05-12,dlog_SOLVPN__d_VIX,dlog_SOLVPN,d_VIX,0.26921826509591623,0.2575512247680524,0.011667040327863809,3,2025-04-16,2026-01-06,141.0
2025-05-13,dlog_SOLVPN__d_VIX,dlog_SOLVPN,d_VIX,0.2784970168803896,0.24935759413315853,0.029139422747231053,3,2025-04-16,2026-01-06,141.0
2025-05-14,dlog_SOLVPN__d_VIX,dlog_SOLVPN,d_VIX,0.2792730590500671,0.2455425600867907,0.0337304989632764,3,2025-04-16,2026-01-06,141.0
2025-05-15,dlog_SOLVPN__d_VIX,dlog_SOLVPN,d_VIX,0.2793435700446217,0.24127418362929995,0.03806938641532173,3,2025-04-16,2026-01-06,141.0
2025-05-19,dlog_SOLVPN__d_VIX,dlog_SOLVPN,d_VIX,0.2835916137409375,0.24679096353680086,0.03680065020413664,3,2025-04-16,2026-01-06,141.0
2025-05-20,dlog_SOLVPN__d_VIX,dlog_SOLVPN,d_VIX,0.2828151293857944,0.24173571430848304,0.04107941507731136,3,2025-04-16,2026-01-06,141.0
2025-05-21,dlog_SOLVPN__d_VIX,dlog_SOLVPN,d_VIX,0.2809332976438092,0.25918479868689714,0.021748498956912055,3,2025-04-16,2026-01-06,141.0
2025-05-22,dlog_SOLVPN__d_VIX,dlog_SOLVPN,d_VIX,0.27818800212584094,0.2747556178635289,0.003432384262312016,3,2025-04-16,2026-01-06,141.0
2025-05-27,dlog_SOLVPN__d_VIX,dlog_SOLVPN,d_VIX,0.26952584496567544,0.2870986704585383,-0.017572825492862876,3,2025-04-16,2026-01-06,141.0
2025-05-28,dlog_SOLVPN__d_VIX,dlog_SOLVPN,d_VIX,0.2562469384381229,0.2644632835771529,-0.008216345139029968,3,2025-04-16,2026-01-06,141.0
2025-05-29,dlog_SOLVPN__d_VIX,dlog_SOLVPN,d_VIX,0.24448319520828557,0.26509542047223067,-0.0206122252639451,3,2025-04-16,2026-01-06,141.0
2025-06-02,dlog_SOLVPN__d_VIX,dlog_SOLVPN,d_VIX,0.25082059103022436,0.2517441726743244,-0.0009235816441000577,3,2025-04-16,2026-01-06,141.0
2025-06-03,dlog_SOLVPN__d_VIX,dlog_SOLVPN,d_VIX,0.2460562987692362,0.24860677663234726,-0.0025504778631110503,3,2025-04-16,2026-01-06,141.0
2025-06-04,dlog_SOLVPN__d_VIX,dlog_SOLVPN,d_VIX,0.218127600939558,0.2806351283848357,-0.06250752744527768,3,2025-04-16,2026-01-06,141.0
2025-06-05,dlog_SOLVPN__d_VIX,dlog_SOLVPN,d_VIX,0.2255462892355202,0.28236609825667813,-0.056819809021157935,3,2025-04-16,2026-01-06,141.0
2025-06-09,dlog_SOLVPN__d_VIX,dlog_SOLVPN,d_VIX,0.23173709346914678,0.28084122354084734,-0.04910413007170056,3,2025-04-16,2026-01-06,141.0
2025-06-10,dlog_SOLVPN__d_VIX,dlog_SOLVPN,d_VIX,0.23338940700705368,0.26233272512119415,-0.02894331811414047,3,2025-04-16,2026-01-06,141.0
2025-06-11,dlog_SOLVPN__d_VIX,dlog_SOLVPN,d_VIX,0.22563195342060752,0.2529925717926419,-0.02736061837203438,3,2025-04-16,2026-01-06,141.0
2025-06-12,dlog_SOLVPN__d_VIX,dlog_SOLVPN,d_VIX,0.23744693235973668,0.2593635901128943,-0.021916657753157598,3,2025-04-16,2026-01-06,141.0
2025-06-16,dlog_SOLVPN__d_VIX,dlog_SOLVPN,d_VIX,0.25416173395291614,0.20600862750159063,0.048153106451325506,3,2025-04-16,2026-01-06,141.0
2025-06-17,dlog_SOLVPN__d_VIX,dlog_SOLVPN,d_VIX,0.2595930794121484,0.21197798942010423,0.04761508999204414,3,2025-04-16,2026-01-06,141.0
2025-06-18,dlog_SOLVPN__d_VIX,dlog_SOLVPN,d_VIX,0.25823449126981946,0.20787018904503549,0.05036430222478397,3,2025-04-16,2026-01-06,141.0
2025-06-23,dlog_SOLVPN__d_VIX,dlog_SOLVPN,d_VIX,0.26154081348863273,0.2045048551108802,0.05703595837775252,3,2025-04-16,2026-01-06,141.0
2025-06-24,dlog_SOLVPN__d_VIX,dlog_SOLVPN,d_VIX,0.3058234677246448,0.18584172136005606,0.11998174636458875,3,2025-04-16,2026-01-06,141.0
2025-06-25,dlog_SOLVPN__d_VIX,dlog_SOLVPN,d_VIX,0.25571559434756214,0.2223290005033195,0.03338659384424264,3,2025-04-16,2026-01-06,141.0
2025-06-26,dlog_SOLVPN__d_VIX,dlog_SOLVPN,d_VIX,0.2537912087231261,0.23322291987472782,0.020568288848398286,3,2025-04-16,2026-01-06,141.0
2025-06-30,dlog_SOLVPN__d_VIX,dlog_SOLVPN,d_VIX,0.2482771334219729,0.22052277739794518,0.027754356024027732,3,2025-04-16,2026-01-06,141.0
2025-07-01,dlog_SOLVPN__d_VIX,dlog_SOLVPN,d_VIX,0.24282437232579687,0.20228554071473806,0.04053883161105881,3,2025-04-16,2026-01-06,141.0
2025-07-02,dlog_SOLVPN__d_VIX,dlog_SOLVPN,d_VIX,0.23843992578683737,0.1952237654624657,0.04321616032437167,3,2025-04-16,2026-01-06,141.0
2025-07-03,dlog_SOLVPN__d_VIX,dlog_SOLVPN,d_VIX,0.2476746611910039,0.1874048595091393,0.060269801681864604,3,2025-04-16,2026-01-06,141.0
2025-07-07,dlog_SOLVPN__d_VIX,dlog_SOLVPN,d_VIX,0.23456118136977816,0.16789453862767897,0.06666664274209919,3,2025-04-16,2026-01-06,141.0
2025-07-08,dlog_SOLVPN__d_VIX,dlog_SOLVPN,d_VIX,0.22125324866783214,0.11988796772315771,0.10136528094467442,3,2025-04-16,2026-01-06,141.0
2025-07-09,dlog_SOLVPN__d_VIX,dlog_SOLVPN,d_VIX,0.22451707289083317,0.16964682981483986,0.05487024307599331,3,2025-04-16,2026-01-06,141.0
2025-07-10,dlog_SOLVPN__d_VIX,dlog_SOLVPN,d_VIX,0.2192445302873866,0.1698993819317191,0.0493451483556675,3,2025-04-16,2026-01-06,141.0
2025-07-14,dlog_SOLVPN__d_VIX,dlog_SOLVPN,d_VIX,0.2166387655361868,0.16612164986683794,0.050517115669348855,3,2025-04-16,2026-01-06,141.0
2025-07-15,dlog_SOLVPN__d_VIX,dlog_SOLVPN,d_VIX,0.212826854287977,0.15119270555149777,0.06163414873647924,3,2025-04-16,2026-01-06,141.0
2025-07-16,dlog_SOLVPN__d_VIX,dlog_SOLVPN,d_VIX,0.2228483683065109,0.18379684963494747,0.03905151867156342,3,2025-04-16,2026-01-06,141.0
2025-07-17,dlog_SOLVPN__d_VIX,dlog_SOLVPN,d_VIX,0.211872151343216,0.1825876839957461,0.029284467347469895,3,2025-04-16,2026-01-06,141.0
2025-07-21,dlog_SOLVPN__d_VIX,dlog_SOLVPN,d_VIX,0.21147014764465594,0.1744636081159639,0.03700653952869204,3,2025-04-16,2026-01-06,141.0
2025-07-22,dlog_SOLVPN__d_VIX,dlog_SOLVPN,d_VIX,0.20684081644764066,0.18072007781341723,0.026120738634223428,3,2025-04-16,2026-01-06,141.0
2025-07-23,dlog_SOLVPN__d_VIX,dlog_SOLVPN,d_VIX,0.20821239435439773,0.1677833627421542,0.04042903161224354,3,2025-04-16,2026-01-06,141.0
2025-07-24,dlog_SOLVPN__d_VIX,dlog_SOLVPN,d_VIX,0.19977444241079045,0.14807064116830312,0.05170380124248733,3,2025-04-16,2026-01-06,141.0
2025-07-28,dlog_SOLVPN__d_VIX,dlog_SOLVPN,d_VIX,0.18180388754290966,0.157187715144191,0.02461617239871866,3,2025-04-16,2026-01-06,141.0
2025-07-29,dlog_SOLVPN__d_VIX,dlog_SOLVPN,d_VIX,0.2056062860727292,0.1555640587925089,0.050042227280220314,3,2025-04-16,2026-01-06,141.0
2025-07-30,dlog_SOLVPN__d_VIX,dlog_SOLVPN,d_VIX,0.1885811053898443,0.14304571267911959,0.04553539271072471,3,2025-04-16,2026-01-06,141.0
2025-07-31,dlog_SOLVPN__d_VIX,dlog_SOLVPN,d_VIX,0.1002101048331625,0.10964388528577164,-0.009433780452609133,3,2025-04-16,2026-01-06,141.0
2025-08-04,dlog_SOLVPN__d_VIX,dlog_SOLVPN,d_VIX,0.19926053118906822,0.19763426652697677,0.0016262646620914534,3,2025-04-16,2026-01-06,141.0
2025-08-05,dlog_SOLVPN__d_VIX,dlog_SOLVPN,d_VIX,0.20290132705767655,0.23670898953443403,-0.03380766247675748,3,2025-04-16,2026-01-06,141.0
2025-08-06,dlog_SOLVPN__d_VIX,dlog_SOLVPN,d_VIX,0.1851018590552855,0.20864160270303767,-0.02353974364775216,3,2025-04-16,2026-01-06,141.0
2025-08-07,dlog_SOLVPN__d_VIX,dlog_SOLVPN,d_VIX,0.18457412898366615,0.1993940051155629,-0.014819876131896753,3,2025-04-16,2026-01-06,141.0
2025-08-11,dlog_SOLVPN__d_VIX,dlog_SOLVPN,d_VIX,0.1849727909996366,0.19679865533733537,-0.011825864337698777,3,2025-04-16,2026-01-06,141.0
2025-08-12,dlog_SOLVPN__d_VIX,dlog_SOLVPN,d_VIX,0.16998246141206616,0.20095749890648273,-0.030975037494416574,3,2025-04-16,2026-01-06,141.0
2025-08-13,dlog_SOLVPN__d_VIX,dlog_SOLVPN,d_VIX,0.18460641728507568,0.20878435827921335,-0.02417794099413767,3,2025-04-16,2026-01-06,141.0
2025-08-14,dlog_SOLVPN__d_VIX,dlog_SOLVPN,d_VIX,0.1898175343209812,0.20431951038721738,-0.014501976066236183,3,2025-04-16,2026-01-06,141.0
2025-08-18,dlog_SOLVPN__d_VIX,dlog_SOLVPN,d_VIX,0.20193972201923616,0.20557960756860538,-0.003639885549369226,3,2025-04-16,2026-01-06,141.0
2025-08-19,dlog_SOLVPN__d_VIX,dlog_SOLVPN,d_VIX,0.1979346072589492,0.2074803046438259,-0.009545697384876706,3,2025-04-16,2026-01-06,141.0
2025-08-20,dlog_SOLVPN__d_VIX,dlog_SOLVPN,d_VIX,0.21252956195061082,0.21955136230278505,-0.007021800352174229,3,2025-04-16,2026-01-06,141.0
2025-08-21,dlog_SOLVPN__d_VIX,dlog_SOLVPN,d_VIX,0.2082673621952103,0.2051162124304485,0.0031511497647618014,3,2025-04-16,2026-01-06,141.0
2025-08-25,dlog_SOLVPN__d_VIX,dlog_SOLVPN,d_VIX,0.21663872083740157,0.20678429901617887,0.009854421821222703,3,2025-04-16,2026-01-06,141.0
2025-08-26,dlog_SOLVPN__d_VIX,dlog_SOLVPN,d_VIX,0.21931942145915134,0.21538579774151725,0.003933623717634088,3,2025-04-16,2026-01-06,141.0
2025-08-27,dlog_SOLVPN__d_VIX,dlog_SOLVPN,d_VIX,0.2187927748065964,0.21798120854975556,0.0008115662568408399,3,2025-04-16,2026-01-06,141.0
2025-08-28,dlog_SOLVPN__d_VIX,dlog_SOLVPN,d_VIX,0.2177752119662022,0.22920929884051222,-0.011434086874310023,3,2025-04-16,2026-01-06,141.0
2025-09-02,dlog_SOLVPN__d_VIX,dlog_SOLVPN,d_VIX,0.2015414648558144,0.1661767376176914,0.035364727238123006,3,2025-04-16,2026-01-06,141.0
2025-09-03,dlog_SOLVPN__d_VIX,dlog_SOLVPN,d_VIX,0.2027055865395303,0.1290938329706439,0.07361175356888641,3,2025-04-16,2026-01-06,141.0
2025-09-04,dlog_SOLVPN__d_VIX,dlog_SOLVPN,d_VIX,0.20101207635514945,0.13461548328146597,0.06639659307368348,3,2025-04-16,2026-01-06,141.0
2025-09-08,dlog_SOLVPN__d_VIX,dlog_SOLVPN,d_VIX,0.20976210612418233,0.1410923102867299,0.06866979583745245,3,2025-04-16,2026-01-06,141.0
2025-09-09,dlog_SOLVPN__d_VIX,dlog_SOLVPN,d_VIX,0.17999831722434548,0.17087193478366575,0.009126382440679731,3,2025-04-16,2026-01-06,141.0
2025-09-10,dlog_SOLVPN__d_VIX,dlog_SOLVPN,d_VIX,0.17947685984400746,0.12838848578589934,0.05108837405810812,3,2025-04-16,2026-01-06,141.0
2025-09-11,dlog_SOLVPN__d_VIX,dlog_SOLVPN,d_VIX,0.17405345296891225,0.1445488043571533,0.029504648611758943,3,2025-04-16,2026-01-06,141.0
2025-09-15,dlog_SOLVPN__d_VIX,dlog_SOLVPN,d_VIX,0.17802145693983723,0.15034060756894307,0.027680849370894156,3,2025-04-16,2026-01-06,141.0
2025-09-16,dlog_SOLVPN__d_VIX,dlog_SOLVPN,d_VIX,0.17815489072091442,0.15194077743358744,0.02621411328732698,3,2025-04-16,2026-01-06,141.0
2025-09-17,dlog_SOLVPN__d_VIX,dlog_SOLVPN,d_VIX,0.1759856523096437,0.14433378290526555,0.03165186940437814,3,2025-04-16,2026-01-06,141.0
2025-09-18,dlog_SOLVPN__d_VIX,dlog_SOLVPN,d_VIX,0.1654354997517099,0.13521413786456438,0.030221361887145526,3,2025-04-16,2026-01-06,141.0
2025-09-22,dlog_SOLVPN__d_VIX,dlog_SOLVPN,d_VIX,0.15484475389073984,0.09645958123711681,0.05838517265362303,3,2025-04-16,2026-01-06,141.0
2025-09-23,dlog_SOLVPN__d_VIX,dlog_SOLVPN,d_VIX,0.14801240964860413,0.09426016975909271,0.053752239889511416,3,2025-04-16,2026-01-06,141.0
2025-09-24,dlog_SOLVPN__d_VIX,dlog_SOLVPN,d_VIX,0.14738328734101686,0.09362955953753482,0.05375372780348203,3,2025-04-16,2026-01-06,141.0
2025-09-25,dlog_SOLVPN__d_VIX,dlog_SOLVPN,d_VIX,0.1578402905813833,0.08598352336556435,0.07185676721581895,3,2025-04-16,2026-01-06,141.0
2025-09-29,dlog_SOLVPN__d_VIX,dlog_SOLVPN,d_VIX,0.14540231681453022,0.08075700831282737,0.06464530850170286,3,2025-04-16,2026-01-06,141.0
2025-09-30,dlog_SOLVPN__d_VIX,dlog_SOLVPN,d_VIX,0.15374777651851024,0.07690269426800399,0.07684508225050625,3,2025-04-16,2026-01-06,141.0
2025-10-01,dlog_SOLVPN__d_VIX,dlog_SOLVPN,d_VIX,0.15214665416808718,0.07610782301967697,0.0760388311484102,3,2025-04-16,2026-01-06,141.0
2025-10-02,dlog_SOLVPN__d_VIX,dlog_SOLVPN,d_VIX,0.15862801614949748,0.06450148105282687,0.09412653509667061,3,2025-04-16,2026-01-06,141.0
2025-10-06,dlog_SOLVPN__d_VIX,dlog_SOLVPN,d_VIX,0.12803439193549018,0.07265821632974022,0.055376175605749964,3,2025-04-16,2026-01-06,141.0
2025-10-07,dlog_SOLVPN__d_VIX,dlog_SOLVPN,d_VIX,0.1301775140493245,0.07453550939454795,0.05564200465477656,3,2025-04-16,2026-01-06,141.0
2025-10-08,dlog_SOLVPN__d_VIX,dlog_SOLVPN,d_VIX,0.15450951511595729,0.07866345373986598,0.0758460613760913,3,2025-04-16,2026-01-06,141.0
2025-10-09,dlog_SOLVPN__d_VIX,dlog_SOLVPN,d_VIX,0.15272384903287592,0.09741864990541049,0.055305199127465426,3,2025-04-16,2026-01-06,141.0
2025-10-14,dlog_SOLVPN__d_VIX,dlog_SOLVPN,d_VIX,0.150101020379168,0.1264905707521341,0.023610449627033903,3,2025-04-16,2026-01-06,141.0
2025-10-15,dlog_SOLVPN__d_VIX,dlog_SOLVPN,d_VIX,0.12165343438393034,0.0998207798656839,0.02183265451824644,3,2025-04-16,2026-01-06,141.0
2025-10-16,dlog_SOLVPN__d_VIX,dlog_SOLVPN,d_VIX,0.20765939511401568,0.25292818430190656,-0.04526878918789087,3,2025-04-16,2026-01-06,141.0
2025-10-20,dlog_SOLVPN__d_VIX,dlog_SOLVPN,d_VIX,0.22844050705899777,0.11566541953052474,0.11277508752847303,3,2025-04-16,2026-01-06,141.0
2025-10-21,dlog_SOLVPN__d_VIX,dlog_SOLVPN,d_VIX,0.22946289726775945,0.13227987514489822,0.09718302212286123,3,2025-04-16,2026-01-06,141.0
2025-10-22,dlog_SOLVPN__d_VIX,dlog_SOLVPN,d_VIX,0.21414975057699107,0.1206128550504016,0.09353689552658946,3,2025-04-16,2026-01-06,141.0
2025-10-23,dlog_SOLVPN__d_VIX,dlog_SOLVPN,d_VIX,0.22161898586344522,0.15466942691115868,0.06694955895228655,3,2025-04-16,2026-01-06,141.0
2025-10-27,dlog_SOLVPN__d_VIX,dlog_SOLVPN,d_VIX,0.22609569327583479,0.14619816756194223,0.07989752571389255,3,2025-04-16,2026-01-06,141.0
2025-10-28,dlog_SOLVPN__d_VIX,dlog_SOLVPN,d_VIX,0.2062704023637312,0.1442630445488185,0.062007357814912706,3,2025-04-16,2026-01-06,141.0
2025-10-29,dlog_SOLVPN__d_VIX,dlog_SOLVPN,d_VIX,0.2103230432679181,0.14212282460739487,0.06820021866052323,3,2025-04-16,2026-01-06,141.0
2025-10-30,dlog_SOLVPN__d_VIX,dlog_SOLVPN,d_VIX,0.21356200244594412,0.14770410607161347,0.06585789637433065,3,2025-04-16,2026-01-06,141.0
2025-11-03,dlog_SOLVPN__d_VIX,dlog_SOLVPN,d_VIX,0.22770502131959575,0.15901167826294588,0.06869334305664987,3,2025-04-16,2026-01-06,141.0
2025-11-04,dlog_SOLVPN__d_VIX,dlog_SOLVPN,d_VIX,0.22096720246424434,0.17572077477394746,0.04524642769029688,3,2025-04-16,2026-01-06,141.0
2025-11-05,dlog_SOLVPN__d_VIX,dlog_SOLVPN,d_VIX,0.24961952256771683,0.20881713644172994,0.040802386125986884,3,2025-04-16,2026-01-06,141.0
2025-11-06,dlog_SOLVPN__d_VIX,dlog_SOLVPN,d_VIX,0.25105908891994255,0.2136089938555094,0.03745009506443314,3,2025-04-16,2026-01-06,141.0
2025-11-10,dlog_SOLVPN__d_VIX,dlog_SOLVPN,d_VIX,0.24735928680750233,0.21790104012718275,0.029458246680319572,3,2025-04-16,2026-01-06,141.0
2025-11-12,dlog_SOLVPN__d_VIX,dlog_SOLVPN,d_VIX,0.23985540630631375,0.23542840303472812,0.004427003271585628,3,2025-04-16,2026-01-06,141.0
2025-11-13,dlog_SOLVPN__d_VIX,dlog_SOLVPN,d_VIX,0.17385919710666733,0.151883547099607,0.021975650007060338,3,2025-04-16,2026-01-06,141.0
2025-11-17,dlog_SOLVPN__d_VIX,dlog_SOLVPN,d_VIX,0.09055833422485796,0.14785027395720673,-0.05729193973234878,3,2025-04-16,2026-01-06,141.0
2025-11-18,dlog_SOLVPN__d_VIX,dlog_SOLVPN,d_VIX,0.15921272435234263,0.14017998530879172,0.019032739043550906,3,2025-04-16,2026-01-06,141.0
2025-11-19,dlog_SOLVPN__d_VIX,dlog_SOLVPN,d_VIX,0.1461689269233827,0.13801313616018693,0.00815579076319578,3,2025-04-16,2026-01-06,141.0
2025-11-20,dlog_SOLVPN__d_VIX,dlog_SOLVPN,d_VIX,0.13598521015495474,0.1342928351013574,0.0016923750535973447,3,2025-04-16,2026-01-06,141.0
2025-11-24,dlog_SOLVPN__d_VIX,dlog_SOLVPN,d_VIX,0.13347197921333853,0.16196768433599282,-0.028495705122654286,3,2025-04-16,2026-01-06,141.0
2025-11-25,dlog_SOLVPN__d_VIX,dlog_SOLVPN,d_VIX,0.1374819085441498,0.15498047463416442,-0.017498566090014628,3,2025-04-16,2026-01-06,141.0
2025-11-26,dlog_SOLVPN__d_VIX,dlog_SOLVPN,d_VIX,0.1395295633398262,0.17886693705527631,-0.039337373715450125,3,2025-04-16,2026-01-06,141.0
2025-12-01,dlog_SOLVPN__d_VIX,dlog_SOLVPN,d_VIX,0.15163355599107592,0.17267254361353548,-0.021038987622459565,3,2025-04-16,2026-01-06,141.0
2025-12-02,dlog_SOLVPN__d_VIX,dlog_SOLVPN,d_VIX,0.15249163919699746,0.1741681061020422,-0.02167646690504474,3,2025-04-16,2026-01-06,141.0
2025-12-03,dlog_SOLVPN__d_VIX,dlog_SOLVPN,d_VIX,0.15694928468172198,0.17393548850429902,-0.01698620382257704,3,2025-04-16,2026-01-06,141.0
2025-12-04,dlog_SOLVPN__d_VIX,dlog_SOLVPN,d_VIX,0.1573436666907325,0.17803554311309622,-0.020691876422363725,3,2025-04-16,2026-01-06,141.0
2025-12-08,dlog_SOLVPN__d_VIX,dlog_SOLVPN,d_VIX,0.13416633718353949,0.1523013907225789,-0.01813505353903941,3,2025-04-16,2026-01-06,141.0
2025-12-09,dlog_SOLVPN__d_VIX,dlog_SOLVPN,d_VIX,0.13300381741330403,0.15432586593421294,-0.02132204852090891,3,2025-04-16,2026-01-06,141.0
2025-12-10,dlog_SOLVPN__d_VIX,dlog_SOLVPN,d_VIX,0.127031096548837,0.13886978607382694,-0.011838689524989926,3,2025-04-16,2026-01-06,141.0
2025-12-11,dlog_SOLVPN__d_VIX,dlog_SOLVPN,d_VIX,0.10269623399122241,0.10449895947988844,-0.0018027254886660293,3,2025-04-16,2026-01-06,141.0
2025-12-15,dlog_SOLVPN__d_VIX,dlog_SOLVPN,d_VIX,0.09186624466185422,0.09799238631562725,-0.0061261416537730234,3,2025-04-16,2026-01-06,141.0
2025-12-16,dlog_SOLVPN__d_VIX,dlog_SOLVPN,d_VIX,0.08763445617019809,0.08539346514560238,0.002240991024595712,3,2025-04-16,2026-01-06,141.0
2025-12-17,dlog_SOLVPN__d_VIX,dlog_SOLVPN,d_VIX,0.11767124142128536,0.10077845922976768,0.016892782191517686,3,2025-04-16,2026-01-06,141.0
2025-12-18,dlog_SOLVPN__d_VIX,dlog_SOLVPN,d_VIX,0.13008124662675327,0.13317592252367358,-0.003094675896920307,3,2025-04-16,2026-01-06,141.0
2025-12-22,dlog_SOLVPN__d_VIX,dlog_SOLVPN,d_VIX,0.13976093226237368,0.11334196408888476,0.02641896817348892,3,2025-04-16,2026-01-06,141.0
2025-12-23,dlog_SOLVPN__d_VIX,dlog_SOLVPN,d_VIX,0.1568284242335382,0.1475457348397309,0.009282689393807303,3,2025-04-16,2026-01-06,141.0
2025-12-29,dlog_SOLVPN__d_VIX,dlog_SOLVPN,d_VIX,0.08342739557117622,0.06857196475797252,0.014855430813203702,3,2025-04-16,2026-01-06,141.0
2025-12-30,dlog_SOLVPN__d_VIX,dlog_SOLVPN,d_VIX,0.20539756068118084,0.19796869520077842,0.007428865480402419,3,2025-04-16,2026-01-06,141.0
2026-01-05,dlog_SOLVPN__d_VIX,dlog_SOLVPN,d_VIX,0.20720625948783308,0.16916928542642978,0.0380369740614033,3,2025-04-16,2026-01-06,141.0
2026-01-06,dlog_SOLVPN__d_VIX,dlog_SOLVPN,d_VIX,0.18733775440441447,0.19089225934297482,-0.0035545049385603544,3,2025-04-16,2026-01-06,141.0
2022-12-05,dlog_SOLVPN__d_PJM_LMP,dlog_SOLVPN,d_PJM_LMP,0.008636231191509693,0.0020177932366883416,0.006618437954821352,0,2022-12-01,2023-10-30,180.0
2022-12-06,dlog_SOLVPN__d_PJM_LMP,dlog_SOLVPN,d_PJM_LMP,0.012565045389011927,0.011969437570587707,0.0005956078184242205,0,2022-12-01,2023-10-30,180.0
2022-12-07,dlog_SOLVPN__d_PJM_LMP,dlog_SOLVPN,d_PJM_LMP,0.05540935472145354,0.0034014341954373166,0.05200792052601622,0,2022-12-01,2023-10-30,180.0
2022-12-08,dlog_SOLVPN__d_PJM_LMP,dlog_SOLVPN,d_PJM_LMP,0.05272014250197343,0.18887591236311074,-0.1361557698611373,0,2022-12-01,2023-10-30,180.0
2022-12-12,dlog_SOLVPN__d_PJM_LMP,dlog_SOLVPN,d_PJM_LMP,0.08788734156978105,0.17369728418507266,-0.08580994261529161,0,2022-12-01,2023-10-30,180.0
2022-12-13,dlog_SOLVPN__d_PJM_LMP,dlog_SOLVPN,d_PJM_LMP,0.17694189551721634,0.0765152987126907,0.10042659680452565,0,2022-12-01,2023-10-30,180.0
2022-12-14,dlog_SOLVPN__d_PJM_LMP,dlog_SOLVPN,d_PJM_LMP,0.09314709341389667,0.21935767957313332,-0.12621058615923664,0,2022-12-01,2023-10-30,180.0
2022-12-15,dlog_SOLVPN__d_PJM_LMP,dlog_SOLVPN,d_PJM_LMP,0.1091101595456454,0.24098331711617973,-0.13187315757053433,0,2022-12-01,2023-10-30,180.0
2022-12-19,dlog_SOLVPN__d_PJM_LMP,dlog_SOLVPN,d_PJM_LMP,0.0863991193804808,0.12308836184555313,-0.03668924246507234,0,2022-12-01,2023-10-30,180.0
2022-12-20,dlog_SOLVPN__d_PJM_LMP,dlog_SOLVPN,d_PJM_LMP,0.12058408534673495,0.03138494245197374,0.08919914289476122,0,2022-12-01,2023-10-30,180.0
2022-12-21,dlog_SOLVPN__d_PJM_LMP,dlog_SOLVPN,d_PJM_LMP,0.06280053041957488,0.010845770644957066,0.05195475977461782,0,2022-12-01,2023-10-30,180.0
2022-12-22,dlog_SOLVPN__d_PJM_LMP,dlog_SOLVPN,d_PJM_LMP,0.0721351872260997,0.039704725068527055,0.03243046215757264,0,2022-12-01,2023-10-30,180.0
2022-12-27,dlog_SOLVPN__d_PJM_LMP,dlog_SOLVPN,d_PJM_LMP,0.006870015454819643,0.34286141850575363,-0.335991403050934,0,2022-12-01,2023-10-30,180.0
2022-12-28,dlog_SOLVPN__d_PJM_LMP,dlog_SOLVPN,d_PJM_LMP,0.024859854506096214,0.04646693535969326,-0.021607080853597048,0,2022-12-01,2023-10-30,180.0
2022-12-29,dlog_SOLVPN__d_PJM_LMP,dlog_SOLVPN,d_PJM_LMP,0.05733142108323129,0.06375522601595894,-0.00642380493272765,0,2022-12-01,2023-10-30,180.0
2023-01-03,dlog_SOLVPN__d_PJM_LMP,dlog_SOLVPN,d_PJM_LMP,0.05803795126871211,0.07160734468605641,-0.013569393417344297,0,2022-12-01,2023-10-30,180.0
2023-01-04,dlog_SOLVPN__d_PJM_LMP,dlog_SOLVPN,d_PJM_LMP,0.04432964063715243,0.09690988579510756,-0.05258024515795513,0,2022-12-01,2023-10-30,180.0
2023-01-05,dlog_SOLVPN__d_PJM_LMP,dlog_SOLVPN,d_PJM_LMP,0.034255516343682055,0.03105097215277929,0.003204544190902766,0,2022-12-01,2023-10-30,180.0
2023-01-09,dlog_SOLVPN__d_PJM_LMP,dlog_SOLVPN,d_PJM_LMP,0.039133865029682365,0.035166301085784536,0.003967563943897828,0,2022-12-01,2023-10-30,180.0
2023-01-10,dlog_SOLVPN__d_PJM_LMP,dlog_SOLVPN,d_PJM_LMP,0.026183523356296024,0.0415547788805425,-0.015371255524246476,0,2022-12-01,2023-10-30,180.0
2023-01-11,dlog_SOLVPN__d_PJM_LMP,dlog_SOLVPN,d_PJM_LMP,0.03862374684560706,0.03310199740517213,0.005521749440434924,0,2022-12-01,2023-10-30,180.0
2023-01-12,dlog_SOLVPN__d_PJM_LMP,dlog_SOLVPN,d_PJM_LMP,0.027066652528746734,0.02807907944796436,-0.001012426919217626,0,2022-12-01,2023-10-30,180.0
2023-01-17,dlog_SOLVPN__d_PJM_LMP,dlog_SOLVPN,d_PJM_LMP,0.014833018289272968,0.042784703126287675,-0.027951684837014705,0,2022-12-01,2023-10-30,180.0
2023-01-18,dlog_SOLVPN__d_PJM_LMP,dlog_SOLVPN,d_PJM_LMP,0.014583695545962973,0.014624707035119797,-4.1011489156823205e-05,0,2022-12-01,2023-10-30,180.0
2023-01-19,dlog_SOLVPN__d_PJM_LMP,dlog_SOLVPN,d_PJM_LMP,0.019439397172353955,0.02886730437419226,-0.009427907201838306,0,2022-12-01,2023-10-30,180.0
2023-01-23,dlog_SOLVPN__d_PJM_LMP,dlog_SOLVPN,d_PJM_LMP,0.014863567968072412,0.025157905463681254,-0.010294337495608843,0,2022-12-01,2023-10-30,180.0
2023-01-24,dlog_SOLVPN__d_PJM_LMP,dlog_SOLVPN,d_PJM_LMP,0.01576529060056177,0.025398747371732908,-0.009633456771171136,0,2022-12-01,2023-10-30,180.0
2023-01-25,dlog_SOLVPN__d_PJM_LMP,dlog_SOLVPN,d_PJM_LMP,0.011550752220627401,0.02151433865729034,-0.00996358643666294,0,2022-12-01,2023-10-30,180.0
2023-01-26,dlog_SOLVPN__d_PJM_LMP,dlog_SOLVPN,d_PJM_LMP,0.010337426880234707,0.03963094060261426,-0.029293513722379552,0,2022-12-01,2023-10-30,180.0
2023-01-30,dlog_SOLVPN__d_PJM_LMP,dlog_SOLVPN,d_PJM_LMP,0.01443655771573868,0.005906209806918782,0.008530347908819898,0,2022-12-01,2023-10-30,180.0
2023-01-31,dlog_SOLVPN__d_PJM_LMP,dlog_SOLVPN,d_PJM_LMP,0.013096895138702123,0.009461906612171249,0.003634988526530875,0,2022-12-01,2023-10-30,180.0
2023-02-01,dlog_SOLVPN__d_PJM_LMP,dlog_SOLVPN,d_PJM_LMP,0.01065000565531109,0.03371294211836588,-0.02306293646305479,0,2022-12-01,2023-10-30,180.0
2023-02-02,dlog_SOLVPN__d_PJM_LMP,dlog_SOLVPN,d_PJM_LMP,0.033092919070700874,0.030971247191175787,0.0021216718795250868,0,2022-12-01,2023-10-30,180.0
2023-02-06,dlog_SOLVPN__d_PJM_LMP,dlog_SOLVPN,d_PJM_LMP,0.04000652804080098,0.028740504328392626,0.011266023712408355,0,2022-12-01,2023-10-30,180.0
2023-02-07,dlog_SOLVPN__d_PJM_LMP,dlog_SOLVPN,d_PJM_LMP,0.032149623421677334,0.029407591735034516,0.002742031686642818,0,2022-12-01,2023-10-30,180.0
2023-02-08,dlog_SOLVPN__d_PJM_LMP,dlog_SOLVPN,d_PJM_LMP,0.029839984348537102,0.030322953635046637,-0.0004829692865095346,0,2022-12-01,2023-10-30,180.0
2023-02-09,dlog_SOLVPN__d_PJM_LMP,dlog_SOLVPN,d_PJM_LMP,0.02891953021205752,0.025259577349156875,0.0036599528629006443,0,2022-12-01,2023-10-30,180.0
2023-02-13,dlog_SOLVPN__d_PJM_LMP,dlog_SOLVPN,d_PJM_LMP,0.028344218537500694,0.025337178379749005,0.003007040157751689,0,2022-12-01,2023-10-30,180.0
2023-02-14,dlog_SOLVPN__d_PJM_LMP,dlog_SOLVPN,d_PJM_LMP,0.02763142027019265,0.024589947632462816,0.003041472637729834,0,2022-12-01,2023-10-30,180.0
2023-02-15,dlog_SOLVPN__d_PJM_LMP,dlog_SOLVPN,d_PJM_LMP,0.02663421246802115,0.026700768091115434,-6.65556230942839e-05,0,2022-12-01,2023-10-30,180.0
2023-02-16,dlog_SOLVPN__d_PJM_LMP,dlog_SOLVPN,d_PJM_LMP,0.026848238343671463,0.02605117797167485,0.0007970603719966128,0,2022-12-01,2023-10-30,180.0
2023-02-21,dlog_SOLVPN__d_PJM_LMP,dlog_SOLVPN,d_PJM_LMP,0.026316695255520328,0.033952886381197846,-0.0076361911256775175,0,2022-12-01,2023-10-30,180.0
2023-02-22,dlog_SOLVPN__d_PJM_LMP,dlog_SOLVPN,d_PJM_LMP,0.03327717234995187,0.0316703336177496,0.0016068387322022634,0,2022-12-01,2023-10-30,180.0
2023-02-23,dlog_SOLVPN__d_PJM_LMP,dlog_SOLVPN,d_PJM_LMP,0.032708858091307934,0.02008021710832273,0.012628640982985204,0,2022-12-01,2023-10-30,180.0
2023-02-27,dlog_SOLVPN__d_PJM_LMP,dlog_SOLVPN,d_PJM_LMP,0.032986510116576814,0.019669992176077997,0.013316517940498818,0,2022-12-01,2023-10-30,180.0
2023-02-28,dlog_SOLVPN__d_PJM_LMP,dlog_SOLVPN,d_PJM_LMP,0.03369595206621743,0.019598839873265217,0.014097112192952212,0,2022-12-01,2023-10-30,180.0
2023-03-01,dlog_SOLVPN__d_PJM_LMP,dlog_SOLVPN,d_PJM_LMP,0.03566921153055489,0.018457226010743115,0.017211985519811776,0,2022-12-01,2023-10-30,180.0
2023-03-02,dlog_SOLVPN__d_PJM_LMP,dlog_SOLVPN,d_PJM_LMP,0.034782808187845,0.020119086215353736,0.014663721972491266,0,2022-12-01,2023-10-30,180.0
2023-03-06,dlog_SOLVPN__d_PJM_LMP,dlog_SOLVPN,d_PJM_LMP,0.035413010392312136,0.020878531410592913,0.014534478981719223,0,2022-12-01,2023-10-30,180.0
2023-03-07,dlog_SOLVPN__d_PJM_LMP,dlog_SOLVPN,d_PJM_LMP,0.034568227764273214,0.02819602553398271,0.006372202230290506,0,2022-12-01,2023-10-30,180.0
2023-03-08,dlog_SOLVPN__d_PJM_LMP,dlog_SOLVPN,d_PJM_LMP,0.03306328141345601,0.0342067447660859,-0.001143463352629888,0,2022-12-01,2023-10-30,180.0
2023-03-09,dlog_SOLVPN__d_PJM_LMP,dlog_SOLVPN,d_PJM_LMP,0.035108987176011554,0.023844331727903685,0.011264655448107869,0,2022-12-01,2023-10-30,180.0
2023-03-13,dlog_SOLVPN__d_PJM_LMP,dlog_SOLVPN,d_PJM_LMP,0.021830209042993296,0.033189211761271945,-0.011359002718278648,0,2022-12-01,2023-10-30,180.0
2023-03-14,dlog_SOLVPN__d_PJM_LMP,dlog_SOLVPN,d_PJM_LMP,0.020598368403073265,0.02866697365700784,-0.008068605253934574,0,2022-12-01,2023-10-30,180.0
2023-03-15,dlog_SOLVPN__d_PJM_LMP,dlog_SOLVPN,d_PJM_LMP,0.021716234519745792,0.02523465553636162,-0.0035184210166158275,0,2022-12-01,2023-10-30,180.0
2023-03-16,dlog_SOLVPN__d_PJM_LMP,dlog_SOLVPN,d_PJM_LMP,0.021533344135997244,0.023214664549931742,-0.0016813204139344978,0,2022-12-01,2023-10-30,180.0
2023-03-20,dlog_SOLVPN__d_PJM_LMP,dlog_SOLVPN,d_PJM_LMP,0.02461651645503576,0.03511478925714104,-0.010498272802105277,0,2022-12-01,2023-10-30,180.0
2023-03-21,dlog_SOLVPN__d_PJM_LMP,dlog_SOLVPN,d_PJM_LMP,0.02420777971520872,0.036894642517049256,-0.012686862801840535,0,2022-12-01,2023-10-30,180.0
2023-03-22,dlog_SOLVPN__d_PJM_LMP,dlog_SOLVPN,d_PJM_LMP,0.03112139912299913,0.028902848705940728,0.0022185504170584014,0,2022-12-01,2023-10-30,180.0
2023-03-23,dlog_SOLVPN__d_PJM_LMP,dlog_SOLVPN,d_PJM_LMP,0.03100598204263619,0.03378116196546772,-0.0027751799228315256,0,2022-12-01,2023-10-30,180.0
2023-03-27,dlog_SOLVPN__d_PJM_LMP,dlog_SOLVPN,d_PJM_LMP,0.03271632934229322,0.03134841701014491,0.0013679123321483078,0,2022-12-01,2023-10-30,180.0
2023-03-28,dlog_SOLVPN__d_PJM_LMP,dlog_SOLVPN,d_PJM_LMP,0.033503818896438074,0.029616531255419482,0.003887287641018592,0,2022-12-01,2023-10-30,180.0
2023-03-29,dlog_SOLVPN__d_PJM_LMP,dlog_SOLVPN,d_PJM_LMP,0.030697156804734536,0.026674819432347563,0.004022337372386973,0,2022-12-01,2023-10-30,180.0
2023-03-30,dlog_SOLVPN__d_PJM_LMP,dlog_SOLVPN,d_PJM_LMP,0.03643510282080847,0.0596173702370425,-0.023182267416234033,0,2022-12-01,2023-10-30,180.0
2023-04-03,dlog_SOLVPN__d_PJM_LMP,dlog_SOLVPN,d_PJM_LMP,0.04302632612097295,0.07508188614341449,-0.03205556002244154,0,2022-12-01,2023-10-30,180.0
2023-04-04,dlog_SOLVPN__d_PJM_LMP,dlog_SOLVPN,d_PJM_LMP,0.04618862542004801,0.09451238366736935,-0.04832375824732134,0,2022-12-01,2023-10-30,180.0
2023-04-05,dlog_SOLVPN__d_PJM_LMP,dlog_SOLVPN,d_PJM_LMP,0.036402052236481186,0.08357717715778246,-0.04717512492130127,0,2022-12-01,2023-10-30,180.0
2023-04-10,dlog_SOLVPN__d_PJM_LMP,dlog_SOLVPN,d_PJM_LMP,0.03156644508223342,0.07989801285620685,-0.048331567773973426,0,2022-12-01,2023-10-30,180.0
2023-04-11,dlog_SOLVPN__d_PJM_LMP,dlog_SOLVPN,d_PJM_LMP,0.028950315088466835,0.023280943608070055,0.005669371480396781,0,2022-12-01,2023-10-30,180.0
2023-04-12,dlog_SOLVPN__d_PJM_LMP,dlog_SOLVPN,d_PJM_LMP,0.027155565717683763,0.02589676508729076,0.0012588006303930026,0,2022-12-01,2023-10-30,180.0
2023-04-13,dlog_SOLVPN__d_PJM_LMP,dlog_SOLVPN,d_PJM_LMP,0.02796663264677246,0.022868981145000505,0.0050976515017719555,0,2022-12-01,2023-10-30,180.0
2023-04-17,dlog_SOLVPN__d_PJM_LMP,dlog_SOLVPN,d_PJM_LMP,0.03206375174659886,0.015666342517998685,0.016397409228600175,0,2022-12-01,2023-10-30,180.0
2023-04-18,dlog_SOLVPN__d_PJM_LMP,dlog_SOLVPN,d_PJM_LMP,0.03555134580934582,0.01632717863707726,0.019224167172268557,0,2022-12-01,2023-10-30,180.0
2023-04-19,dlog_SOLVPN__d_PJM_LMP,dlog_SOLVPN,d_PJM_LMP,0.03633591490086852,0.0197395383760493,0.016596376524819222,0,2022-12-01,2023-10-30,180.0
2023-04-20,dlog_SOLVPN__d_PJM_LMP,dlog_SOLVPN,d_PJM_LMP,0.021782200266751806,0.022066174892635352,-0.0002839746258835457,0,2022-12-01,2023-10-30,180.0
2023-04-24,dlog_SOLVPN__d_PJM_LMP,dlog_SOLVPN,d_PJM_LMP,0.010553785290540891,0.007294004227455496,0.003259781063085395,0,2022-12-01,2023-10-30,180.0
2023-04-25,dlog_SOLVPN__d_PJM_LMP,dlog_SOLVPN,d_PJM_LMP,0.012864588394526654,0.03196348339038572,-0.019098894995859064,0,2022-12-01,2023-10-30,180.0
2023-04-26,dlog_SOLVPN__d_PJM_LMP,dlog_SOLVPN,d_PJM_LMP,0.01301424141305263,0.045626004414039384,-0.032611763000986754,0,2022-12-01,2023-10-30,180.0
2023-04-27,dlog_SOLVPN__d_PJM_LMP,dlog_SOLVPN,d_PJM_LMP,0.004410530218315831,0.0762535392343226,-0.07184300901600676,0,2022-12-01,2023-10-30,180.0
2023-05-01,dlog_SOLVPN__d_PJM_LMP,dlog_SOLVPN,d_PJM_LMP,0.010313827124327884,0.05709518607953132,-0.04678135895520343,0,2022-12-01,2023-10-30,180.0
2023-05-02,dlog_SOLVPN__d_PJM_LMP,dlog_SOLVPN,d_PJM_LMP,0.005219034824231028,0.04668237751118954,-0.04146334268695851,0,2022-12-01,2023-10-30,180.0
2023-05-03,dlog_SOLVPN__d_PJM_LMP,dlog_SOLVPN,d_PJM_LMP,0.00570069893256254,0.02619673875649338,-0.02049603982393084,0,2022-12-01,2023-10-30,180.0
2023-05-04,dlog_SOLVPN__d_PJM_LMP,dlog_SOLVPN,d_PJM_LMP,0.008543588800946496,0.03402401445971141,-0.02548042565876492,0,2022-12-01,2023-10-30,180.0
2023-05-08,dlog_SOLVPN__d_PJM_LMP,dlog_SOLVPN,d_PJM_LMP,0.010030455888499655,0.042720904512189316,-0.03269044862368966,0,2022-12-01,2023-10-30,180.0
2023-05-09,dlog_SOLVPN__d_PJM_LMP,dlog_SOLVPN,d_PJM_LMP,0.012048577894923994,0.05314445034300831,-0.04109587244808432,0,2022-12-01,2023-10-30,180.0
2023-05-10,dlog_SOLVPN__d_PJM_LMP,dlog_SOLVPN,d_PJM_LMP,0.015776615477148304,0.07231710886197143,-0.05654049338482313,0,2022-12-01,2023-10-30,180.0
2023-05-11,dlog_SOLVPN__d_PJM_LMP,dlog_SOLVPN,d_PJM_LMP,0.02639012625419565,0.03822264329017213,-0.01183251703597648,0,2022-12-01,2023-10-30,180.0
2023-05-15,dlog_SOLVPN__d_PJM_LMP,dlog_SOLVPN,d_PJM_LMP,0.003411835239041985,0.0394843066078617,-0.03607247136881972,0,2022-12-01,2023-10-30,180.0
2023-05-16,dlog_SOLVPN__d_PJM_LMP,dlog_SOLVPN,d_PJM_LMP,0.013578341707230858,0.1077073370845975,-0.09412899537736663,0,2022-12-01,2023-10-30,180.0
2023-05-17,dlog_SOLVPN__d_PJM_LMP,dlog_SOLVPN,d_PJM_LMP,0.0046889148338384165,0.11287919150933273,-0.10819027667549432,0,2022-12-01,2023-10-30,180.0
2023-05-18,dlog_SOLVPN__d_PJM_LMP,dlog_SOLVPN,d_PJM_LMP,0.005193507119055591,0.12264686782482861,-0.11745336070577303,0,2022-12-01,2023-10-30,180.0
2023-05-22,dlog_SOLVPN__d_PJM_LMP,dlog_SOLVPN,d_PJM_LMP,0.0034316612755704106,0.1106712522387279,-0.10723959096315748,0,2022-12-01,2023-10-30,180.0
2023-05-23,dlog_SOLVPN__d_PJM_LMP,dlog_SOLVPN,d_PJM_LMP,0.005175986293725794,0.11367674336393004,-0.10850075707020423,0,2022-12-01,2023-10-30,180.0
2023-05-24,dlog_SOLVPN__d_PJM_LMP,dlog_SOLVPN,d_PJM_LMP,0.01956033151491982,0.1103235738981717,-0.09076324238325188,0,2022-12-01,2023-10-30,180.0
2023-05-25,dlog_SOLVPN__d_PJM_LMP,dlog_SOLVPN,d_PJM_LMP,0.03015776755619795,0.12526552423198217,-0.09510775667578422,0,2022-12-01,2023-10-30,180.0
2023-05-30,dlog_SOLVPN__d_PJM_LMP,dlog_SOLVPN,d_PJM_LMP,0.025826130029116757,0.11563006305281125,-0.0898039330236945,0,2022-12-01,2023-10-30,180.0
2023-05-31,dlog_SOLVPN__d_PJM_LMP,dlog_SOLVPN,d_PJM_LMP,0.04828768622253687,0.1036964096500568,-0.055408723427519936,0,2022-12-01,2023-10-30,180.0
2023-06-01,dlog_SOLVPN__d_PJM_LMP,dlog_SOLVPN,d_PJM_LMP,0.03923839698986461,0.10389717890182701,-0.06465878191196239,0,2022-12-01,2023-10-30,180.0
2023-06-05,dlog_SOLVPN__d_PJM_LMP,dlog_SOLVPN,d_PJM_LMP,0.05910655676326858,0.10831822385598017,-0.04921166709271159,0,2022-12-01,2023-10-30,180.0
2023-06-06,dlog_SOLVPN__d_PJM_LMP,dlog_SOLVPN,d_PJM_LMP,0.06204441724020007,0.09332349035319076,-0.03127907311299069,0,2022-12-01,2023-10-30,180.0
2023-06-07,dlog_SOLVPN__d_PJM_LMP,dlog_SOLVPN,d_PJM_LMP,0.04544765194564185,0.10641773394435297,-0.06097008199871112,0,2022-12-01,2023-10-30,180.0
2023-06-08,dlog_SOLVPN__d_PJM_LMP,dlog_SOLVPN,d_PJM_LMP,0.05595011220927711,0.08273737929620084,-0.02678726708692373,0,2022-12-01,2023-10-30,180.0
2023-06-12,dlog_SOLVPN__d_PJM_LMP,dlog_SOLVPN,d_PJM_LMP,0.058883149298783216,0.08465738748196203,-0.02577423818317881,0,2022-12-01,2023-10-30,180.0
2023-06-13,dlog_SOLVPN__d_PJM_LMP,dlog_SOLVPN,d_PJM_LMP,0.05426574878957378,0.08009622950221128,-0.0258304807126375,0,2022-12-01,2023-10-30,180.0
2023-06-14,dlog_SOLVPN__d_PJM_LMP,dlog_SOLVPN,d_PJM_LMP,0.0876491439333781,0.07838310499955273,0.009266038933825368,0,2022-12-01,2023-10-30,180.0
2023-06-15,dlog_SOLVPN__d_PJM_LMP,dlog_SOLVPN,d_PJM_LMP,0.05571660245260848,0.07454222855294829,-0.018825626100339804,0,2022-12-01,2023-10-30,180.0
2023-06-20,dlog_SOLVPN__d_PJM_LMP,dlog_SOLVPN,d_PJM_LMP,0.06161395661315546,0.06407622547407958,-0.0024622688609241203,0,2022-12-01,2023-10-30,180.0
2023-06-21,dlog_SOLVPN__d_PJM_LMP,dlog_SOLVPN,d_PJM_LMP,0.07602463249120633,0.05173778832057823,0.024286844170628104,0,2022-12-01,2023-10-30,180.0
2023-06-22,dlog_SOLVPN__d_PJM_LMP,dlog_SOLVPN,d_PJM_LMP,0.0762854002911602,0.04684867541524701,0.029436724875913187,0,2022-12-01,2023-10-30,180.0
2023-06-26,dlog_SOLVPN__d_PJM_LMP,dlog_SOLVPN,d_PJM_LMP,0.0702256848783224,0.037260470367881035,0.03296521451044136,0,2022-12-01,2023-10-30,180.0
2023-06-27,dlog_SOLVPN__d_PJM_LMP,dlog_SOLVPN,d_PJM_LMP,0.07151716491063978,0.02701684932320514,0.04450031558743464,0,2022-12-01,2023-10-30,180.0
2023-06-28,dlog_SOLVPN__d_PJM_LMP,dlog_SOLVPN,d_PJM_LMP,0.053057018295636416,0.021851266050505223,0.031205752245131193,0,2022-12-01,2023-10-30,180.0
2023-06-29,dlog_SOLVPN__d_PJM_LMP,dlog_SOLVPN,d_PJM_LMP,0.059769183685018844,0.029353530964852537,0.030415652720166306,0,2022-12-01,2023-10-30,180.0
2023-07-03,dlog_SOLVPN__d_PJM_LMP,dlog_SOLVPN,d_PJM_LMP,0.059814047788018555,0.02970581978168817,0.030108228006330385,0,2022-12-01,2023-10-30,180.0
2023-07-05,dlog_SOLVPN__d_PJM_LMP,dlog_SOLVPN,d_PJM_LMP,0.08848614841420492,0.02299298432013063,0.0654931640940743,0,2022-12-01,2023-10-30,180.0
2023-07-06,dlog_SOLVPN__d_PJM_LMP,dlog_SOLVPN,d_PJM_LMP,0.07397834351600084,0.04892755887756613,0.025050784638434714,0,2022-12-01,2023-10-30,180.0
2023-07-10,dlog_SOLVPN__d_PJM_LMP,dlog_SOLVPN,d_PJM_LMP,0.026137548136443527,0.051969950410158165,-0.02583240227371464,0,2022-12-01,2023-10-30,180.0
2023-07-11,dlog_SOLVPN__d_PJM_LMP,dlog_SOLVPN,d_PJM_LMP,0.02689930433930101,0.040754301047477966,-0.013854996708176956,0,2022-12-01,2023-10-30,180.0
2023-07-12,dlog_SOLVPN__d_PJM_LMP,dlog_SOLVPN,d_PJM_LMP,0.036133358457965996,0.026665873183096146,0.00946748527486985,0,2022-12-01,2023-10-30,180.0
2023-07-13,dlog_SOLVPN__d_PJM_LMP,dlog_SOLVPN,d_PJM_LMP,0.04215046652969948,0.02462979190693846,0.017520674622761023,0,2022-12-01,2023-10-30,180.0
2023-07-17,dlog_SOLVPN__d_PJM_LMP,dlog_SOLVPN,d_PJM_LMP,0.04591503778406301,0.019810299864474152,0.026104737919588856,0,2022-12-01,2023-10-30,180.0
2023-07-18,dlog_SOLVPN__d_PJM_LMP,dlog_SOLVPN,d_PJM_LMP,0.07803860191836698,0.023901036587836218,0.05413756533053076,0,2022-12-01,2023-10-30,180.0
2023-07-19,dlog_SOLVPN__d_PJM_LMP,dlog_SOLVPN,d_PJM_LMP,0.07996652720046368,0.0227843049176849,0.057182222282778784,0,2022-12-01,2023-10-30,180.0
2023-07-20,dlog_SOLVPN__d_PJM_LMP,dlog_SOLVPN,d_PJM_LMP,0.075662779974504,0.017289344197399945,0.05837343577710406,0,2022-12-01,2023-10-30,180.0
2023-07-24,dlog_SOLVPN__d_PJM_LMP,dlog_SOLVPN,d_PJM_LMP,0.0450882215153703,0.0491482601843553,-0.004060038668985001,0,2022-12-01,2023-10-30,180.0
2023-07-25,dlog_SOLVPN__d_PJM_LMP,dlog_SOLVPN,d_PJM_LMP,0.026287627856061493,0.025085815724055018,0.0012018121320064752,0,2022-12-01,2023-10-30,180.0
2023-07-26,dlog_SOLVPN__d_PJM_LMP,dlog_SOLVPN,d_PJM_LMP,0.02667975472049419,0.025374605604628665,0.001305149115865524,0,2022-12-01,2023-10-30,180.0
2023-07-27,dlog_SOLVPN__d_PJM_LMP,dlog_SOLVPN,d_PJM_LMP,0.02589902332143808,0.1197501511076622,-0.09385112778622412,0,2022-12-01,2023-10-30,180.0
2023-07-31,dlog_SOLVPN__d_PJM_LMP,dlog_SOLVPN,d_PJM_LMP,0.033899937423306485,0.00894984623310024,0.024950091190206247,0,2022-12-01,2023-10-30,180.0
2023-08-01,dlog_SOLVPN__d_PJM_LMP,dlog_SOLVPN,d_PJM_LMP,0.049284446510311185,0.008801940839861959,0.040482505670449226,0,2022-12-01,2023-10-30,180.0
2023-08-02,dlog_SOLVPN__d_PJM_LMP,dlog_SOLVPN,d_PJM_LMP,0.05158431199865689,0.00826149337595628,0.043322818622700605,0,2022-12-01,2023-10-30,180.0
2023-08-03,dlog_SOLVPN__d_PJM_LMP,dlog_SOLVPN,d_PJM_LMP,0.02831636920095859,0.010928941258392387,0.017387427942566203,0,2022-12-01,2023-10-30,180.0
2023-08-07,dlog_SOLVPN__d_PJM_LMP,dlog_SOLVPN,d_PJM_LMP,0.027231535331845604,0.013618552802911495,0.01361298252893411,0,2022-12-01,2023-10-30,180.0
2023-08-08,dlog_SOLVPN__d_PJM_LMP,dlog_SOLVPN,d_PJM_LMP,0.021462965219612738,0.008102029200126062,0.013360936019486677,0,2022-12-01,2023-10-30,180.0
2023-08-09,dlog_SOLVPN__d_PJM_LMP,dlog_SOLVPN,d_PJM_LMP,0.006652828575113883,0.008020298531068356,-0.0013674699559544732,0,2022-12-01,2023-10-30,180.0
2023-08-10,dlog_SOLVPN__d_PJM_LMP,dlog_SOLVPN,d_PJM_LMP,0.007927250019214085,0.007828647056268513,9.860296294557196e-05,0,2022-12-01,2023-10-30,180.0
2023-08-14,dlog_SOLVPN__d_PJM_LMP,dlog_SOLVPN,d_PJM_LMP,0.008164228555945787,0.008312364813732506,-0.00014813625778671916,0,2022-12-01,2023-10-30,180.0
2023-08-15,dlog_SOLVPN__d_PJM_LMP,dlog_SOLVPN,d_PJM_LMP,0.009676191829734143,0.007865912099537048,0.0018102797301970952,0,2022-12-01,2023-10-30,180.0
2023-08-16,dlog_SOLVPN__d_PJM_LMP,dlog_SOLVPN,d_PJM_LMP,0.006771384726927732,0.003505265543808402,0.0032661191831193296,0,2022-12-01,2023-10-30,180.0
2023-08-17,dlog_SOLVPN__d_PJM_LMP,dlog_SOLVPN,d_PJM_LMP,0.006521253679021038,0.004204887740920543,0.0023163659381004948,0,2022-12-01,2023-10-30,180.0
2023-08-21,dlog_SOLVPN__d_PJM_LMP,dlog_SOLVPN,d_PJM_LMP,0.004747603766912464,0.006605918054958956,-0.0018583142880464927,0,2022-12-01,2023-10-30,180.0
2023-08-22,dlog_SOLVPN__d_PJM_LMP,dlog_SOLVPN,d_PJM_LMP,0.0027607621920232306,0.005016465876355219,-0.002255703684331988,0,2022-12-01,2023-10-30,180.0
2023-08-23,dlog_SOLVPN__d_PJM_LMP,dlog_SOLVPN,d_PJM_LMP,0.004931255706738357,0.004907656516951967,2.3599189786389745e-05,0,2022-12-01,2023-10-30,180.0
2023-08-24,dlog_SOLVPN__d_PJM_LMP,dlog_SOLVPN,d_PJM_LMP,0.004140285365030419,0.00536610850667561,-0.0012258231416451913,0,2022-12-01,2023-10-30,180.0
2023-08-28,dlog_SOLVPN__d_PJM_LMP,dlog_SOLVPN,d_PJM_LMP,0.00048719713793196325,0.005333766087743332,-0.004846568949811368,0,2022-12-01,2023-10-30,180.0
2023-08-29,dlog_SOLVPN__d_PJM_LMP,dlog_SOLVPN,d_PJM_LMP,0.000837756200187701,0.00692208198229398,-0.006084325782106279,0,2022-12-01,2023-10-30,180.0
2023-08-30,dlog_SOLVPN__d_PJM_LMP,dlog_SOLVPN,d_PJM_LMP,0.010242363157129349,0.004380763685178861,0.005861599471950488,0,2022-12-01,2023-10-30,180.0
2023-08-31,dlog_SOLVPN__d_PJM_LMP,dlog_SOLVPN,d_PJM_LMP,0.019807636888334434,0.0029517413910360142,0.01685589549729842,0,2022-12-01,2023-10-30,180.0
2023-09-05,dlog_SOLVPN__d_PJM_LMP,dlog_SOLVPN,d_PJM_LMP,0.036132265816781,0.005257980368658363,0.030874285448122638,0,2022-12-01,2023-10-30,180.0
2023-09-06,dlog_SOLVPN__d_PJM_LMP,dlog_SOLVPN,d_PJM_LMP,0.05857863963353959,0.002250412236584844,0.05632822739695475,0,2022-12-01,2023-10-30,180.0
2023-09-07,dlog_SOLVPN__d_PJM_LMP,dlog_SOLVPN,d_PJM_LMP,0.016084482263798616,0.0023548299815760636,0.013729652282222553,0,2022-12-01,2023-10-30,180.0
2023-09-11,dlog_SOLVPN__d_PJM_LMP,dlog_SOLVPN,d_PJM_LMP,0.020802162423218747,0.002225488502698107,0.01857667392052064,0,2022-12-01,2023-10-30,180.0
2023-09-12,dlog_SOLVPN__d_PJM_LMP,dlog_SOLVPN,d_PJM_LMP,0.02294492856173809,0.0017464231609520759,0.021198505400786015,0,2022-12-01,2023-10-30,180.0
2023-09-13,dlog_SOLVPN__d_PJM_LMP,dlog_SOLVPN,d_PJM_LMP,0.02009200728064688,0.001343679857455865,0.018748327423191016,0,2022-12-01,2023-10-30,180.0
2023-09-14,dlog_SOLVPN__d_PJM_LMP,dlog_SOLVPN,d_PJM_LMP,0.011499430093710475,0.00894185180928526,0.0025575782844252156,0,2022-12-01,2023-10-30,180.0
2023-09-18,dlog_SOLVPN__d_PJM_LMP,dlog_SOLVPN,d_PJM_LMP,0.012106221342302556,0.007495341082263362,0.0046108802600391945,0,2022-12-01,2023-10-30,180.0
2023-09-19,dlog_SOLVPN__d_PJM_LMP,dlog_SOLVPN,d_PJM_LMP,0.009814683795605631,0.007105966551486098,0.002708717244119533,0,2022-12-01,2023-10-30,180.0
2023-09-20,dlog_SOLVPN__d_PJM_LMP,dlog_SOLVPN,d_PJM_LMP,0.009856206079820198,0.006460179401392993,0.003396026678427205,0,2022-12-01,2023-10-30,180.0
2023-09-21,dlog_SOLVPN__d_PJM_LMP,dlog_SOLVPN,d_PJM_LMP,0.02004193648839971,0.013267043379022804,0.006774893109376906,0,2022-12-01,2023-10-30,180.0
2023-09-25,dlog_SOLVPN__d_PJM_LMP,dlog_SOLVPN,d_PJM_LMP,0.05880143382864311,0.008252149004890469,0.05054928482375264,0,2022-12-01,2023-10-30,180.0
2023-09-26,dlog_SOLVPN__d_PJM_LMP,dlog_SOLVPN,d_PJM_LMP,0.067254386380433,0.032465332765988716,0.03478905361444429,0,2022-12-01,2023-10-30,180.0
2023-09-27,dlog_SOLVPN__d_PJM_LMP,dlog_SOLVPN,d_PJM_LMP,0.031153589800976312,0.03256842673601415,-0.001414836935037838,0,2022-12-01,2023-10-30,180.0
2023-09-28,dlog_SOLVPN__d_PJM_LMP,dlog_SOLVPN,d_PJM_LMP,0.026367568306492575,0.03616663558637854,-0.009799067279885963,0,2022-12-01,2023-10-30,180.0
2023-10-02,dlog_SOLVPN__d_PJM_LMP,dlog_SOLVPN,d_PJM_LMP,0.012551987050828302,0.032599367242205995,-0.020047380191377695,0,2022-12-01,2023-10-30,180.0
2023-10-03,dlog_SOLVPN__d_PJM_LMP,dlog_SOLVPN,d_PJM_LMP,0.010663686324864583,0.037779414633192836,-0.02711572830832825,0,2022-12-01,2023-10-30,180.0
2023-10-04,dlog_SOLVPN__d_PJM_LMP,dlog_SOLVPN,d_PJM_LMP,0.011956599678068515,0.020417006341781438,-0.008460406663712923,0,2022-12-01,2023-10-30,180.0
2023-10-05,dlog_SOLVPN__d_PJM_LMP,dlog_SOLVPN,d_PJM_LMP,0.026576633513092248,0.04591288131757533,-0.01933624780448308,0,2022-12-01,2023-10-30,180.0
2023-10-10,dlog_SOLVPN__d_PJM_LMP,dlog_SOLVPN,d_PJM_LMP,0.027423117652902812,0.05871466019847533,-0.031291542545572516,0,2022-12-01,2023-10-30,180.0
2023-10-11,dlog_SOLVPN__d_PJM_LMP,dlog_SOLVPN,d_PJM_LMP,0.03201719960994866,0.0572538930736712,-0.025236693463722544,0,2022-12-01,2023-10-30,180.0
2023-10-12,dlog_SOLVPN__d_PJM_LMP,dlog_SOLVPN,d_PJM_LMP,0.03400485891210769,0.05226951708156828,-0.018264658169460594,0,2022-12-01,2023-10-30,180.0
2023-10-16,dlog_SOLVPN__d_PJM_LMP,dlog_SOLVPN,d_PJM_LMP,0.05718096937276591,0.02421437556061218,0.03296659381215372,0,2022-12-01,2023-10-30,180.0
2023-10-17,dlog_SOLVPN__d_PJM_LMP,dlog_SOLVPN,d_PJM_LMP,0.08420080955415978,0.031650383244272676,0.0525504263098871,0,2022-12-01,2023-10-30,180.0
2023-10-18,dlog_SOLVPN__d_PJM_LMP,dlog_SOLVPN,d_PJM_LMP,0.02809756826998019,0.03439651086112379,-0.006298942591143598,0,2022-12-01,2023-10-30,180.0
2023-10-19,dlog_SOLVPN__d_PJM_LMP,dlog_SOLVPN,d_PJM_LMP,0.060811184600851526,0.0069470932956003225,0.0538640913052512,0,2022-12-01,2023-10-30,180.0
2023-10-23,dlog_SOLVPN__d_PJM_LMP,dlog_SOLVPN,d_PJM_LMP,0.06643311569764235,0.013003179532997601,0.05342993616464475,0,2022-12-01,2023-10-30,180.0
2023-10-24,dlog_SOLVPN__d_PJM_LMP,dlog_SOLVPN,d_PJM_LMP,0.08937940468025359,0.006114539107295348,0.08326486557295823,0,2022-12-01,2023-10-30,180.0
2023-10-25,dlog_SOLVPN__d_PJM_LMP,dlog_SOLVPN,d_PJM_LMP,0.0941997690655786,0.008170201681558178,0.08602956738402043,0,2022-12-01,2023-10-30,180.0
2023-10-26,dlog_SOLVPN__d_PJM_LMP,dlog_SOLVPN,d_PJM_LMP,0.04880230502626153,0.0045696618996337824,0.04423264312662775,0,2022-12-01,2023-10-30,180.0
2023-10-30,dlog_SOLVPN__d_PJM_LMP,dlog_SOLVPN,d_PJM_LMP,0.04000205803873929,0.003361318967041826,0.036640739071697466,0,2022-12-01,2023-10-30,180.0
2023-10-31,dlog_SOLVPN__d_PJM_LMP,dlog_SOLVPN,d_PJM_LMP,0.030674887639143358,0.007971821472589171,0.022703066166554188,1,2023-10-31,2024-07-16,140.0
2023-11-01,dlog_SOLVPN__d_PJM_LMP,dlog_SOLVPN,d_PJM_LMP,0.03672541626969419,0.0140672191099432,0.022658197159750988,1,2023-10-31,2024-07-16,140.0
2023-11-02,dlog_SOLVPN__d_PJM_LMP,dlog_SOLVPN,d_PJM_LMP,0.02777292825483045,0.02568183605446907,0.0020910922003613795,1,2023-10-31,2024-07-16,140.0
2023-11-06,dlog_SOLVPN__d_PJM_LMP,dlog_SOLVPN,d_PJM_LMP,0.0806172505489464,0.027876674123105356,0.05274057642584105,1,2023-10-31,2024-07-16,140.0
2023-11-07,dlog_SOLVPN__d_PJM_LMP,dlog_SOLVPN,d_PJM_LMP,0.01639572084050763,0.01858688627852202,-0.002191165438014387,1,2023-10-31,2024-07-16,140.0
2023-11-08,dlog_SOLVPN__d_PJM_LMP,dlog_SOLVPN,d_PJM_LMP,0.031716157193805966,0.01691801524864257,0.014798141945163396,1,2023-10-31,2024-07-16,140.0
2023-11-09,dlog_SOLVPN__d_PJM_LMP,dlog_SOLVPN,d_PJM_LMP,0.020374063262229066,0.018719633106139846,0.0016544301560892198,1,2023-10-31,2024-07-16,140.0
2023-11-13,dlog_SOLVPN__d_PJM_LMP,dlog_SOLVPN,d_PJM_LMP,0.0393175381439295,0.02919286599903376,0.010124672144895739,1,2023-10-31,2024-07-16,140.0
2023-11-14,dlog_SOLVPN__d_PJM_LMP,dlog_SOLVPN,d_PJM_LMP,0.06317509832357021,0.05836247001781955,0.00481262830575066,1,2023-10-31,2024-07-16,140.0
2023-11-15,dlog_SOLVPN__d_PJM_LMP,dlog_SOLVPN,d_PJM_LMP,0.07975502584908817,0.06662292773934086,0.013132098109747303,1,2023-10-31,2024-07-16,140.0
2023-11-16,dlog_SOLVPN__d_PJM_LMP,dlog_SOLVPN,d_PJM_LMP,0.013859694985592343,0.095496104098417,-0.08163640911282466,1,2023-10-31,2024-07-16,140.0
2023-11-20,dlog_SOLVPN__d_PJM_LMP,dlog_SOLVPN,d_PJM_LMP,0.013508324740314262,0.047673627502983804,-0.03416530276266954,1,2023-10-31,2024-07-16,140.0
2023-11-21,dlog_SOLVPN__d_PJM_LMP,dlog_SOLVPN,d_PJM_LMP,0.015380352056167118,0.016824995738215043,-0.0014446436820479257,1,2023-10-31,2024-07-16,140.0
2023-11-22,dlog_SOLVPN__d_PJM_LMP,dlog_SOLVPN,d_PJM_LMP,0.03333332201118629,0.01691317132642613,0.016420150684760156,1,2023-10-31,2024-07-16,140.0
2023-11-27,dlog_SOLVPN__d_PJM_LMP,dlog_SOLVPN,d_PJM_LMP,0.030386126611612465,0.009203134372048675,0.02118299223956379,1,2023-10-31,2024-07-16,140.0
2023-11-28,dlog_SOLVPN__d_PJM_LMP,dlog_SOLVPN,d_PJM_LMP,0.03961993796674463,0.010106439596393693,0.029513498370350937,1,2023-10-31,2024-07-16,140.0
2023-11-29,dlog_SOLVPN__d_PJM_LMP,dlog_SOLVPN,d_PJM_LMP,0.06421705437736057,0.01421682967919527,0.0500002246981653,1,2023-10-31,2024-07-16,140.0
2023-11-30,dlog_SOLVPN__d_PJM_LMP,dlog_SOLVPN,d_PJM_LMP,0.030292740439377255,0.02045194619894704,0.009840794240430214,1,2023-10-31,2024-07-16,140.0
2023-12-04,dlog_SOLVPN__d_PJM_LMP,dlog_SOLVPN,d_PJM_LMP,0.017305805860871635,0.015309726138563944,0.0019960797223076907,1,2023-10-31,2024-07-16,140.0
2023-12-05,dlog_SOLVPN__d_PJM_LMP,dlog_SOLVPN,d_PJM_LMP,0.04438495093429432,0.023883707152438486,0.020501243781855836,1,2023-10-31,2024-07-16,140.0
2023-12-06,dlog_SOLVPN__d_PJM_LMP,dlog_SOLVPN,d_PJM_LMP,0.03484114922048841,0.006414557691121462,0.028426591529366947,1,2023-10-31,2024-07-16,140.0
2023-12-07,dlog_SOLVPN__d_PJM_LMP,dlog_SOLVPN,d_PJM_LMP,0.036180538087308395,0.005472178134427191,0.030708359952881202,1,2023-10-31,2024-07-16,140.0
2023-12-11,dlog_SOLVPN__d_PJM_LMP,dlog_SOLVPN,d_PJM_LMP,0.027590017846696544,0.005159920632589699,0.022430097214106846,1,2023-10-31,2024-07-16,140.0
2023-12-12,dlog_SOLVPN__d_PJM_LMP,dlog_SOLVPN,d_PJM_LMP,0.029284235123491716,0.0049428473498489825,0.024341387773642732,1,2023-10-31,2024-07-16,140.0
2023-12-13,dlog_SOLVPN__d_PJM_LMP,dlog_SOLVPN,d_PJM_LMP,0.04370446424089131,0.007242775421579491,0.03646168881931182,1,2023-10-31,2024-07-16,140.0
2023-12-14,dlog_SOLVPN__d_PJM_LMP,dlog_SOLVPN,d_PJM_LMP,0.11021864007794317,0.007493679684386038,0.10272496039355714,1,2023-10-31,2024-07-16,140.0
2023-12-18,dlog_SOLVPN__d_PJM_LMP,dlog_SOLVPN,d_PJM_LMP,0.036619467158052386,0.014588581608565972,0.022030885549486415,1,2023-10-31,2024-07-16,140.0
2023-12-19,dlog_SOLVPN__d_PJM_LMP,dlog_SOLVPN,d_PJM_LMP,0.05207672102269036,0.0146753394848174,0.037401381537872966,1,2023-10-31,2024-07-16,140.0
2023-12-20,dlog_SOLVPN__d_PJM_LMP,dlog_SOLVPN,d_PJM_LMP,0.061438437907118906,0.012015640337553342,0.049422797569565566,1,2023-10-31,2024-07-16,140.0
2023-12-21,dlog_SOLVPN__d_PJM_LMP,dlog_SOLVPN,d_PJM_LMP,0.0757749277392813,0.012712834838827196,0.0630620929004541,1,2023-10-31,2024-07-16,140.0
2023-12-26,dlog_SOLVPN__d_PJM_LMP,dlog_SOLVPN,d_PJM_LMP,0.0508951699720289,0.0175240550055941,0.0333711149664348,1,2023-10-31,2024-07-16,140.0
2023-12-27,dlog_SOLVPN__d_PJM_LMP,dlog_SOLVPN,d_PJM_LMP,0.0626490773307012,0.012437150196522164,0.05021192713417903,1,2023-10-31,2024-07-16,140.0
2023-12-28,dlog_SOLVPN__d_PJM_LMP,dlog_SOLVPN,d_PJM_LMP,0.05094903049421621,0.016470057933840977,0.03447897256037523,1,2023-10-31,2024-07-16,140.0
2024-01-02,dlog_SOLVPN__d_PJM_LMP,dlog_SOLVPN,d_PJM_LMP,0.04953352732976939,0.015668176546105216,0.03386535078366418,1,2023-10-31,2024-07-16,140.0
2024-01-03,dlog_SOLVPN__d_PJM_LMP,dlog_SOLVPN,d_PJM_LMP,0.058718428015747885,0.02498671245322659,0.033731715562521296,1,2023-10-31,2024-07-16,140.0
2024-01-04,dlog_SOLVPN__d_PJM_LMP,dlog_SOLVPN,d_PJM_LMP,0.07595142777500163,0.01667091312512815,0.05928051464987348,1,2023-10-31,2024-07-16,140.0
2024-01-08,dlog_SOLVPN__d_PJM_LMP,dlog_SOLVPN,d_PJM_LMP,0.06778426768298566,0.015155758230110299,0.052628509452875366,1,2023-10-31,2024-07-16,140.0
2024-01-09,dlog_SOLVPN__d_PJM_LMP,dlog_SOLVPN,d_PJM_LMP,0.06471337713139301,0.015729056330835666,0.04898432080055734,1,2023-10-31,2024-07-16,140.0
2024-01-10,dlog_SOLVPN__d_PJM_LMP,dlog_SOLVPN,d_PJM_LMP,0.06723812687672706,0.011649702634225614,0.05558842424250145,1,2023-10-31,2024-07-16,140.0
2024-01-11,dlog_SOLVPN__d_PJM_LMP,dlog_SOLVPN,d_PJM_LMP,0.06292219153586454,0.010985079673259526,0.05193711186260501,1,2023-10-31,2024-07-16,140.0
2024-01-16,dlog_SOLVPN__d_PJM_LMP,dlog_SOLVPN,d_PJM_LMP,0.035485124548861685,0.004856922058837427,0.030628202490024257,1,2023-10-31,2024-07-16,140.0
2024-01-17,dlog_SOLVPN__d_PJM_LMP,dlog_SOLVPN,d_PJM_LMP,0.07657407683430746,0.052610140802763584,0.023963936031543877,1,2023-10-31,2024-07-16,140.0
2024-01-18,dlog_SOLVPN__d_PJM_LMP,dlog_SOLVPN,d_PJM_LMP,0.020727324271665883,0.052312484780114285,-0.0315851605084484,1,2023-10-31,2024-07-16,140.0
2024-01-22,dlog_SOLVPN__d_PJM_LMP,dlog_SOLVPN,d_PJM_LMP,0.1255544364281399,0.009012320787231057,0.11654211564090884,1,2023-10-31,2024-07-16,140.0
2024-01-23,dlog_SOLVPN__d_PJM_LMP,dlog_SOLVPN,d_PJM_LMP,0.11399173089736925,0.005661399527710799,0.10833033136965844,1,2023-10-31,2024-07-16,140.0
2024-01-24,dlog_SOLVPN__d_PJM_LMP,dlog_SOLVPN,d_PJM_LMP,0.1274354360405121,0.003497831052748208,0.1239376049877639,1,2023-10-31,2024-07-16,140.0
2024-01-25,dlog_SOLVPN__d_PJM_LMP,dlog_SOLVPN,d_PJM_LMP,0.12457689901698137,0.0019517144946989368,0.12262518452228242,1,2023-10-31,2024-07-16,140.0
2024-01-29,dlog_SOLVPN__d_PJM_LMP,dlog_SOLVPN,d_PJM_LMP,0.13041871133359145,0.0016393864195846518,0.1287793249140068,1,2023-10-31,2024-07-16,140.0
2024-01-30,dlog_SOLVPN__d_PJM_LMP,dlog_SOLVPN,d_PJM_LMP,0.10371147230841743,0.002101067976813741,0.10161040433160369,1,2023-10-31,2024-07-16,140.0
2024-01-31,dlog_SOLVPN__d_PJM_LMP,dlog_SOLVPN,d_PJM_LMP,0.10312539884240003,0.0018678870844323458,0.10125751175796768,1,2023-10-31,2024-07-16,140.0
2024-02-01,dlog_SOLVPN__d_PJM_LMP,dlog_SOLVPN,d_PJM_LMP,0.10892583022711604,0.004109026255901403,0.10481680397121464,1,2023-10-31,2024-07-16,140.0
2024-02-05,dlog_SOLVPN__d_PJM_LMP,dlog_SOLVPN,d_PJM_LMP,0.10206107293577406,0.001952935096225487,0.10010813783954857,1,2023-10-31,2024-07-16,140.0
2024-02-06,dlog_SOLVPN__d_PJM_LMP,dlog_SOLVPN,d_PJM_LMP,0.08025724770012731,0.003520000744060725,0.07673724695606658,1,2023-10-31,2024-07-16,140.0
2024-02-07,dlog_SOLVPN__d_PJM_LMP,dlog_SOLVPN,d_PJM_LMP,0.06119041848575946,0.0027257175236073496,0.05846470096215211,1,2023-10-31,2024-07-16,140.0
2024-02-08,dlog_SOLVPN__d_PJM_LMP,dlog_SOLVPN,d_PJM_LMP,0.059557156463269485,0.004212438564632618,0.05534471789863687,1,2023-10-31,2024-07-16,140.0
2024-02-12,dlog_SOLVPN__d_PJM_LMP,dlog_SOLVPN,d_PJM_LMP,0.0531187412557024,0.004316036404731216,0.048802704850971185,1,2023-10-31,2024-07-16,140.0
2024-02-13,dlog_SOLVPN__d_PJM_LMP,dlog_SOLVPN,d_PJM_LMP,0.06366278958305267,0.014467385829984518,0.049195403753068155,1,2023-10-31,2024-07-16,140.0
2024-02-14,dlog_SOLVPN__d_PJM_LMP,dlog_SOLVPN,d_PJM_LMP,0.034081663186087595,0.025090068986049905,0.00899159420003769,1,2023-10-31,2024-07-16,140.0
2024-02-15,dlog_SOLVPN__d_PJM_LMP,dlog_SOLVPN,d_PJM_LMP,0.0628957407787065,0.02076795287123959,0.04212778790746691,1,2023-10-31,2024-07-16,140.0
2024-02-20,dlog_SOLVPN__d_PJM_LMP,dlog_SOLVPN,d_PJM_LMP,0.018878654479059433,0.026134831797148126,-0.007256177318088693,1,2023-10-31,2024-07-16,140.0
2024-02-21,dlog_SOLVPN__d_PJM_LMP,dlog_SOLVPN,d_PJM_LMP,0.017356729934735395,0.0228351682182444,-0.005478438283509007,1,2023-10-31,2024-07-16,140.0
2024-02-22,dlog_SOLVPN__d_PJM_LMP,dlog_SOLVPN,d_PJM_LMP,0.017971129082402858,0.021470033358875453,-0.0034989042764725954,1,2023-10-31,2024-07-16,140.0
2024-02-26,dlog_SOLVPN__d_PJM_LMP,dlog_SOLVPN,d_PJM_LMP,0.014465289405299368,0.025372380641474387,-0.01090709123617502,1,2023-10-31,2024-07-16,140.0
2024-02-27,dlog_SOLVPN__d_PJM_LMP,dlog_SOLVPN,d_PJM_LMP,0.009031230401750042,0.037100409527702084,-0.02806917912595204,1,2023-10-31,2024-07-16,140.0
2024-02-28,dlog_SOLVPN__d_PJM_LMP,dlog_SOLVPN,d_PJM_LMP,0.0060278102641561585,0.05237761978293308,-0.04634980951877692,1,2023-10-31,2024-07-16,140.0
2024-02-29,dlog_SOLVPN__d_PJM_LMP,dlog_SOLVPN,d_PJM_LMP,0.015151647555143043,0.05256944176449519,-0.03741779420935215,1,2023-10-31,2024-07-16,140.0
2024-03-04,dlog_SOLVPN__d_PJM_LMP,dlog_SOLVPN,d_PJM_LMP,0.07901947912516596,0.027922302698571978,0.05109717642659399,1,2023-10-31,2024-07-16,140.0
2024-03-05,dlog_SOLVPN__d_PJM_LMP,dlog_SOLVPN,d_PJM_LMP,0.0033002320222314664,0.036638558207098874,-0.03333832618486741,1,2023-10-31,2024-07-16,140.0
2024-03-06,dlog_SOLVPN__d_PJM_LMP,dlog_SOLVPN,d_PJM_LMP,0.004188060848229656,0.050573770606958356,-0.0463857097587287,1,2023-10-31,2024-07-16,140.0
2024-03-07,dlog_SOLVPN__d_PJM_LMP,dlog_SOLVPN,d_PJM_LMP,0.005258191780938648,0.04092898280368434,-0.03567079102274569,1,2023-10-31,2024-07-16,140.0
2024-03-11,dlog_SOLVPN__d_PJM_LMP,dlog_SOLVPN,d_PJM_LMP,0.004108811234534955,0.04355577065868231,-0.03944695942414735,1,2023-10-31,2024-07-16,140.0
2024-03-12,dlog_SOLVPN__d_PJM_LMP,dlog_SOLVPN,d_PJM_LMP,0.011590946566673326,0.03720648545755933,-0.025615538890886004,1,2023-10-31,2024-07-16,140.0
2024-03-13,dlog_SOLVPN__d_PJM_LMP,dlog_SOLVPN,d_PJM_LMP,0.011332071616473814,0.03096085651378724,-0.019628784897313428,1,2023-10-31,2024-07-16,140.0
2024-03-14,dlog_SOLVPN__d_PJM_LMP,dlog_SOLVPN,d_PJM_LMP,0.01990808237748103,0.02669545318905596,-0.00678737081157493,1,2023-10-31,2024-07-16,140.0
2024-03-18,dlog_SOLVPN__d_PJM_LMP,dlog_SOLVPN,d_PJM_LMP,0.00665512036030975,0.021330423117830278,-0.014675302757520527,1,2023-10-31,2024-07-16,140.0
2024-03-19,dlog_SOLVPN__d_PJM_LMP,dlog_SOLVPN,d_PJM_LMP,0.004386347004763568,0.07538233755205323,-0.07099599054728967,1,2023-10-31,2024-07-16,140.0
2024-03-20,dlog_SOLVPN__d_PJM_LMP,dlog_SOLVPN,d_PJM_LMP,0.0036052214876344233,0.04307931345329752,-0.039474091965663094,1,2023-10-31,2024-07-16,140.0
2024-03-21,dlog_SOLVPN__d_PJM_LMP,dlog_SOLVPN,d_PJM_LMP,0.006455851450239099,0.03220390040005059,-0.025748048949811492,1,2023-10-31,2024-07-16,140.0
2024-03-25,dlog_SOLVPN__d_PJM_LMP,dlog_SOLVPN,d_PJM_LMP,0.006479098618995143,0.03233420197938104,-0.0258551033603859,1,2023-10-31,2024-07-16,140.0
2024-03-26,dlog_SOLVPN__d_PJM_LMP,dlog_SOLVPN,d_PJM_LMP,0.006974777935666983,0.04216332222228867,-0.03518854428662169,1,2023-10-31,2024-07-16,140.0
2024-03-27,dlog_SOLVPN__d_PJM_LMP,dlog_SOLVPN,d_PJM_LMP,0.005884127710093283,0.05083201975673893,-0.04494789204664564,1,2023-10-31,2024-07-16,140.0
2024-04-01,dlog_SOLVPN__d_PJM_LMP,dlog_SOLVPN,d_PJM_LMP,0.00862085883106467,0.040037030388489776,-0.031416171557425106,1,2023-10-31,2024-07-16,140.0
2024-04-02,dlog_SOLVPN__d_PJM_LMP,dlog_SOLVPN,d_PJM_LMP,0.008237236016347271,0.03617584582185484,-0.027938609805507567,1,2023-10-31,2024-07-16,140.0
2024-04-03,dlog_SOLVPN__d_PJM_LMP,dlog_SOLVPN,d_PJM_LMP,0.006712932239814633,0.03805026257125129,-0.03133733033143666,1,2023-10-31,2024-07-16,140.0
2024-04-04,dlog_SOLVPN__d_PJM_LMP,dlog_SOLVPN,d_PJM_LMP,0.017481084525232806,0.049746913608713764,-0.032265829083480954,1,2023-10-31,2024-07-16,140.0
2024-04-08,dlog_SOLVPN__d_PJM_LMP,dlog_SOLVPN,d_PJM_LMP,0.006308215059314188,0.049720928630629865,-0.04341271357131568,1,2023-10-31,2024-07-16,140.0
2024-04-09,dlog_SOLVPN__d_PJM_LMP,dlog_SOLVPN,d_PJM_LMP,0.008491279753217033,0.048532688577758124,-0.04004140882454109,1,2023-10-31,2024-07-16,140.0
2024-04-10,dlog_SOLVPN__d_PJM_LMP,dlog_SOLVPN,d_PJM_LMP,0.0055557350922177265,0.06653952532480309,-0.060983790232585364,1,2023-10-31,2024-07-16,140.0
2024-04-11,dlog_SOLVPN__d_PJM_LMP,dlog_SOLVPN,d_PJM_LMP,0.006262486302922448,0.06323409190652499,-0.05697160560360254,1,2023-10-31,2024-07-16,140.0
2024-04-15,dlog_SOLVPN__d_PJM_LMP,dlog_SOLVPN,d_PJM_LMP,0.006722965630291855,0.04998839101169999,-0.04326542538140813,1,2023-10-31,2024-07-16,140.0
2024-04-16,dlog_SOLVPN__d_PJM_LMP,dlog_SOLVPN,d_PJM_LMP,0.02487334507622522,0.09021286823056647,-0.06533952315434124,1,2023-10-31,2024-07-16,140.0
2024-04-17,dlog_SOLVPN__d_PJM_LMP,dlog_SOLVPN,d_PJM_LMP,0.02610638576645356,0.019077999835260574,0.007028385931192985,1,2023-10-31,2024-07-16,140.0
2024-04-18,dlog_SOLVPN__d_PJM_LMP,dlog_SOLVPN,d_PJM_LMP,0.02200918888521099,0.024801150215614104,-0.0027919613304031136,1,2023-10-31,2024-07-16,140.0
2024-04-22,dlog_SOLVPN__d_PJM_LMP,dlog_SOLVPN,d_PJM_LMP,0.020247751636091688,0.02064733088301562,-0.0003995792469239333,1,2023-10-31,2024-07-16,140.0
2024-04-23,dlog_SOLVPN__d_PJM_LMP,dlog_SOLVPN,d_PJM_LMP,0.020709508546437827,0.013103828231197073,0.007605680315240754,1,2023-10-31,2024-07-16,140.0
2024-04-24,dlog_SOLVPN__d_PJM_LMP,dlog_SOLVPN,d_PJM_LMP,0.02287136415900932,0.01487172086177071,0.007999643297238611,1,2023-10-31,2024-07-16,140.0
2024-04-25,dlog_SOLVPN__d_PJM_LMP,dlog_SOLVPN,d_PJM_LMP,0.02485509120924135,0.011911486677952924,0.012943604531288426,1,2023-10-31,2024-07-16,140.0
2024-04-29,dlog_SOLVPN__d_PJM_LMP,dlog_SOLVPN,d_PJM_LMP,0.026526762669702112,0.03229873483942625,-0.005771972169724141,1,2023-10-31,2024-07-16,140.0
2024-04-30,dlog_SOLVPN__d_PJM_LMP,dlog_SOLVPN,d_PJM_LMP,0.06481828672117648,0.08244023872536745,-0.017621952004190963,1,2023-10-31,2024-07-16,140.0
2024-05-01,dlog_SOLVPN__d_PJM_LMP,dlog_SOLVPN,d_PJM_LMP,0.04141915057163094,0.04832723971359388,-0.006908089141962941,1,2023-10-31,2024-07-16,140.0
2024-05-02,dlog_SOLVPN__d_PJM_LMP,dlog_SOLVPN,d_PJM_LMP,0.03344288985347847,0.05815475752161901,-0.02471186766814054,1,2023-10-31,2024-07-16,140.0
2024-05-06,dlog_SOLVPN__d_PJM_LMP,dlog_SOLVPN,d_PJM_LMP,0.05885959361689135,0.05632115077185604,0.0025384428450353144,1,2023-10-31,2024-07-16,140.0
2024-05-07,dlog_SOLVPN__d_PJM_LMP,dlog_SOLVPN,d_PJM_LMP,0.06112014775264616,0.03986376428510334,0.02125638346754282,1,2023-10-31,2024-07-16,140.0
2024-05-08,dlog_SOLVPN__d_PJM_LMP,dlog_SOLVPN,d_PJM_LMP,0.0706310367817367,0.03016302974503136,0.040468007036705334,1,2023-10-31,2024-07-16,140.0
2024-05-09,dlog_SOLVPN__d_PJM_LMP,dlog_SOLVPN,d_PJM_LMP,0.10447953095137108,0.00856328642735035,0.09591624452402073,1,2023-10-31,2024-07-16,140.0
2024-05-13,dlog_SOLVPN__d_PJM_LMP,dlog_SOLVPN,d_PJM_LMP,0.11519071944064045,0.012324768175726893,0.10286595126491356,1,2023-10-31,2024-07-16,140.0
2024-05-14,dlog_SOLVPN__d_PJM_LMP,dlog_SOLVPN,d_PJM_LMP,0.11516147775249999,0.004242312328254275,0.11091916542424572,1,2023-10-31,2024-07-16,140.0
2024-05-15,dlog_SOLVPN__d_PJM_LMP,dlog_SOLVPN,d_PJM_LMP,0.12083589450921933,0.000499468523409324,0.12033642598581001,1,2023-10-31,2024-07-16,140.0
2024-05-16,dlog_SOLVPN__d_PJM_LMP,dlog_SOLVPN,d_PJM_LMP,0.09305306286728253,0.0004933945940497174,0.09255966827323281,1,2023-10-31,2024-07-16,140.0
2024-05-20,dlog_SOLVPN__d_PJM_LMP,dlog_SOLVPN,d_PJM_LMP,0.08733300899091015,0.0009432224035580229,0.08638978658735212,1,2023-10-31,2024-07-16,140.0
2024-05-21,dlog_SOLVPN__d_PJM_LMP,dlog_SOLVPN,d_PJM_LMP,0.08635806894679701,0.0044168607737959005,0.08194120817300111,1,2023-10-31,2024-07-16,140.0
2024-05-22,dlog_SOLVPN__d_PJM_LMP,dlog_SOLVPN,d_PJM_LMP,0.05955941321744943,0.007711187162125783,0.051848226055323646,1,2023-10-31,2024-07-16,140.0
2024-05-23,dlog_SOLVPN__d_PJM_LMP,dlog_SOLVPN,d_PJM_LMP,0.09424569409893842,0.005537913487892016,0.08870778061104641,1,2023-10-31,2024-07-16,140.0
2024-05-28,dlog_SOLVPN__d_PJM_LMP,dlog_SOLVPN,d_PJM_LMP,0.06840358971166696,0.00740327712581625,0.06100031258585071,1,2023-10-31,2024-07-16,140.0
2024-05-29,dlog_SOLVPN__d_PJM_LMP,dlog_SOLVPN,d_PJM_LMP,0.04861415462759614,0.0041531926932020565,0.04446096193439408,1,2023-10-31,2024-07-16,140.0
2024-05-30,dlog_SOLVPN__d_PJM_LMP,dlog_SOLVPN,d_PJM_LMP,0.10025664642588401,0.022574440438624756,0.07768220598725925,1,2023-10-31,2024-07-16,140.0
2024-06-03,dlog_SOLVPN__d_PJM_LMP,dlog_SOLVPN,d_PJM_LMP,0.1157424621642919,0.026381901581733022,0.08936056058255888,1,2023-10-31,2024-07-16,140.0
2024-06-04,dlog_SOLVPN__d_PJM_LMP,dlog_SOLVPN,d_PJM_LMP,0.12523086614961984,0.015675261871361295,0.10955560427825854,1,2023-10-31,2024-07-16,140.0
2024-06-05,dlog_SOLVPN__d_PJM_LMP,dlog_SOLVPN,d_PJM_LMP,0.14472034518225163,0.026467943192751663,0.11825240198949996,1,2023-10-31,2024-07-16,140.0
2024-06-06,dlog_SOLVPN__d_PJM_LMP,dlog_SOLVPN,d_PJM_LMP,0.09593459150275095,0.028327912609792134,0.06760667889295882,1,2023-10-31,2024-07-16,140.0
2024-06-10,dlog_SOLVPN__d_PJM_LMP,dlog_SOLVPN,d_PJM_LMP,0.09730376860172635,0.029066114004233402,0.06823765459749295,1,2023-10-31,2024-07-16,140.0
2024-06-11,dlog_SOLVPN__d_PJM_LMP,dlog_SOLVPN,d_PJM_LMP,0.09280608302889695,0.018413022320677,0.07439306070821995,1,2023-10-31,2024-07-16,140.0
2024-06-12,dlog_SOLVPN__d_PJM_LMP,dlog_SOLVPN,d_PJM_LMP,0.08103222653634451,0.017226753730193865,0.06380547280615065,1,2023-10-31,2024-07-16,140.0
2024-06-13,dlog_SOLVPN__d_PJM_LMP,dlog_SOLVPN,d_PJM_LMP,0.09008529851116033,0.014778573359826989,0.07530672515133334,1,2023-10-31,2024-07-16,140.0
2024-06-17,dlog_SOLVPN__d_PJM_LMP,dlog_SOLVPN,d_PJM_LMP,0.08726050036665509,0.019829328875346074,0.067431171491309,1,2023-10-31,2024-07-16,140.0
2024-06-18,dlog_SOLVPN__d_PJM_LMP,dlog_SOLVPN,d_PJM_LMP,0.05786237210228015,0.004200671122740952,0.0536617009795392,1,2023-10-31,2024-07-16,140.0
2024-06-20,dlog_SOLVPN__d_PJM_LMP,dlog_SOLVPN,d_PJM_LMP,0.17950936051944888,0.013372948325118934,0.16613641219432995,1,2023-10-31,2024-07-16,140.0
2024-06-24,dlog_SOLVPN__d_PJM_LMP,dlog_SOLVPN,d_PJM_LMP,0.17555712187877284,0.018302016657542355,0.15725510522123048,1,2023-10-31,2024-07-16,140.0
2024-06-25,dlog_SOLVPN__d_PJM_LMP,dlog_SOLVPN,d_PJM_LMP,0.1767208594789921,0.012608904792796494,0.1641119546861956,1,2023-10-31,2024-07-16,140.0
2024-06-26,dlog_SOLVPN__d_PJM_LMP,dlog_SOLVPN,d_PJM_LMP,0.17895503367640148,0.010472098822174054,0.1684829348542274,1,2023-10-31,2024-07-16,140.0
2024-06-27,dlog_SOLVPN__d_PJM_LMP,dlog_SOLVPN,d_PJM_LMP,0.18497745856413436,0.01343197395478105,0.17154548460935332,1,2023-10-31,2024-07-16,140.0
2024-07-01,dlog_SOLVPN__d_PJM_LMP,dlog_SOLVPN,d_PJM_LMP,0.18360502923198493,0.015218464620323807,0.16838656461166113,1,2023-10-31,2024-07-16,140.0
2024-07-02,dlog_SOLVPN__d_PJM_LMP,dlog_SOLVPN,d_PJM_LMP,0.16880625049279643,0.011583475007154218,0.15722277548564223,1,2023-10-31,2024-07-16,140.0
2024-07-03,dlog_SOLVPN__d_PJM_LMP,dlog_SOLVPN,d_PJM_LMP,0.15633231826092422,0.007949231155442407,0.14838308710548181,1,2023-10-31,2024-07-16,140.0
2024-07-08,dlog_SOLVPN__d_PJM_LMP,dlog_SOLVPN,d_PJM_LMP,0.15625948733064185,0.013189275854767094,0.14307021147587476,1,2023-10-31,2024-07-16,140.0
2024-07-09,dlog_SOLVPN__d_PJM_LMP,dlog_SOLVPN,d_PJM_LMP,0.20973543708818843,0.024944532894917434,0.184790904193271,1,2023-10-31,2024-07-16,140.0
2024-07-10,dlog_SOLVPN__d_PJM_LMP,dlog_SOLVPN,d_PJM_LMP,0.2190247223402703,0.019373337981964875,0.19965138435830543,1,2023-10-31,2024-07-16,140.0
2024-07-11,dlog_SOLVPN__d_PJM_LMP,dlog_SOLVPN,d_PJM_LMP,0.1190692143944899,0.0040731252415158415,0.11499608915297406,1,2023-10-31,2024-07-16,140.0
2024-07-15,dlog_SOLVPN__d_PJM_LMP,dlog_SOLVPN,d_PJM_LMP,0.1530542689680238,0.01955979637263271,0.13349447259539107,1,2023-10-31,2024-07-16,140.0
2024-07-16,dlog_SOLVPN__d_PJM_LMP,dlog_SOLVPN,d_PJM_LMP,0.16716101236333333,0.005336523332342764,0.16182448903099056,1,2023-10-31,2024-07-16,140.0
2024-07-17,dlog_SOLVPN__d_PJM_LMP,dlog_SOLVPN,d_PJM_LMP,0.08394630177678004,0.03808745253434326,0.045858849242436786,2,2024-07-17,2025-04-15,145.0
2024-07-18,dlog_SOLVPN__d_PJM_LMP,dlog_SOLVPN,d_PJM_LMP,0.10657059775507523,0.053192986892398424,0.053377610862676804,2,2024-07-17,2025-04-15,145.0
2024-07-22,dlog_SOLVPN__d_PJM_LMP,dlog_SOLVPN,d_PJM_LMP,0.10887959509738691,0.062408522194077415,0.0464710729033095,2,2024-07-17,2025-04-15,145.0
2024-07-23,dlog_SOLVPN__d_PJM_LMP,dlog_SOLVPN,d_PJM_LMP,0.10785823503295001,0.05131514066261854,0.056543094370331476,2,2024-07-17,2025-04-15,145.0
2024-07-24,dlog_SOLVPN__d_PJM_LMP,dlog_SOLVPN,d_PJM_LMP,0.09937850917101256,0.023189118503853967,0.07618939066715859,2,2024-07-17,2025-04-15,145.0
2024-07-25,dlog_SOLVPN__d_PJM_LMP,dlog_SOLVPN,d_PJM_LMP,0.10069730166256004,0.01947834861768067,0.08121895304487936,2,2024-07-17,2025-04-15,145.0
2024-07-29,dlog_SOLVPN__d_PJM_LMP,dlog_SOLVPN,d_PJM_LMP,0.07885457320022753,0.02198517187524952,0.056869401324978,2,2024-07-17,2025-04-15,145.0
2024-07-30,dlog_SOLVPN__d_PJM_LMP,dlog_SOLVPN,d_PJM_LMP,0.0796922711566633,0.022958598589891854,0.05673367256677145,2,2024-07-17,2025-04-15,145.0
2024-07-31,dlog_SOLVPN__d_PJM_LMP,dlog_SOLVPN,d_PJM_LMP,0.11690354073526321,0.06389663622175344,0.05300690451350977,2,2024-07-17,2025-04-15,145.0
2024-08-01,dlog_SOLVPN__d_PJM_LMP,dlog_SOLVPN,d_PJM_LMP,0.1122266896043423,0.045834224124260234,0.06639246548008207,2,2024-07-17,2025-04-15,145.0
2024-08-05,dlog_SOLVPN__d_PJM_LMP,dlog_SOLVPN,d_PJM_LMP,0.04651942800650803,0.03521986658234149,0.011299561424166542,2,2024-07-17,2025-04-15,145.0
2024-08-06,dlog_SOLVPN__d_PJM_LMP,dlog_SOLVPN,d_PJM_LMP,0.05966003139458317,0.04335729564663628,0.016302735747946884,2,2024-07-17,2025-04-15,145.0
2024-08-07,dlog_SOLVPN__d_PJM_LMP,dlog_SOLVPN,d_PJM_LMP,0.037596881526462164,0.03501079211806581,0.002586089408396351,2,2024-07-17,2025-04-15,145.0
2024-08-08,dlog_SOLVPN__d_PJM_LMP,dlog_SOLVPN,d_PJM_LMP,0.02880601262749077,0.03433899123433164,-0.005532978606840867,2,2024-07-17,2025-04-15,145.0
2024-08-12,dlog_SOLVPN__d_PJM_LMP,dlog_SOLVPN,d_PJM_LMP,0.08794190590554375,0.037879859018378405,0.05006204688716535,2,2024-07-17,2025-04-15,145.0
2024-08-13,dlog_SOLVPN__d_PJM_LMP,dlog_SOLVPN,d_PJM_LMP,0.06539615143199214,0.03674587741529359,0.02865027401669855,2,2024-07-17,2025-04-15,145.0
2024-08-14,dlog_SOLVPN__d_PJM_LMP,dlog_SOLVPN,d_PJM_LMP,0.05218812511248265,0.030325915072525154,0.021862210039957496,2,2024-07-17,2025-04-15,145.0
2024-08-15,dlog_SOLVPN__d_PJM_LMP,dlog_SOLVPN,d_PJM_LMP,0.05261309591738878,0.028852571934223144,0.023760523983165638,2,2024-07-17,2025-04-15,145.0
2024-08-19,dlog_SOLVPN__d_PJM_LMP,dlog_SOLVPN,d_PJM_LMP,0.04708244486979458,0.0266825245981068,0.02039992027168778,2,2024-07-17,2025-04-15,145.0
2024-08-20,dlog_SOLVPN__d_PJM_LMP,dlog_SOLVPN,d_PJM_LMP,0.032733339236182685,0.02820294200443044,0.004530397231752244,2,2024-07-17,2025-04-15,145.0
2024-08-21,dlog_SOLVPN__d_PJM_LMP,dlog_SOLVPN,d_PJM_LMP,0.04782692258256811,0.025012170787795742,0.02281475179477237,2,2024-07-17,2025-04-15,145.0
2024-08-22,dlog_SOLVPN__d_PJM_LMP,dlog_SOLVPN,d_PJM_LMP,0.0541512642746123,0.023866844109069342,0.03028442016554296,2,2024-07-17,2025-04-15,145.0
2024-08-26,dlog_SOLVPN__d_PJM_LMP,dlog_SOLVPN,d_PJM_LMP,0.05276720715928595,0.024305680851689916,0.028461526307596033,2,2024-07-17,2025-04-15,145.0
2024-08-27,dlog_SOLVPN__d_PJM_LMP,dlog_SOLVPN,d_PJM_LMP,0.06621160083056288,0.02015176186253452,0.04605983896802836,2,2024-07-17,2025-04-15,145.0
2024-08-28,dlog_SOLVPN__d_PJM_LMP,dlog_SOLVPN,d_PJM_LMP,0.06468368464173442,0.04977294756137417,0.014910737080360253,2,2024-07-17,2025-04-15,145.0
2024-08-29,dlog_SOLVPN__d_PJM_LMP,dlog_SOLVPN,d_PJM_LMP,0.13897751268359498,0.05247447036222735,0.08650304232136763,2,2024-07-17,2025-04-15,145.0
2024-09-03,dlog_SOLVPN__d_PJM_LMP,dlog_SOLVPN,d_PJM_LMP,0.15322530824828107,0.03891253259951826,0.1143127756487628,2,2024-07-17,2025-04-15,145.0
2024-09-04,dlog_SOLVPN__d_PJM_LMP,dlog_SOLVPN,d_PJM_LMP,0.0714377208142889,0.03527675392537101,0.036160966888917886,2,2024-07-17,2025-04-15,145.0
2024-09-05,dlog_SOLVPN__d_PJM_LMP,dlog_SOLVPN,d_PJM_LMP,0.07055057151987451,0.041480080438708856,0.029070491081165654,2,2024-07-17,2025-04-15,145.0
2024-09-09,dlog_SOLVPN__d_PJM_LMP,dlog_SOLVPN,d_PJM_LMP,0.06702860926313192,0.03816278148643432,0.0288658277766976,2,2024-07-17,2025-04-15,145.0
2024-09-10,dlog_SOLVPN__d_PJM_LMP,dlog_SOLVPN,d_PJM_LMP,0.06057558873699178,0.027683245302880934,0.03289234343411085,2,2024-07-17,2025-04-15,145.0
2024-09-11,dlog_SOLVPN__d_PJM_LMP,dlog_SOLVPN,d_PJM_LMP,0.08305335146091838,0.02708283095907817,0.05597052050184022,2,2024-07-17,2025-04-15,145.0
2024-09-12,dlog_SOLVPN__d_PJM_LMP,dlog_SOLVPN,d_PJM_LMP,0.06686049904990611,0.027547228389896157,0.039313270660009954,2,2024-07-17,2025-04-15,145.0
2024-09-16,dlog_SOLVPN__d_PJM_LMP,dlog_SOLVPN,d_PJM_LMP,0.06152259411896502,0.025510291587088913,0.03601230253187611,2,2024-07-17,2025-04-15,145.0
2024-09-17,dlog_SOLVPN__d_PJM_LMP,dlog_SOLVPN,d_PJM_LMP,0.06702485668981292,0.022832844500255915,0.04419201218955701,2,2024-07-17,2025-04-15,145.0
2024-09-18,dlog_SOLVPN__d_PJM_LMP,dlog_SOLVPN,d_PJM_LMP,0.07563536103711678,0.025882187075121507,0.04975317396199527,2,2024-07-17,2025-04-15,145.0
2024-09-19,dlog_SOLVPN__d_PJM_LMP,dlog_SOLVPN,d_PJM_LMP,0.03885999720561146,0.03284184799506661,0.006018149210544846,2,2024-07-17,2025-04-15,145.0
2024-09-23,dlog_SOLVPN__d_PJM_LMP,dlog_SOLVPN,d_PJM_LMP,0.04471542577666022,0.023869650416466215,0.020845775360194004,2,2024-07-17,2025-04-15,145.0
2024-09-24,dlog_SOLVPN__d_PJM_LMP,dlog_SOLVPN,d_PJM_LMP,0.049290255732035715,0.0288012062391043,0.020489049492931413,2,2024-07-17,2025-04-15,145.0
2024-09-25,dlog_SOLVPN__d_PJM_LMP,dlog_SOLVPN,d_PJM_LMP,0.05751318015980222,0.01802323999100873,0.03948994016879349,2,2024-07-17,2025-04-15,145.0
2024-09-26,dlog_SOLVPN__d_PJM_LMP,dlog_SOLVPN,d_PJM_LMP,0.05854328492389232,0.0181756577646678,0.04036762715922452,2,2024-07-17,2025-04-15,145.0
2024-09-30,dlog_SOLVPN__d_PJM_LMP,dlog_SOLVPN,d_PJM_LMP,0.07354820068045821,0.019245258888233065,0.05430294179222515,2,2024-07-17,2025-04-15,145.0
2024-10-01,dlog_SOLVPN__d_PJM_LMP,dlog_SOLVPN,d_PJM_LMP,0.0723685951155288,0.016222844107577218,0.056145751007951585,2,2024-07-17,2025-04-15,145.0
2024-10-02,dlog_SOLVPN__d_PJM_LMP,dlog_SOLVPN,d_PJM_LMP,0.06210315810175928,0.0181278580989492,0.04397530000281008,2,2024-07-17,2025-04-15,145.0
2024-10-03,dlog_SOLVPN__d_PJM_LMP,dlog_SOLVPN,d_PJM_LMP,0.07542528753160817,0.030028064263680956,0.04539722326792721,2,2024-07-17,2025-04-15,145.0
2024-10-07,dlog_SOLVPN__d_PJM_LMP,dlog_SOLVPN,d_PJM_LMP,0.022834092911692375,0.029403737316530155,-0.006569644404837781,2,2024-07-17,2025-04-15,145.0
2024-10-08,dlog_SOLVPN__d_PJM_LMP,dlog_SOLVPN,d_PJM_LMP,0.019123422003349082,0.015244286230698064,0.0038791357726510184,2,2024-07-17,2025-04-15,145.0
2024-10-09,dlog_SOLVPN__d_PJM_LMP,dlog_SOLVPN,d_PJM_LMP,0.012162354237855808,0.013235698211773683,-0.0010733439739178743,2,2024-07-17,2025-04-15,145.0
2024-10-10,dlog_SOLVPN__d_PJM_LMP,dlog_SOLVPN,d_PJM_LMP,0.01193043835939563,0.010989818653209976,0.0009406197061856535,2,2024-07-17,2025-04-15,145.0
2024-10-15,dlog_SOLVPN__d_PJM_LMP,dlog_SOLVPN,d_PJM_LMP,0.020324431865337358,0.013494534985764502,0.006829896879572856,2,2024-07-17,2025-04-15,145.0
2024-10-16,dlog_SOLVPN__d_PJM_LMP,dlog_SOLVPN,d_PJM_LMP,0.01635586232831666,0.02098344995146647,-0.0046275876231498085,2,2024-07-17,2025-04-15,145.0
2024-10-17,dlog_SOLVPN__d_PJM_LMP,dlog_SOLVPN,d_PJM_LMP,0.015427469964758942,0.024458586737549796,-0.009031116772790854,2,2024-07-17,2025-04-15,145.0
2024-10-21,dlog_SOLVPN__d_PJM_LMP,dlog_SOLVPN,d_PJM_LMP,0.01795254054055723,0.021185595990923466,-0.003233055450366236,2,2024-07-17,2025-04-15,145.0
2024-10-22,dlog_SOLVPN__d_PJM_LMP,dlog_SOLVPN,d_PJM_LMP,0.013860764078847359,0.03281863198208044,-0.018957867903233082,2,2024-07-17,2025-04-15,145.0
2024-10-23,dlog_SOLVPN__d_PJM_LMP,dlog_SOLVPN,d_PJM_LMP,0.009673506035096901,0.03359350065113837,-0.023919994616041468,2,2024-07-17,2025-04-15,145.0
2024-10-24,dlog_SOLVPN__d_PJM_LMP,dlog_SOLVPN,d_PJM_LMP,0.01268807764588638,0.033479102693350256,-0.020791025047463878,2,2024-07-17,2025-04-15,145.0
2024-10-28,dlog_SOLVPN__d_PJM_LMP,dlog_SOLVPN,d_PJM_LMP,0.014112154629777374,0.03391956398215134,-0.019807409352373965,2,2024-07-17,2025-04-15,145.0
2024-10-29,dlog_SOLVPN__d_PJM_LMP,dlog_SOLVPN,d_PJM_LMP,0.02953310962141536,0.03537990950498143,-0.005846799883566074,2,2024-07-17,2025-04-15,145.0
2024-10-30,dlog_SOLVPN__d_PJM_LMP,dlog_SOLVPN,d_PJM_LMP,0.013033399886172813,0.03697354428357871,-0.0239401443974059,2,2024-07-17,2025-04-15,145.0
2024-10-31,dlog_SOLVPN__d_PJM_LMP,dlog_SOLVPN,d_PJM_LMP,0.012420464543204862,0.03402261202807994,-0.02160214748487508,2,2024-07-17,2025-04-15,145.0
2024-11-04,dlog_SOLVPN__d_PJM_LMP,dlog_SOLVPN,d_PJM_LMP,0.026951991394810575,0.03262600746093054,-0.005674016066119968,2,2024-07-17,2025-04-15,145.0
2024-11-05,dlog_SOLVPN__d_PJM_LMP,dlog_SOLVPN,d_PJM_LMP,0.024656237412877202,0.03785166876417783,-0.013195431351300628,2,2024-07-17,2025-04-15,145.0
2024-11-06,dlog_SOLVPN__d_PJM_LMP,dlog_SOLVPN,d_PJM_LMP,0.04152041211926044,0.04126518250540079,0.00025522961385965326,2,2024-07-17,2025-04-15,145.0
2024-11-07,dlog_SOLVPN__d_PJM_LMP,dlog_SOLVPN,d_PJM_LMP,0.017367355452813156,0.05129768589236956,-0.03393033043955641,2,2024-07-17,2025-04-15,145.0
2024-11-12,dlog_SOLVPN__d_PJM_LMP,dlog_SOLVPN,d_PJM_LMP,0.021952629795289325,0.056596121074735994,-0.03464349127944667,2,2024-07-17,2025-04-15,145.0
2024-11-13,dlog_SOLVPN__d_PJM_LMP,dlog_SOLVPN,d_PJM_LMP,0.02436457672867951,0.03573661384600508,-0.011372037117325567,2,2024-07-17,2025-04-15,145.0
2024-11-14,dlog_SOLVPN__d_PJM_LMP,dlog_SOLVPN,d_PJM_LMP,0.02385919378024416,0.013070456756287593,0.010788737023956569,2,2024-07-17,2025-04-15,145.0
2024-11-18,dlog_SOLVPN__d_PJM_LMP,dlog_SOLVPN,d_PJM_LMP,0.02795009732968204,0.009854396260974856,0.018095701068707185,2,2024-07-17,2025-04-15,145.0
2024-11-19,dlog_SOLVPN__d_PJM_LMP,dlog_SOLVPN,d_PJM_LMP,0.01341229678779736,0.007732656215471335,0.005679640572326024,2,2024-07-17,2025-04-15,145.0
2024-11-20,dlog_SOLVPN__d_PJM_LMP,dlog_SOLVPN,d_PJM_LMP,0.011715834437269323,0.008365870080784285,0.003349964356485038,2,2024-07-17,2025-04-15,145.0
2024-11-21,dlog_SOLVPN__d_PJM_LMP,dlog_SOLVPN,d_PJM_LMP,0.04997276341165387,0.011582604412227776,0.03839015899942609,2,2024-07-17,2025-04-15,145.0
2024-11-25,dlog_SOLVPN__d_PJM_LMP,dlog_SOLVPN,d_PJM_LMP,0.04785716806143566,0.015008822161224109,0.03284834590021155,2,2024-07-17,2025-04-15,145.0
2024-11-26,dlog_SOLVPN__d_PJM_LMP,dlog_SOLVPN,d_PJM_LMP,0.04881418951651426,0.012971649281628146,0.03584254023488612,2,2024-07-17,2025-04-15,145.0
2024-11-27,dlog_SOLVPN__d_PJM_LMP,dlog_SOLVPN,d_PJM_LMP,0.03866665602824284,0.012505381570416602,0.026161274457826237,2,2024-07-17,2025-04-15,145.0
2024-12-02,dlog_SOLVPN__d_PJM_LMP,dlog_SOLVPN,d_PJM_LMP,0.05496826711587081,0.021045548331843508,0.0339227187840273,2,2024-07-17,2025-04-15,145.0
2024-12-03,dlog_SOLVPN__d_PJM_LMP,dlog_SOLVPN,d_PJM_LMP,0.045197944311450286,0.005024245793754862,0.04017369851769542,2,2024-07-17,2025-04-15,145.0
2024-12-04,dlog_SOLVPN__d_PJM_LMP,dlog_SOLVPN,d_PJM_LMP,0.029960304907568458,0.004223579403734325,0.025736725503834133,2,2024-07-17,2025-04-15,145.0
2024-12-05,dlog_SOLVPN__d_PJM_LMP,dlog_SOLVPN,d_PJM_LMP,0.02856558579735809,0.006274340343941153,0.022291245453416937,2,2024-07-17,2025-04-15,145.0
2024-12-09,dlog_SOLVPN__d_PJM_LMP,dlog_SOLVPN,d_PJM_LMP,0.028501894687807457,0.004328077279620541,0.024173817408186915,2,2024-07-17,2025-04-15,145.0
2024-12-10,dlog_SOLVPN__d_PJM_LMP,dlog_SOLVPN,d_PJM_LMP,0.031652640329329934,0.004588359089053147,0.027064281240276787,2,2024-07-17,2025-04-15,145.0
2024-12-11,dlog_SOLVPN__d_PJM_LMP,dlog_SOLVPN,d_PJM_LMP,0.02334565232557401,0.004114649189390364,0.019231003136183644,2,2024-07-17,2025-04-15,145.0
2024-12-12,dlog_SOLVPN__d_PJM_LMP,dlog_SOLVPN,d_PJM_LMP,0.02694979299482127,0.002194648322710699,0.024755144672110572,2,2024-07-17,2025-04-15,145.0
2024-12-16,dlog_SOLVPN__d_PJM_LMP,dlog_SOLVPN,d_PJM_LMP,0.038278254518767624,0.00650996080796911,0.03176829371079851,2,2024-07-17,2025-04-15,145.0
2024-12-17,dlog_SOLVPN__d_PJM_LMP,dlog_SOLVPN,d_PJM_LMP,0.03779286229551891,0.005935769605443565,0.03185709269007535,2,2024-07-17,2025-04-15,145.0
2024-12-18,dlog_SOLVPN__d_PJM_LMP,dlog_SOLVPN,d_PJM_LMP,0.18088041215728964,0.009524369383737756,0.17135604277355188,2,2024-07-17,2025-04-15,145.0
2024-12-19,dlog_SOLVPN__d_PJM_LMP,dlog_SOLVPN,d_PJM_LMP,0.05484536383185842,0.0238768478386103,0.030968515993248118,2,2024-07-17,2025-04-15,145.0
2024-12-23,dlog_SOLVPN__d_PJM_LMP,dlog_SOLVPN,d_PJM_LMP,0.05041242119116792,0.02920537188650168,0.021207049304666242,2,2024-07-17,2025-04-15,145.0
2024-12-26,dlog_SOLVPN__d_PJM_LMP,dlog_SOLVPN,d_PJM_LMP,0.051108001889120146,0.03222881335350162,0.018879188535618527,2,2024-07-17,2025-04-15,145.0
2024-12-30,dlog_SOLVPN__d_PJM_LMP,dlog_SOLVPN,d_PJM_LMP,0.050690499534141197,0.032380053845891994,0.018310445688249202,2,2024-07-17,2025-04-15,145.0
2025-01-02,dlog_SOLVPN__d_PJM_LMP,dlog_SOLVPN,d_PJM_LMP,0.04077864083091677,0.019444592593132366,0.021334048237784405,2,2024-07-17,2025-04-15,145.0
2025-01-06,dlog_SOLVPN__d_PJM_LMP,dlog_SOLVPN,d_PJM_LMP,0.03237918448297842,0.01756979153575427,0.014809392947224151,2,2024-07-17,2025-04-15,145.0
2025-01-07,dlog_SOLVPN__d_PJM_LMP,dlog_SOLVPN,d_PJM_LMP,0.03344931937249157,0.005723142483125644,0.027726176889365926,2,2024-07-17,2025-04-15,145.0
2025-01-08,dlog_SOLVPN__d_PJM_LMP,dlog_SOLVPN,d_PJM_LMP,0.027602381085395117,0.006527195239877658,0.021075185845517458,2,2024-07-17,2025-04-15,145.0
2025-01-13,dlog_SOLVPN__d_PJM_LMP,dlog_SOLVPN,d_PJM_LMP,0.0340655168128255,0.0126918932734894,0.021373623539336098,2,2024-07-17,2025-04-15,145.0
2025-01-14,dlog_SOLVPN__d_PJM_LMP,dlog_SOLVPN,d_PJM_LMP,0.04541831241370597,0.015207603881587659,0.03021070853211831,2,2024-07-17,2025-04-15,145.0
2025-01-15,dlog_SOLVPN__d_PJM_LMP,dlog_SOLVPN,d_PJM_LMP,0.04107452383224743,0.009916987346230777,0.031157536486016657,2,2024-07-17,2025-04-15,145.0
2025-01-16,dlog_SOLVPN__d_PJM_LMP,dlog_SOLVPN,d_PJM_LMP,0.05570337626625289,0.008852263216247633,0.04685111305000525,2,2024-07-17,2025-04-15,145.0
2025-01-21,dlog_SOLVPN__d_PJM_LMP,dlog_SOLVPN,d_PJM_LMP,0.05281009707647445,0.03656419262812903,0.016245904448345422,2,2024-07-17,2025-04-15,145.0
2025-01-22,dlog_SOLVPN__d_PJM_LMP,dlog_SOLVPN,d_PJM_LMP,0.08457351063272776,0.07582841799593237,0.00874509263679539,2,2024-07-17,2025-04-15,145.0
2025-01-23,dlog_SOLVPN__d_PJM_LMP,dlog_SOLVPN,d_PJM_LMP,0.12755848236632794,0.09109118620297382,0.03646729616335412,2,2024-07-17,2025-04-15,145.0
2025-01-27,dlog_SOLVPN__d_PJM_LMP,dlog_SOLVPN,d_PJM_LMP,0.21184539586637943,0.1333096629830362,0.07853573288334323,2,2024-07-17,2025-04-15,145.0
2025-01-28,dlog_SOLVPN__d_PJM_LMP,dlog_SOLVPN,d_PJM_LMP,0.10384852186337017,0.13968350363148593,-0.03583498176811577,2,2024-07-17,2025-04-15,145.0
2025-01-29,dlog_SOLVPN__d_PJM_LMP,dlog_SOLVPN,d_PJM_LMP,0.11146607602172948,0.13760942642603968,-0.026143350404310206,2,2024-07-17,2025-04-15,145.0
2025-01-30,dlog_SOLVPN__d_PJM_LMP,dlog_SOLVPN,d_PJM_LMP,0.1081432341953376,0.13779783813041682,-0.029654603935079224,2,2024-07-17,2025-04-15,145.0
2025-02-03,dlog_SOLVPN__d_PJM_LMP,dlog_SOLVPN,d_PJM_LMP,0.0942596307166059,0.13647814311238762,-0.04221851239578173,2,2024-07-17,2025-04-15,145.0
2025-02-04,dlog_SOLVPN__d_PJM_LMP,dlog_SOLVPN,d_PJM_LMP,0.10268307376376906,0.12260587509861035,-0.019922801334841284,2,2024-07-17,2025-04-15,145.0
2025-02-05,dlog_SOLVPN__d_PJM_LMP,dlog_SOLVPN,d_PJM_LMP,0.0740014782645147,0.09446877496183295,-0.020467296697318255,2,2024-07-17,2025-04-15,145.0
2025-02-06,dlog_SOLVPN__d_PJM_LMP,dlog_SOLVPN,d_PJM_LMP,0.09396535889459647,0.1003812549753695,-0.006415896080773031,2,2024-07-17,2025-04-15,145.0
2025-02-10,dlog_SOLVPN__d_PJM_LMP,dlog_SOLVPN,d_PJM_LMP,0.0644427205780964,0.04661573123676353,0.017826989341332866,2,2024-07-17,2025-04-15,145.0
2025-02-11,dlog_SOLVPN__d_PJM_LMP,dlog_SOLVPN,d_PJM_LMP,0.06575052736770293,0.047422915396715566,0.01832761197098736,2,2024-07-17,2025-04-15,145.0
2025-02-12,dlog_SOLVPN__d_PJM_LMP,dlog_SOLVPN,d_PJM_LMP,0.07054083240984099,0.047861705097831754,0.022679127312009238,2,2024-07-17,2025-04-15,145.0
2025-02-13,dlog_SOLVPN__d_PJM_LMP,dlog_SOLVPN,d_PJM_LMP,0.06915411367624748,0.050960358722954666,0.018193754953292812,2,2024-07-17,2025-04-15,145.0
2025-02-18,dlog_SOLVPN__d_PJM_LMP,dlog_SOLVPN,d_PJM_LMP,0.06028939626529736,0.04652009696061292,0.013769299304684443,2,2024-07-17,2025-04-15,145.0
2025-02-19,dlog_SOLVPN__d_PJM_LMP,dlog_SOLVPN,d_PJM_LMP,0.058083907571018285,0.055441605019497554,0.002642302551520731,2,2024-07-17,2025-04-15,145.0
2025-02-20,dlog_SOLVPN__d_PJM_LMP,dlog_SOLVPN,d_PJM_LMP,0.06941238194384936,0.10465765708732597,-0.03524527514347661,2,2024-07-17,2025-04-15,145.0
2025-02-24,dlog_SOLVPN__d_PJM_LMP,dlog_SOLVPN,d_PJM_LMP,0.06630472628032485,0.15104973910604583,-0.08474501282572097,2,2024-07-17,2025-04-15,145.0
2025-02-25,dlog_SOLVPN__d_PJM_LMP,dlog_SOLVPN,d_PJM_LMP,0.07314642417818025,0.12792405566724616,-0.054777631489065906,2,2024-07-17,2025-04-15,145.0
2025-02-26,dlog_SOLVPN__d_PJM_LMP,dlog_SOLVPN,d_PJM_LMP,0.068296827274617,0.13282380598091523,-0.06452697870629823,2,2024-07-17,2025-04-15,145.0
2025-02-27,dlog_SOLVPN__d_PJM_LMP,dlog_SOLVPN,d_PJM_LMP,0.06516177620647379,0.13646455139478705,-0.07130277518831327,2,2024-07-17,2025-04-15,145.0
2025-03-03,dlog_SOLVPN__d_PJM_LMP,dlog_SOLVPN,d_PJM_LMP,0.06228063895071136,0.13712599750585894,-0.07484535855514757,2,2024-07-17,2025-04-15,145.0
2025-03-04,dlog_SOLVPN__d_PJM_LMP,dlog_SOLVPN,d_PJM_LMP,0.07849283735614548,0.09394204547295755,-0.015449208116812066,2,2024-07-17,2025-04-15,145.0
2025-03-05,dlog_SOLVPN__d_PJM_LMP,dlog_SOLVPN,d_PJM_LMP,0.07414271322544237,0.09370515311445288,-0.019562439889010505,2,2024-07-17,2025-04-15,145.0
2025-03-06,dlog_SOLVPN__d_PJM_LMP,dlog_SOLVPN,d_PJM_LMP,0.10231040126420425,0.07296219917142205,0.029348202092782202,2,2024-07-17,2025-04-15,145.0
2025-03-10,dlog_SOLVPN__d_PJM_LMP,dlog_SOLVPN,d_PJM_LMP,0.08628253849634758,0.0528709768497014,0.03341156164664618,2,2024-07-17,2025-04-15,145.0
2025-03-11,dlog_SOLVPN__d_PJM_LMP,dlog_SOLVPN,d_PJM_LMP,0.09515023574529527,0.06313667765837469,0.03201355808692058,2,2024-07-17,2025-04-15,145.0
2025-03-12,dlog_SOLVPN__d_PJM_LMP,dlog_SOLVPN,d_PJM_LMP,0.09935118759901648,0.06541105104669089,0.0339401365523256,2,2024-07-17,2025-04-15,145.0
2025-03-13,dlog_SOLVPN__d_PJM_LMP,dlog_SOLVPN,d_PJM_LMP,0.10205529268499104,0.059236614545618176,0.042818678139372866,2,2024-07-17,2025-04-15,145.0
2025-03-17,dlog_SOLVPN__d_PJM_LMP,dlog_SOLVPN,d_PJM_LMP,0.07727775760507222,0.0560553356824113,0.021222421922660918,2,2024-07-17,2025-04-15,145.0
2025-03-18,dlog_SOLVPN__d_PJM_LMP,dlog_SOLVPN,d_PJM_LMP,0.05463730868343509,0.05051350627101815,0.004123802412416937,2,2024-07-17,2025-04-15,145.0
2025-03-19,dlog_SOLVPN__d_PJM_LMP,dlog_SOLVPN,d_PJM_LMP,0.04770032502076576,0.03447718717706097,0.01322313784370479,2,2024-07-17,2025-04-15,145.0
2025-03-20,dlog_SOLVPN__d_PJM_LMP,dlog_SOLVPN,d_PJM_LMP,0.047103249196656635,0.043381441242992536,0.0037218079536640997,2,2024-07-17,2025-04-15,145.0
2025-03-24,dlog_SOLVPN__d_PJM_LMP,dlog_SOLVPN,d_PJM_LMP,0.04092631639595758,0.027138023992232953,0.013788292403724624,2,2024-07-17,2025-04-15,145.0
2025-03-25,dlog_SOLVPN__d_PJM_LMP,dlog_SOLVPN,d_PJM_LMP,0.042089401792534044,0.03739051989050753,0.004698881902026511,2,2024-07-17,2025-04-15,145.0
2025-03-26,dlog_SOLVPN__d_PJM_LMP,dlog_SOLVPN,d_PJM_LMP,0.04378934843987946,0.02702366552066557,0.01676568291921389,2,2024-07-17,2025-04-15,145.0
2025-03-27,dlog_SOLVPN__d_PJM_LMP,dlog_SOLVPN,d_PJM_LMP,0.04582261618564071,0.025931035858393743,0.019891580327246965,2,2024-07-17,2025-04-15,145.0
2025-03-31,dlog_SOLVPN__d_PJM_LMP,dlog_SOLVPN,d_PJM_LMP,0.049191013440526565,0.03617845820539517,0.013012555235131396,2,2024-07-17,2025-04-15,145.0
2025-04-01,dlog_SOLVPN__d_PJM_LMP,dlog_SOLVPN,d_PJM_LMP,0.05082540286432851,0.03460280597545807,0.01622259688887044,2,2024-07-17,2025-04-15,145.0
2025-04-02,dlog_SOLVPN__d_PJM_LMP,dlog_SOLVPN,d_PJM_LMP,0.05297893599306849,0.037212600789757064,0.01576633520331143,2,2024-07-17,2025-04-15,145.0
2025-04-03,dlog_SOLVPN__d_PJM_LMP,dlog_SOLVPN,d_PJM_LMP,0.05846678371427085,0.0314656611364623,0.027001122577808553,2,2024-07-17,2025-04-15,145.0
2025-04-07,dlog_SOLVPN__d_PJM_LMP,dlog_SOLVPN,d_PJM_LMP,0.14615798579305872,0.07167651597395155,0.07448146981910717,2,2024-07-17,2025-04-15,145.0
2025-04-08,dlog_SOLVPN__d_PJM_LMP,dlog_SOLVPN,d_PJM_LMP,0.1361939878936012,0.08217677508246728,0.05401721281113393,2,2024-07-17,2025-04-15,145.0
2025-04-09,dlog_SOLVPN__d_PJM_LMP,dlog_SOLVPN,d_PJM_LMP,0.13932221995176436,0.032609360304338676,0.10671285964742569,2,2024-07-17,2025-04-15,145.0
2025-04-10,dlog_SOLVPN__d_PJM_LMP,dlog_SOLVPN,d_PJM_LMP,0.09129979173213612,0.04529903047533835,0.04600076125679777,2,2024-07-17,2025-04-15,145.0
2025-04-14,dlog_SOLVPN__d_PJM_LMP,dlog_SOLVPN,d_PJM_LMP,0.11274926710303979,0.04453088588990146,0.06821838121313833,2,2024-07-17,2025-04-15,145.0
2025-04-15,dlog_SOLVPN__d_PJM_LMP,dlog_SOLVPN,d_PJM_LMP,0.10488226440295521,0.04538802823650683,0.05949423616644838,2,2024-07-17,2025-04-15,145.0
2025-04-16,dlog_SOLVPN__d_PJM_LMP,dlog_SOLVPN,d_PJM_LMP,0.10236563471505711,0.0499518001374406,0.05241383457761651,3,2025-04-16,2026-01-06,141.0
2025-04-21,dlog_SOLVPN__d_PJM_LMP,dlog_SOLVPN,d_PJM_LMP,0.10241444658024042,0.05226794205270666,0.050146504527533754,3,2025-04-16,2026-01-06,141.0
2025-04-22,dlog_SOLVPN__d_PJM_LMP,dlog_SOLVPN,d_PJM_LMP,0.09311419806030169,0.05256624316200093,0.04054795489830076,3,2025-04-16,2026-01-06,141.0
2025-04-23,dlog_SOLVPN__d_PJM_LMP,dlog_SOLVPN,d_PJM_LMP,0.08879162661665557,0.054601883548964086,0.034189743067691486,3,2025-04-16,2026-01-06,141.0
2025-04-24,dlog_SOLVPN__d_PJM_LMP,dlog_SOLVPN,d_PJM_LMP,0.08933151430191971,0.053140390935379124,0.03619112336654059,3,2025-04-16,2026-01-06,141.0
2025-04-28,dlog_SOLVPN__d_PJM_LMP,dlog_SOLVPN,d_PJM_LMP,0.08798715028202156,0.05525390151346522,0.032733248768556336,3,2025-04-16,2026-01-06,141.0
2025-04-29,dlog_SOLVPN__d_PJM_LMP,dlog_SOLVPN,d_PJM_LMP,0.07583189179676221,0.059307426737864606,0.016524465058897604,3,2025-04-16,2026-01-06,141.0
2025-04-30,dlog_SOLVPN__d_PJM_LMP,dlog_SOLVPN,d_PJM_LMP,0.07807445721175811,0.058879210978372114,0.019195246233385997,3,2025-04-16,2026-01-06,141.0
2025-05-01,dlog_SOLVPN__d_PJM_LMP,dlog_SOLVPN,d_PJM_LMP,0.08109766136360506,0.06631621201682984,0.014781449346775222,3,2025-04-16,2026-01-06,141.0
2025-05-05,dlog_SOLVPN__d_PJM_LMP,dlog_SOLVPN,d_PJM_LMP,0.07568087427336681,0.05231330182871111,0.023367572444655697,3,2025-04-16,2026-01-06,141.0
2025-05-06,dlog_SOLVPN__d_PJM_LMP,dlog_SOLVPN,d_PJM_LMP,0.08099401092907782,0.07540706070034273,0.005586950228735094,3,2025-04-16,2026-01-06,141.0
2025-05-07,dlog_SOLVPN__d_PJM_LMP,dlog_SOLVPN,d_PJM_LMP,0.08347300858411734,0.07631341202064584,0.007159596563471496,3,2025-04-16,2026-01-06,141.0
2025-05-08,dlog_SOLVPN__d_PJM_LMP,dlog_SOLVPN,d_PJM_LMP,0.08441356844750318,0.07522160955827178,0.009191958889231397,3,2025-04-16,2026-01-06,141.0
2025-05-12,dlog_SOLVPN__d_PJM_LMP,dlog_SOLVPN,d_PJM_LMP,0.06338886863883911,0.06881684688210726,-0.005427978243268156,3,2025-04-16,2026-01-06,141.0
2025-05-13,dlog_SOLVPN__d_PJM_LMP,dlog_SOLVPN,d_PJM_LMP,0.06280383075746294,0.08705608783159137,-0.024252257074128425,3,2025-04-16,2026-01-06,141.0
2025-05-14,dlog_SOLVPN__d_PJM_LMP,dlog_SOLVPN,d_PJM_LMP,0.06373755670556312,0.08523396392306158,-0.02149640721749846,3,2025-04-16,2026-01-06,141.0
2025-05-15,dlog_SOLVPN__d_PJM_LMP,dlog_SOLVPN,d_PJM_LMP,0.058167564063457196,0.08189453503836804,-0.02372697097491084,3,2025-04-16,2026-01-06,141.0
2025-05-19,dlog_SOLVPN__d_PJM_LMP,dlog_SOLVPN,d_PJM_LMP,0.06247504697290582,0.0773373533140622,-0.014862306341156387,3,2025-04-16,2026-01-06,141.0
2025-05-20,dlog_SOLVPN__d_PJM_LMP,dlog_SOLVPN,d_PJM_LMP,0.06537839808891932,0.0725358020662188,-0.007157403977299484,3,2025-04-16,2026-01-06,141.0
2025-05-21,dlog_SOLVPN__d_PJM_LMP,dlog_SOLVPN,d_PJM_LMP,0.06770022860516005,0.08025366255552652,-0.012553433950366469,3,2025-04-16,2026-01-06,141.0
2025-05-22,dlog_SOLVPN__d_PJM_LMP,dlog_SOLVPN,d_PJM_LMP,0.06469749886288033,0.08310608280608858,-0.018408583943208254,3,2025-04-16,2026-01-06,141.0
2025-05-27,dlog_SOLVPN__d_PJM_LMP,dlog_SOLVPN,d_PJM_LMP,0.07845058665165136,0.07153281755956944,0.006917769092081916,3,2025-04-16,2026-01-06,141.0
2025-05-28,dlog_SOLVPN__d_PJM_LMP,dlog_SOLVPN,d_PJM_LMP,0.07614525876724171,0.0884580485461293,-0.012312789778887598,3,2025-04-16,2026-01-06,141.0
2025-05-29,dlog_SOLVPN__d_PJM_LMP,dlog_SOLVPN,d_PJM_LMP,0.07234606333297451,0.07431472228393961,-0.0019686589509650965,3,2025-04-16,2026-01-06,141.0
2025-06-02,dlog_SOLVPN__d_PJM_LMP,dlog_SOLVPN,d_PJM_LMP,0.06402451120019684,0.046053499749374546,0.01797101145082229,3,2025-04-16,2026-01-06,141.0
2025-06-03,dlog_SOLVPN__d_PJM_LMP,dlog_SOLVPN,d_PJM_LMP,0.034071470441994815,0.04820584113594727,-0.014134370693952451,3,2025-04-16,2026-01-06,141.0
2025-06-04,dlog_SOLVPN__d_PJM_LMP,dlog_SOLVPN,d_PJM_LMP,0.0209829739785125,0.030288296774137594,-0.009305322795625095,3,2025-04-16,2026-01-06,141.0
2025-06-05,dlog_SOLVPN__d_PJM_LMP,dlog_SOLVPN,d_PJM_LMP,0.02696049429279419,0.02400584314608757,0.002954651146706618,3,2025-04-16,2026-01-06,141.0
2025-06-09,dlog_SOLVPN__d_PJM_LMP,dlog_SOLVPN,d_PJM_LMP,0.03708017352630431,0.02397345081963475,0.013106722706669557,3,2025-04-16,2026-01-06,141.0
2025-06-10,dlog_SOLVPN__d_PJM_LMP,dlog_SOLVPN,d_PJM_LMP,0.03588272985940856,0.020922209307888056,0.014960520551520504,3,2025-04-16,2026-01-06,141.0
2025-06-11,dlog_SOLVPN__d_PJM_LMP,dlog_SOLVPN,d_PJM_LMP,0.047774330390338814,0.02237596363341588,0.025398366756922933,3,2025-04-16,2026-01-06,141.0
2025-06-12,dlog_SOLVPN__d_PJM_LMP,dlog_SOLVPN,d_PJM_LMP,0.04831241039361133,0.020242137170845137,0.028070273222766194,3,2025-04-16,2026-01-06,141.0
2025-06-16,dlog_SOLVPN__d_PJM_LMP,dlog_SOLVPN,d_PJM_LMP,0.036396107412563244,0.006907026987304273,0.02948908042525897,3,2025-04-16,2026-01-06,141.0
2025-06-17,dlog_SOLVPN__d_PJM_LMP,dlog_SOLVPN,d_PJM_LMP,0.09105970354936993,0.01145656654549402,0.07960313700387592,3,2025-04-16,2026-01-06,141.0
2025-06-18,dlog_SOLVPN__d_PJM_LMP,dlog_SOLVPN,d_PJM_LMP,0.08498763217672116,0.013089436066802957,0.0718981961099182,3,2025-04-16,2026-01-06,141.0
2025-06-23,dlog_SOLVPN__d_PJM_LMP,dlog_SOLVPN,d_PJM_LMP,0.041229116614231724,0.021299052132815015,0.01993006448141671,3,2025-04-16,2026-01-06,141.0
2025-06-24,dlog_SOLVPN__d_PJM_LMP,dlog_SOLVPN,d_PJM_LMP,0.03518704792427016,0.1429505825990702,-0.10776353467480004,3,2025-04-16,2026-01-06,141.0
2025-06-25,dlog_SOLVPN__d_PJM_LMP,dlog_SOLVPN,d_PJM_LMP,0.1898548463612439,0.10913928256043331,0.08071556380081057,3,2025-04-16,2026-01-06,141.0
2025-06-26,dlog_SOLVPN__d_PJM_LMP,dlog_SOLVPN,d_PJM_LMP,0.16223384012133957,0.10642618600971535,0.05580765411162422,3,2025-04-16,2026-01-06,141.0
2025-06-30,dlog_SOLVPN__d_PJM_LMP,dlog_SOLVPN,d_PJM_LMP,0.17211571119846142,0.10528390006032905,0.06683181113813237,3,2025-04-16,2026-01-06,141.0
2025-07-01,dlog_SOLVPN__d_PJM_LMP,dlog_SOLVPN,d_PJM_LMP,0.16940684557099464,0.10616329675838342,0.06324354881261122,3,2025-04-16,2026-01-06,141.0
2025-07-02,dlog_SOLVPN__d_PJM_LMP,dlog_SOLVPN,d_PJM_LMP,0.1608797737147033,0.10053432734126265,0.06034544637344065,3,2025-04-16,2026-01-06,141.0
2025-07-03,dlog_SOLVPN__d_PJM_LMP,dlog_SOLVPN,d_PJM_LMP,0.17074111926975288,0.10076443966680174,0.06997667960295115,3,2025-04-16,2026-01-06,141.0
2025-07-07,dlog_SOLVPN__d_PJM_LMP,dlog_SOLVPN,d_PJM_LMP,0.14355607533600942,0.06442982140253363,0.07912625393347579,3,2025-04-16,2026-01-06,141.0
2025-07-08,dlog_SOLVPN__d_PJM_LMP,dlog_SOLVPN,d_PJM_LMP,0.1510160086571926,0.036427097559959994,0.11458891109723263,3,2025-04-16,2026-01-06,141.0
2025-07-09,dlog_SOLVPN__d_PJM_LMP,dlog_SOLVPN,d_PJM_LMP,0.13064617853193916,0.09489561969995576,0.0357505588319834,3,2025-04-16,2026-01-06,141.0
2025-07-10,dlog_SOLVPN__d_PJM_LMP,dlog_SOLVPN,d_PJM_LMP,0.1278264805254732,0.09540284065243812,0.03242363987303509,3,2025-04-16,2026-01-06,141.0
2025-07-14,dlog_SOLVPN__d_PJM_LMP,dlog_SOLVPN,d_PJM_LMP,0.1353911101658295,0.0999159165512287,0.0354751936146008,3,2025-04-16,2026-01-06,141.0
2025-07-15,dlog_SOLVPN__d_PJM_LMP,dlog_SOLVPN,d_PJM_LMP,0.12968344846678137,0.09278394169033917,0.0368995067764422,3,2025-04-16,2026-01-06,141.0
2025-07-16,dlog_SOLVPN__d_PJM_LMP,dlog_SOLVPN,d_PJM_LMP,0.12878968037034272,0.10808507762325179,0.020704602747090933,3,2025-04-16,2026-01-06,141.0
2025-07-17,dlog_SOLVPN__d_PJM_LMP,dlog_SOLVPN,d_PJM_LMP,0.11709970031371526,0.10773312406659302,0.00936657624712224,3,2025-04-16,2026-01-06,141.0
2025-07-21,dlog_SOLVPN__d_PJM_LMP,dlog_SOLVPN,d_PJM_LMP,0.11311007192638632,0.08805954154091422,0.0250505303854721,3,2025-04-16,2026-01-06,141.0
2025-07-22,dlog_SOLVPN__d_PJM_LMP,dlog_SOLVPN,d_PJM_LMP,0.09669594909039243,0.1328956987189599,-0.036199749628567465,3,2025-04-16,2026-01-06,141.0
2025-07-23,dlog_SOLVPN__d_PJM_LMP,dlog_SOLVPN,d_PJM_LMP,0.10717628318955134,0.13533424458116922,-0.028157961391617872,3,2025-04-16,2026-01-06,141.0
2025-07-24,dlog_SOLVPN__d_PJM_LMP,dlog_SOLVPN,d_PJM_LMP,0.11090774269907817,0.14790114825380044,-0.03699340555472226,3,2025-04-16,2026-01-06,141.0
2025-07-28,dlog_SOLVPN__d_PJM_LMP,dlog_SOLVPN,d_PJM_LMP,0.0572404064260402,0.09561634006453985,-0.03837593363849966,3,2025-04-16,2026-01-06,141.0
2025-07-29,dlog_SOLVPN__d_PJM_LMP,dlog_SOLVPN,d_PJM_LMP,0.05950220189744286,0.08430317706988594,-0.024800975172443077,3,2025-04-16,2026-01-06,141.0
2025-07-30,dlog_SOLVPN__d_PJM_LMP,dlog_SOLVPN,d_PJM_LMP,0.06836149766924449,0.12509031227925552,-0.05672881461001103,3,2025-04-16,2026-01-06,141.0
2025-07-31,dlog_SOLVPN__d_PJM_LMP,dlog_SOLVPN,d_PJM_LMP,0.08416517325310492,0.08650141635655018,-0.002336243103445254,3,2025-04-16,2026-01-06,141.0
2025-08-04,dlog_SOLVPN__d_PJM_LMP,dlog_SOLVPN,d_PJM_LMP,0.08131209686923035,0.09055918151642975,-0.009247084647199394,3,2025-04-16,2026-01-06,141.0
2025-08-05,dlog_SOLVPN__d_PJM_LMP,dlog_SOLVPN,d_PJM_LMP,0.08896581584103883,0.07627086496490194,0.012694950876136882,3,2025-04-16,2026-01-06,141.0
2025-08-06,dlog_SOLVPN__d_PJM_LMP,dlog_SOLVPN,d_PJM_LMP,0.08540198742920554,0.0760029455023454,0.009399041926860141,3,2025-04-16,2026-01-06,141.0
2025-08-07,dlog_SOLVPN__d_PJM_LMP,dlog_SOLVPN,d_PJM_LMP,0.08890516304193438,0.07560178257758927,0.013303380464345108,3,2025-04-16,2026-01-06,141.0
2025-08-11,dlog_SOLVPN__d_PJM_LMP,dlog_SOLVPN,d_PJM_LMP,0.08995514841813484,0.07590740240790943,0.014047746010225418,3,2025-04-16,2026-01-06,141.0
2025-08-12,dlog_SOLVPN__d_PJM_LMP,dlog_SOLVPN,d_PJM_LMP,0.09455742428251857,0.06573385757695628,0.028823566705562284,3,2025-04-16,2026-01-06,141.0
2025-08-13,dlog_SOLVPN__d_PJM_LMP,dlog_SOLVPN,d_PJM_LMP,0.06949566074139255,0.058605884300744246,0.0108897764406483,3,2025-04-16,2026-01-06,141.0
2025-08-14,dlog_SOLVPN__d_PJM_LMP,dlog_SOLVPN,d_PJM_LMP,0.08069991644816855,0.047503375029505295,0.03319654141866326,3,2025-04-16,2026-01-06,141.0
2025-08-18,dlog_SOLVPN__d_PJM_LMP,dlog_SOLVPN,d_PJM_LMP,0.07656905017027077,0.046419802342696256,0.030149247827574513,3,2025-04-16,2026-01-06,141.0
2025-08-19,dlog_SOLVPN__d_PJM_LMP,dlog_SOLVPN,d_PJM_LMP,0.07644516116161446,0.05423590521715787,0.022209255944456587,3,2025-04-16,2026-01-06,141.0
2025-08-20,dlog_SOLVPN__d_PJM_LMP,dlog_SOLVPN,d_PJM_LMP,0.08156883815771787,0.047704305461814596,0.033864532695903275,3,2025-04-16,2026-01-06,141.0
2025-08-21,dlog_SOLVPN__d_PJM_LMP,dlog_SOLVPN,d_PJM_LMP,0.07687012525572509,0.04517394542121036,0.03169617983451473,3,2025-04-16,2026-01-06,141.0
2025-08-25,dlog_SOLVPN__d_PJM_LMP,dlog_SOLVPN,d_PJM_LMP,0.0894018303411698,0.03495910539880333,0.054442724942366474,3,2025-04-16,2026-01-06,141.0
2025-08-26,dlog_SOLVPN__d_PJM_LMP,dlog_SOLVPN,d_PJM_LMP,0.08250949329470232,0.03992875176697035,0.042580741527731975,3,2025-04-16,2026-01-06,141.0
2025-08-27,dlog_SOLVPN__d_PJM_LMP,dlog_SOLVPN,d_PJM_LMP,0.07878476299582073,0.04189268245577105,0.03689208054004967,3,2025-04-16,2026-01-06,141.0
2025-08-28,dlog_SOLVPN__d_PJM_LMP,dlog_SOLVPN,d_PJM_LMP,0.07689998056854248,0.03823827242178004,0.038661708146762445,3,2025-04-16,2026-01-06,141.0
2025-09-02,dlog_SOLVPN__d_PJM_LMP,dlog_SOLVPN,d_PJM_LMP,0.07662976538670588,0.04230060404078642,0.03432916134591946,3,2025-04-16,2026-01-06,141.0
2025-09-03,dlog_SOLVPN__d_PJM_LMP,dlog_SOLVPN,d_PJM_LMP,0.034685146843960256,0.05373831157877842,-0.019053164734818162,3,2025-04-16,2026-01-06,141.0
2025-09-04,dlog_SOLVPN__d_PJM_LMP,dlog_SOLVPN,d_PJM_LMP,0.03474498359825068,0.055633171188845795,-0.020888187590595117,3,2025-04-16,2026-01-06,141.0
2025-09-08,dlog_SOLVPN__d_PJM_LMP,dlog_SOLVPN,d_PJM_LMP,0.034379844890142786,0.06296416968305664,-0.028584324792913854,3,2025-04-16,2026-01-06,141.0
2025-09-09,dlog_SOLVPN__d_PJM_LMP,dlog_SOLVPN,d_PJM_LMP,0.04016058983575292,0.06569689907773481,-0.025536309241981886,3,2025-04-16,2026-01-06,141.0
2025-09-10,dlog_SOLVPN__d_PJM_LMP,dlog_SOLVPN,d_PJM_LMP,0.024437091582874278,0.0701115072837743,-0.04567441570090002,3,2025-04-16,2026-01-06,141.0
2025-09-11,dlog_SOLVPN__d_PJM_LMP,dlog_SOLVPN,d_PJM_LMP,0.035028403812510274,0.04687967479956689,-0.011851270987056614,3,2025-04-16,2026-01-06,141.0
2025-09-15,dlog_SOLVPN__d_PJM_LMP,dlog_SOLVPN,d_PJM_LMP,0.07306739301850633,0.0479501585096096,0.025117234508896732,3,2025-04-16,2026-01-06,141.0
2025-09-16,dlog_SOLVPN__d_PJM_LMP,dlog_SOLVPN,d_PJM_LMP,0.06914569366634389,0.014749889913196259,0.054395803753147634,3,2025-04-16,2026-01-06,141.0
2025-09-17,dlog_SOLVPN__d_PJM_LMP,dlog_SOLVPN,d_PJM_LMP,0.06344614498994433,0.01613621660603821,0.047309928383906116,3,2025-04-16,2026-01-06,141.0
2025-09-18,dlog_SOLVPN__d_PJM_LMP,dlog_SOLVPN,d_PJM_LMP,0.053576372649465555,0.014970106111911012,0.03860626653755454,3,2025-04-16,2026-01-06,141.0
2025-09-22,dlog_SOLVPN__d_PJM_LMP,dlog_SOLVPN,d_PJM_LMP,0.07972168797252685,0.031540686853056055,0.048181001119470795,3,2025-04-16,2026-01-06,141.0
2025-09-23,dlog_SOLVPN__d_PJM_LMP,dlog_SOLVPN,d_PJM_LMP,0.07805359764832612,0.023964190216845153,0.05408940743148097,3,2025-04-16,2026-01-06,141.0
2025-09-24,dlog_SOLVPN__d_PJM_LMP,dlog_SOLVPN,d_PJM_LMP,0.08503590160599125,0.030770027257671525,0.054265874348319726,3,2025-04-16,2026-01-06,141.0
2025-09-25,dlog_SOLVPN__d_PJM_LMP,dlog_SOLVPN,d_PJM_LMP,0.08231002353232839,0.027281614132616233,0.05502840939971215,3,2025-04-16,2026-01-06,141.0
2025-09-29,dlog_SOLVPN__d_PJM_LMP,dlog_SOLVPN,d_PJM_LMP,0.07147933846982163,0.040516186735450585,0.030963151734371044,3,2025-04-16,2026-01-06,141.0
2025-09-30,dlog_SOLVPN__d_PJM_LMP,dlog_SOLVPN,d_PJM_LMP,0.09568147195702237,0.08850110158882615,0.007180370368196215,3,2025-04-16,2026-01-06,141.0
2025-10-01,dlog_SOLVPN__d_PJM_LMP,dlog_SOLVPN,d_PJM_LMP,0.04246303228552839,0.08433266578096586,-0.04186963349543747,3,2025-04-16,2026-01-06,141.0
2025-10-02,dlog_SOLVPN__d_PJM_LMP,dlog_SOLVPN,d_PJM_LMP,0.04743723765772755,0.02395551640923342,0.023481721248494132,3,2025-04-16,2026-01-06,141.0
2025-10-06,dlog_SOLVPN__d_PJM_LMP,dlog_SOLVPN,d_PJM_LMP,0.09985558124369093,0.028618786208295183,0.07123679503539575,3,2025-04-16,2026-01-06,141.0
2025-10-07,dlog_SOLVPN__d_PJM_LMP,dlog_SOLVPN,d_PJM_LMP,0.09454066915676211,0.05054597467658233,0.04399469448017978,3,2025-04-16,2026-01-06,141.0
2025-10-08,dlog_SOLVPN__d_PJM_LMP,dlog_SOLVPN,d_PJM_LMP,0.08576393097673315,0.12128873027131697,-0.03552479929458381,3,2025-04-16,2026-01-06,141.0
2025-10-09,dlog_SOLVPN__d_PJM_LMP,dlog_SOLVPN,d_PJM_LMP,0.07250525726216193,0.06293758500580346,0.009567672256358475,3,2025-04-16,2026-01-06,141.0
2025-10-14,dlog_SOLVPN__d_PJM_LMP,dlog_SOLVPN,d_PJM_LMP,0.058439784034647384,0.053367721988648094,0.00507206204599929,3,2025-04-16,2026-01-06,141.0
2025-10-15,dlog_SOLVPN__d_PJM_LMP,dlog_SOLVPN,d_PJM_LMP,0.03662620658287607,0.12049171446259058,-0.0838655078797145,3,2025-04-16,2026-01-06,141.0
2025-10-16,dlog_SOLVPN__d_PJM_LMP,dlog_SOLVPN,d_PJM_LMP,0.014550497344045286,0.03605110951204417,-0.02150061216799888,3,2025-04-16,2026-01-06,141.0
2025-10-20,dlog_SOLVPN__d_PJM_LMP,dlog_SOLVPN,d_PJM_LMP,0.03736422200795012,0.07213130123313906,-0.034767079225188936,3,2025-04-16,2026-01-06,141.0
2025-10-21,dlog_SOLVPN__d_PJM_LMP,dlog_SOLVPN,d_PJM_LMP,0.045417106994859444,0.07143357830537314,-0.026016471310513697,3,2025-04-16,2026-01-06,141.0
2025-10-22,dlog_SOLVPN__d_PJM_LMP,dlog_SOLVPN,d_PJM_LMP,0.024666466760080157,0.056815872740797566,-0.03214940598071741,3,2025-04-16,2026-01-06,141.0
2025-10-23,dlog_SOLVPN__d_PJM_LMP,dlog_SOLVPN,d_PJM_LMP,0.034628059632545956,0.0623434621890204,-0.027715402556474443,3,2025-04-16,2026-01-06,141.0
2025-10-27,dlog_SOLVPN__d_PJM_LMP,dlog_SOLVPN,d_PJM_LMP,0.047075532651833556,0.036990699134867126,0.01008483351696643,3,2025-04-16,2026-01-06,141.0
2025-10-28,dlog_SOLVPN__d_PJM_LMP,dlog_SOLVPN,d_PJM_LMP,0.04476819835586342,0.03642748054828691,0.00834071780757651,3,2025-04-16,2026-01-06,141.0
2025-10-29,dlog_SOLVPN__d_PJM_LMP,dlog_SOLVPN,d_PJM_LMP,0.044401478307644564,0.03314569775533083,0.011255780552313736,3,2025-04-16,2026-01-06,141.0
2025-10-30,dlog_SOLVPN__d_PJM_LMP,dlog_SOLVPN,d_PJM_LMP,0.04738341533176022,0.038088407135820505,0.009295008195939716,3,2025-04-16,2026-01-06,141.0
2025-11-03,dlog_SOLVPN__d_PJM_LMP,dlog_SOLVPN,d_PJM_LMP,0.04985865614515682,0.033868560618470135,0.015990095526686683,3,2025-04-16,2026-01-06,141.0
2025-11-04,dlog_SOLVPN__d_PJM_LMP,dlog_SOLVPN,d_PJM_LMP,0.04786054195203475,0.03804394608211526,0.009816595869919488,3,2025-04-16,2026-01-06,141.0
2025-11-05,dlog_SOLVPN__d_PJM_LMP,dlog_SOLVPN,d_PJM_LMP,0.04705573131791974,0.045313892822229494,0.0017418384956902483,3,2025-04-16,2026-01-06,141.0
2025-11-06,dlog_SOLVPN__d_PJM_LMP,dlog_SOLVPN,d_PJM_LMP,0.047210437453208215,0.03688853284529091,0.010321904607917307,3,2025-04-16,2026-01-06,141.0
2025-11-10,dlog_SOLVPN__d_PJM_LMP,dlog_SOLVPN,d_PJM_LMP,0.05738273840136448,0.04088109282666026,0.016501645574704217,3,2025-04-16,2026-01-06,141.0
2025-11-12,dlog_SOLVPN__d_PJM_LMP,dlog_SOLVPN,d_PJM_LMP,0.11600100630555307,0.045093392991059224,0.07090761331449386,3,2025-04-16,2026-01-06,141.0
2025-11-13,dlog_SOLVPN__d_PJM_LMP,dlog_SOLVPN,d_PJM_LMP,0.09163128101586666,0.07567804930407457,0.015953231711792096,3,2025-04-16,2026-01-06,141.0
2025-11-17,dlog_SOLVPN__d_PJM_LMP,dlog_SOLVPN,d_PJM_LMP,0.06118473528145211,0.11220741829226093,-0.05102268301080882,3,2025-04-16,2026-01-06,141.0
2025-11-18,dlog_SOLVPN__d_PJM_LMP,dlog_SOLVPN,d_PJM_LMP,0.059634896518845376,0.028268088798285674,0.031366807720559706,3,2025-04-16,2026-01-06,141.0
2025-11-19,dlog_SOLVPN__d_PJM_LMP,dlog_SOLVPN,d_PJM_LMP,0.06190217789932338,0.038446217752453604,0.023455960146869778,3,2025-04-16,2026-01-06,141.0
2025-11-20,dlog_SOLVPN__d_PJM_LMP,dlog_SOLVPN,d_PJM_LMP,0.06125193419787205,0.035354748161711885,0.025897186036160168,3,2025-04-16,2026-01-06,141.0
2025-11-24,dlog_SOLVPN__d_PJM_LMP,dlog_SOLVPN,d_PJM_LMP,0.043925353868053615,0.04648247849301631,-0.0025571246249626936,3,2025-04-16,2026-01-06,141.0
2025-11-25,dlog_SOLVPN__d_PJM_LMP,dlog_SOLVPN,d_PJM_LMP,0.05074962936523666,0.05267307290426308,-0.0019234435390264246,3,2025-04-16,2026-01-06,141.0
2025-11-26,dlog_SOLVPN__d_PJM_LMP,dlog_SOLVPN,d_PJM_LMP,0.03810302161185522,0.030748746244484763,0.007354275367370457,3,2025-04-16,2026-01-06,141.0
2025-12-01,dlog_SOLVPN__d_PJM_LMP,dlog_SOLVPN,d_PJM_LMP,0.0129510904205919,0.03225150832656656,-0.019300417905974657,3,2025-04-16,2026-01-06,141.0
2025-12-02,dlog_SOLVPN__d_PJM_LMP,dlog_SOLVPN,d_PJM_LMP,0.008901908864342148,0.019668350231971093,-0.010766441367628945,3,2025-04-16,2026-01-06,141.0
2025-12-03,dlog_SOLVPN__d_PJM_LMP,dlog_SOLVPN,d_PJM_LMP,0.005209315014878409,0.022087658924337096,-0.016878343909458686,3,2025-04-16,2026-01-06,141.0
2025-12-04,dlog_SOLVPN__d_PJM_LMP,dlog_SOLVPN,d_PJM_LMP,0.006471460518872624,0.022085853156247313,-0.015614392637374689,3,2025-04-16,2026-01-06,141.0
2025-12-08,dlog_SOLVPN__d_PJM_LMP,dlog_SOLVPN,d_PJM_LMP,0.02593928859272607,0.0306982473643252,-0.004758958771599129,3,2025-04-16,2026-01-06,141.0
2025-12-09,dlog_SOLVPN__d_PJM_LMP,dlog_SOLVPN,d_PJM_LMP,0.02766863263449602,0.01988058521548963,0.007788047419006391,3,2025-04-16,2026-01-06,141.0
2025-12-10,dlog_SOLVPN__d_PJM_LMP,dlog_SOLVPN,d_PJM_LMP,0.038070923663237076,0.043066912319741316,-0.00499598865650424,3,2025-04-16,2026-01-06,141.0
2025-12-11,dlog_SOLVPN__d_PJM_LMP,dlog_SOLVPN,d_PJM_LMP,0.06782726325927009,0.0441676505123132,0.02365961274695689,3,2025-04-16,2026-01-06,141.0
2025-12-15,dlog_SOLVPN__d_PJM_LMP,dlog_SOLVPN,d_PJM_LMP,0.03341449755746298,0.01384632620773797,0.019568171349725008,3,2025-04-16,2026-01-06,141.0
2025-12-16,dlog_SOLVPN__d_PJM_LMP,dlog_SOLVPN,d_PJM_LMP,0.05514022128672134,0.040032959495388494,0.015107261791332843,3,2025-04-16,2026-01-06,141.0
2025-12-17,dlog_SOLVPN__d_PJM_LMP,dlog_SOLVPN,d_PJM_LMP,0.06523261940432444,0.044899799076935726,0.020332820327388715,3,2025-04-16,2026-01-06,141.0
2025-12-18,dlog_SOLVPN__d_PJM_LMP,dlog_SOLVPN,d_PJM_LMP,0.13251386138643378,0.01850592732080774,0.11400793406562604,3,2025-04-16,2026-01-06,141.0
2025-12-22,dlog_SOLVPN__d_PJM_LMP,dlog_SOLVPN,d_PJM_LMP,0.1556043553148749,0.03347923989490899,0.12212511541996592,3,2025-04-16,2026-01-06,141.0
2025-12-23,dlog_SOLVPN__d_PJM_LMP,dlog_SOLVPN,d_PJM_LMP,0.12057028642207405,0.04288732197436561,0.07768296444770845,3,2025-04-16,2026-01-06,141.0
2025-12-29,dlog_SOLVPN__d_PJM_LMP,dlog_SOLVPN,d_PJM_LMP,0.08094261596693651,0.09208874798934408,-0.011146132022407565,3,2025-04-16,2026-01-06,141.0
2025-12-30,dlog_SOLVPN__d_PJM_LMP,dlog_SOLVPN,d_PJM_LMP,0.08475865124510065,0.040054176303394785,0.04470447494170587,3,2025-04-16,2026-01-06,141.0
2026-01-05,dlog_SOLVPN__d_PJM_LMP,dlog_SOLVPN,d_PJM_LMP,0.08502908953003326,0.05553925645452411,0.029489833075509148,3,2025-04-16,2026-01-06,141.0
2026-01-06,dlog_SOLVPN__d_PJM_LMP,dlog_SOLVPN,d_PJM_LMP,0.12079836476432394,0.025803081839839054,0.09499528292448489,3,2025-04-16,2026-01-06,141.0
