variable,mean,std,min,max,skewness,kurtosis,n_obs
dlog_SOLVPN,6.858520615444983e-18,1.0004829751549396,-4.023294281326903,5.671648382772752,0.005074455861810616,1.670855476173684,1036
dlog_COPPER,-1.7146301538612456e-17,1.0004829751549396,-14.427254591763242,7.114385627501357,-2.6401762280792633,43.60990993937123,1036
dlog_GOLD,-2.0575561846334946e-17,1.0004829751549396,-5.404464506510527,3.859780935851784,-0.35877782737475905,2.6212743073287355,1036
dlog_SILVER,1.0287780923167473e-17,1.0004829751549396,-4.88210082731024,5.628866220747284,0.11291996201364328,3.343707865411832,1036
dlog_DXY,-3.086334276950242e-17,1.0004829751549396,-4.833299447770728,3.5491243557146475,-0.2772798284219382,1.348628097244828,1036
d_UST10Y,2.2290192000196192e-17,1.0004829751549396,-4.7312932450963485,3.899812790505751,-0.10112504338880457,1.0644594006329884,1036
d_VIX,1.993257553863698e-17,1.0004829751549396,-10.280153817550802,8.303569837730159,0.36359897101915795,22.45647193546276,1036
