Variable,TO_Mean,TO_Std,FROM_Mean,FROM_Std,NET_Mean,NET_Std
dlog_SOLVPN,40.55516675268019,12.174281130728446,37.15480378416917,8.925694016155889,3.4003629685110175,4.580948712872235
dlog_COPPER,21.64397467526703,7.902247321913277,25.663485670838412,7.897513592694019,-4.019510995571385,5.388476101298472
dlog_DXY,33.39497039849294,16.18043424118639,32.79778853911727,11.112633299125719,0.5971818593756621,6.249951275559796
d_UST10Y,20.95991126708683,10.83252451409961,22.352204381863526,10.804725146774079,-1.3922931147766948,2.545257312195955
dlog_VIX,35.718852637490116,10.407766294680941,34.30459335502871,6.720728275103355,1.414259282461404,5.557314028335457
