Response,dlog_SOLVPN,dlog_COPPER,dlog_DXY,d_UST10Y,dlog_VIX
dlog_SOLVPN,0.6284519621583083,0.05034759512181701,0.06827341218400336,0.05192686754946932,0.20100016298640197
dlog_COPPER,0.06257380201639445,0.7433651432916158,0.10561212495379557,0.022599533977861068,0.06584939576033305
dlog_DXY,0.07694840949336487,0.09079558688666513,0.6720221146088272,0.10536069402816535,0.05487319498297739
d_UST10Y,0.05980512120998831,0.017874785538944043,0.1103763644245142,0.7764779561813647,0.03546577264518872
dlog_VIX,0.2062243348070542,0.05742177920524411,0.0496878024226162,0.029712017115372583,0.6569540664497129
