Total_Mean,Total_Std,Total_Min,Total_Max,Stable_Ratio
30.454575146203418,6.2743509402306925,19.156439345474023,46.31595580928821,1.0
