Variable,TO,FROM,NET
dlog_SOLVPN,20.070797690612885,18.445866880611916,1.6249308100009685
dlog_COPPER,9.471769076874603,21.859273115536404,-12.3875040386618
dlog_DXY,18.04747716739158,2.1583024161480724,15.889174751243509
d_UST10Y,2.9423576910692306,6.389068530802922,-3.446710839733691
dlog_VIX,21.87791907237038,23.55780975521936,-1.6798906828489812
