,dlog_SOLVPN,dlog_COPPER,dlog_DXY,d_UST10Y,dlog_VIX
dlog_SOLVPN,0.8155413311938811,0.02877702030820979,0.0012799052974953133,0.0005366714467540509,0.15386507175366
dlog_COPPER,0.02695451290144086,0.781407268844636,0.13898877888549463,0.0050348735966896955,0.047614565771738795
dlog_DXY,0.0014239211634427221,0.0029431450889011016,0.9784169758385192,0.015356900794946228,0.001859057114190707
d_UST10Y,0.006701247820381428,0.011477785885021935,0.030271155518511582,0.9361093146919708,0.01544049608411432
dlog_VIX,0.1656282950208638,0.051519739486613134,0.009934931972414292,0.008495131072302415,0.7644219024478064
