window,threshold,num_events
0,1.4255621920704422,52
3,1.1423411265232364,52
5,1.0376519324002382,52
