dataset,variable,n_obs,regression,autolag,adf_stat,p_value,used_lag,n_used_for_regression,crit_1%,crit_5%,crit_10%,is_stationary_5pct,status
transformed,dlog_SOLVPN,1036,c,AIC,-30.360984177922923,0.0,0,1035,-3.4366839058058387,-2.8643365489845647,-2.5682589990431515,True,ok
transformed,dlog_COPPER,1036,c,AIC,-33.10609666929683,0.0,0,1035,-3.4366839058058387,-2.8643365489845647,-2.5682589990431515,True,ok
transformed,dlog_GOLD,1036,c,AIC,-33.586020407908926,0.0,0,1035,-3.4366839058058387,-2.8643365489845647,-2.5682589990431515,True,ok
transformed,dlog_SILVER,1036,c,AIC,-34.86426838174922,0.0,0,1035,-3.4366839058058387,-2.8643365489845647,-2.5682589990431515,True,ok
transformed,dlog_DXY,1036,c,AIC,-24.851221812222615,0.0,1,1034,-3.4366900467481667,-2.8643392574735627,-2.568260441619371,True,ok
transformed,d_UST10Y,1036,c,AIC,-32.04297911940462,0.0,0,1035,-3.4366839058058387,-2.8643365489845647,-2.5682589990431515,True,ok
transformed,d_VIX,1036,c,AIC,-17.610739039761402,3.880747940303756e-30,4,1031,-3.4367085412302205,-2.8643474145110512,-2.568264786168072,True,ok
