dataset,variable,n_obs,regression,autolag,adf_stat,p_value,used_lag,n_used_for_regression,crit_1%,crit_5%,crit_10%,is_stationary_5pct,status
raw_level,SOLVPN,1344,c,AIC,0.3091926368409916,0.9777623302874059,1,1342,-3.4352321552179914,-2.863696093312285,-2.567917908453473,False,ok
raw_level,COPPER,1341,c,AIC,-1.489865610004072,0.5385185871054332,17,1323,-3.4353024060562674,-2.863727092349239,-2.5679344166325304,False,ok
raw_level,GOLD,1124,c,AIC,5.067485643511972,1.0,13,1110,-3.4362549432361504,-2.8641473395601595,-2.568158225793361,False,ok
raw_level,SILVER,1041,c,AIC,5.222035890795351,1.0,10,1030,-3.436714730058834,-2.8643501440982058,-2.5682662399849185,False,ok
raw_level,DXY,1338,c,AIC,-1.6690297652165726,0.44713573464251216,2,1335,-3.4352578040092436,-2.863707411237363,-2.5679239356703,False,ok
raw_level,UST10Y,1337,c,AIC,-1.867421905350307,0.347538593371848,0,1336,-3.43525412340878,-2.8637057871215243,-2.5679230707671485,False,ok
raw_level,VIX,1335,c,AIC,-5.202269385950818,8.698771918112979e-06,4,1330,-3.4352762901939395,-2.863715568491867,-2.567928279721861,True,ok
