dataset,variable,n_obs,regression,autolag,adf_stat,p_value,used_lag,n_used_for_regression,crit_1%,crit_5%,crit_10%,is_stationary_5pct,status
raw_level,SOLVPN,1037,c,AIC,-0.06400566407679706,0.952907772391688,1,1035,-3.4366839058058387,-2.8643365489845647,-2.5682589990431515,False,ok
raw_level,COPPER,1037,c,AIC,-1.4233491688412774,0.5710324678743617,14,1022,-3.4367646777960137,-2.8643721733775553,-2.568277973123571,False,ok
raw_level,GOLD,1037,c,AIC,4.657542148881994,1.0,13,1023,-3.4367583914990565,-2.8643694008477407,-2.568276496427715,False,ok
raw_level,SILVER,1037,c,AIC,5.2076484514630765,1.0,10,1026,-3.4367396063176874,-2.8643611157329905,-2.5682720836420705,False,ok
raw_level,DXY,1037,c,AIC,-1.6322103635496081,0.46633393359330416,2,1034,-3.4366900467481667,-2.8643392574735627,-2.568260441619371,False,ok
raw_level,UST10Y,1037,c,AIC,-1.8758110017658167,0.3435245237156692,0,1036,-3.436677776748241,-2.8643338457318848,-2.5682575592567196,False,ok
raw_level,VIX,1037,c,AIC,-5.504397700794975,2.03721873578044e-06,2,1034,-3.4366900467481667,-2.8643392574735627,-2.568260441619371,True,ok
