Window,N_events,Mean_delta_raw_SOLVPN_to_COPPER,Median_delta_raw_SOLVPN_to_COPPER,Mean_delta_raw_COPPER_to_SOLVPN,Median_delta_raw_COPPER_to_SOLVPN,Mean_delta_pairwise_net,Median_delta_pairwise_net,Mean_delta_SOLVPN_to_ALL,Median_delta_SOLVPN_to_ALL,N_DC_driven,N_Copper_driven,N_Coupled,N_Weak_Neutral
5,4,4.788399951807152,4.906811958414501,-1.059329732000735,-1.3017843176547448,5.847729683807884,6.208596276069245,18.490922954174724,6.156621837257752,3,0,0,1
10,4,3.8454444361106783,4.926218078531349,-0.5712232580099447,-0.9666455502135727,4.416667694120623,4.251213225289231,8.15046453848939,4.082388618200284,3,0,0,1
20,4,2.5239314033714564,2.4298185877701064,1.1995942110613047,1.6215349775639964,1.3243371923101512,1.2129553502220156,7.972275042440447,6.086230431496965,3,1,0,0
