variable,to_others(%),from_others(%),net(%)
d_UST10Y,2.7793064505184395,2.4322507883376088,0.3470556621808307
dlog_COPPER,3.759265877403204,3.06343440443293,0.6958314729702741
dlog_DXY,5.161762498313783,5.166687812219628,-0.004925313905845385
dlog_SOLVPN,6.521478457408966,7.445523373832839,-0.9240449164238731
dlog_VIX,5.322641179471508,5.436558084292904,-0.11391690482139616
