variable,to_others(%),from_others(%),net(%)
d_UST10Y,2.779306450518333,2.4322507883369093,0.3470556621814236
dlog_COPPER,3.759265877402578,3.063434404432932,0.6958314729696458
dlog_DXY,5.161762498313737,5.166687812219328,-0.004925313905590478
dlog_SOLVPN,6.521478457408949,7.445523373832915,-0.9240449164239664
dlog_VIX,5.322641179471426,5.436558084292942,-0.11391690482151606
