,d_UST10Y,dlog_COPPER,dlog_DXY,dlog_SOLVPN,dlog_VIX
d_UST10Y,0.861034677474078,1.3989505263406785e-05,0.09090497908207194,0.045824237128757155,0.002222116809829416
dlog_COPPER,0.0010666792299058958,0.8120367061298397,0.08808027089895955,0.044318166078082734,0.05449817766321212
dlog_DXY,0.08349807304106971,0.07910081166200761,0.7419118750843108,0.0740268287745363,0.021462411438075594
dlog_SOLVPN,0.037028155721453834,0.03270376337069192,0.06269680547477453,0.6739260771295515,0.19364519830352803
dlog_VIX,1.9631424451018795e-05,0.0413531556836835,0.016652335155175307,0.20810693671026562,0.7338679410264246
