,d_UST10Y,dlog_COPPER,dlog_DXY,dlog_SOLVPN,dlog_VIX
d_UST10Y,0.8610346774740834,1.3989505263128023e-05,0.09090497908206625,0.04582423712875811,0.0022221168098291114
dlog_COPPER,0.0010666792298786002,0.8120367061298711,0.08808027089895183,0.044318166078084385,0.05449817766321403
dlog_DXY,0.08349807304106674,0.07910081166200787,0.7419118750843131,0.07402682877453658,0.021462411438075684
dlog_SOLVPN,0.03702815572145274,0.03270376337069194,0.06269680547477458,0.6739260771295525,0.19364519830352828
dlog_VIX,1.963142444735171e-05,0.041353155683683675,0.016652335155173628,0.20810693671026675,0.7338679410264287
