Response,dlog_SOLVPN,dlog_COPPER,dlog_DXY,d_UST10Y,dlog_VIX
dlog_SOLVPN,0.6518088715043528,0.05921001860465264,0.06991762528563182,0.05104808127641935,0.1680154033289433
dlog_COPPER,0.07125859980020752,0.7287913384853354,0.09436108713488768,0.04319060961786537,0.062398364961704096
dlog_DXY,0.08335362264147954,0.0879104576699765,0.6631390451071358,0.11383378924349681,0.051763085337911276
d_UST10Y,0.055989980534647474,0.05404843652989484,0.10935541422485723,0.7492775703413708,0.031328598369229674
dlog_VIX,0.16069830752923558,0.06258532831160486,0.061669343974638725,0.04642335527283956,0.6686236649116812
