Response,dlog_SOLVPN,dlog_COPPER,dlog_DXY,d_UST10Y,dlog_VIX
dlog_SOLVPN,0.6308199630165098,0.04859817810984366,0.09697753874051777,0.06168893253842175,0.16191538759470703
dlog_COPPER,0.07472611145750614,0.695220026424599,0.11087042780722109,0.0369163519849003,0.08226708232577347
dlog_DXY,0.08877927392151154,0.07388531051980884,0.6711096106640937,0.10586832279580474,0.06035748209878122
d_UST10Y,0.06249083703688477,0.027907250720942373,0.10285148604919157,0.7703420241746655,0.03640840201831574
dlog_VIX,0.1824385997888103,0.046868726944644265,0.05825591607417046,0.035852243859724214,0.6765845133326507
