Response,dlog_SOLVPN,dlog_COPPER,dlog_DXY,d_UST10Y,dlog_VIX
dlog_SOLVPN,0.6357000766837663,0.0424173543668119,0.07591303942487516,0.05055299937939796,0.19541653014514873
dlog_COPPER,0.0545106550189508,0.7631324061233538,0.10568767888069232,0.019729822865826585,0.05693943711117653
dlog_DXY,0.0807288942134581,0.08959381472120238,0.6828469803212337,0.09574796591636203,0.05108234482774385
d_UST10Y,0.06055484253972126,0.01098862698493121,0.1038762330552038,0.7938073473235595,0.030772950096584144
dlog_VIX,0.21009265574784755,0.04612240992111716,0.03933308267080294,0.015052976483090804,0.6893988751771415
