Variable,TO_mean,FROM_mean
SOLVPN,58.91902887944948,54.29009291930547
COPPER,49.856590928868556,51.335666397863
GOLD,65.0096787057447,58.934269954244016
SILVER,64.35747693311147,57.881031684804796
DXY,49.83696631144495,53.793084319886354
UST10Y,35.69033947813965,45.984719137201935
VIX,44.74109612322721,46.19231294668043
