Variable,TO_mean,FROM_mean
SOLVPN,85.71437047077782,85.71427158786517
COPPER,85.71436181743721,85.71427302758009
GOLD,85.71436670317954,85.71427221305134
SILVER,85.7142965604591,85.71428390521916
DXY,85.7143621076823,85.71427298291584
UST10Y,85.71436731931982,85.71427211061584
VIX,85.7138750040646,85.71435415567296
