Variable,TO_mean,FROM_mean
SOLVPN,59.54918049281439,54.30948069024137
COPPER,50.160653951436586,51.48585538460398
GOLD,64.96497114627343,59.04608542708463
SILVER,64.31186148516099,58.0321753750661
DXY,49.88179471645319,53.96893693945972
UST10Y,35.6651266804009,46.15631996334282
VIX,44.79383510373682,46.328569796477694
