dataset,variable,n_obs,regression,autolag,adf_stat,p_value,used_lag,n_used_for_regression,crit_1%,crit_5%,crit_10%,is_stationary_5pct,status
raw_level,SOLVPN,1033,c,AIC,-0.07194103170877965,0.9521625858774149,1,1031,-3.4367085412302205,-2.8643474145110512,-2.568264786168072,False,ok
raw_level,COPPER,1033,c,AIC,-1.4251202735941868,0.5701756684484423,14,1018,-3.4367899468008916,-2.8643833180472744,-2.5682839089705536,False,ok
raw_level,GOLD,1033,c,AIC,3.6316106087403983,1.0,22,1010,-3.436841086801818,-2.8644058726042196,-2.5682959219684345,False,ok
raw_level,SILVER,1033,c,AIC,4.857974634245187,1.0,15,1017,-3.4367962951894597,-2.8643861179328973,-2.5682854002411317,False,ok
raw_level,DXY,1033,c,AIC,-1.629348567818284,0.4678317173376089,2,1030,-3.436714730058834,-2.8643501440982058,-2.5682662399849185,False,ok
raw_level,UST10Y,1033,c,AIC,-1.869950680821308,0.3463265730670757,0,1032,-3.4367023644255537,-2.864344690221488,-2.5682633351736674,False,ok
raw_level,VIX,1033,c,AIC,-5.222169472397263,7.92058435845461e-06,3,1029,-3.436720930946538,-2.8643528789984187,-2.56826769663245,True,ok
raw_level,OIL,1033,c,AIC,-2.3851430189413323,0.14597366303586973,9,1023,-3.4367583914990565,-2.8643694008477407,-2.568276496427715,False,ok
raw_level,GAS,1033,c,AIC,-2.968688290741637,0.03792379888566015,7,1025,-3.43674585579594,-2.8643638720413227,-2.5682735516954196,True,ok
