dataset,variable,n_obs,regression,autolag,adf_stat,p_value,used_lag,n_used_for_regression,crit_1%,crit_5%,crit_10%,is_stationary_5pct,status
transformed_scaled,dlog_SOLVPN,1032,c,AIC,-30.45604842731996,0.0,0,1031,-3.4367085412302205,-2.8643474145110512,-2.568264786168072,True,ok
transformed_scaled,dlog_COPPER,1032,c,AIC,-32.90208011205449,0.0,0,1031,-3.4367085412302205,-2.8643474145110512,-2.568264786168072,True,ok
transformed_scaled,dlog_GOLD,1032,c,AIC,-6.075812650874555,1.1223363396742987e-07,21,1010,-3.436841086801818,-2.8644058726042196,-2.5682959219684345,True,ok
transformed_scaled,dlog_SILVER,1032,c,AIC,-34.93632955100125,0.0,0,1031,-3.4367085412302205,-2.8643474145110512,-2.568264786168072,True,ok
transformed_scaled,dlog_DXY,1032,c,AIC,-24.907034710118193,0.0,1,1030,-3.436714730058834,-2.8643501440982058,-2.5682662399849185,True,ok
transformed_scaled,dlog_OIL,1032,c,AIC,-16.12886535308337,4.809266747389023e-29,4,1027,-3.4367333690404767,-2.8643583648001925,-2.568270618452702,True,ok
transformed_scaled,dlog_GAS,1032,c,AIC,-16.696020420827594,1.4747652203894914e-29,4,1027,-3.4367333690404767,-2.8643583648001925,-2.568270618452702,True,ok
transformed_scaled,d_UST10Y,1032,c,AIC,-32.018579302565634,0.0,0,1031,-3.4367085412302205,-2.8643474145110512,-2.568264786168072,True,ok
transformed_scaled,d_VIX,1032,c,AIC,-17.42356510209184,4.810763672413997e-30,4,1027,-3.4367333690404767,-2.8643583648001925,-2.568270618452702,True,ok
