,dlog_SOLVPN,dlog_COPPER,dlog_DXY,d_UST10Y,dlog_VIX
dlog_SOLVPN,0.9943329745748568,4.1304800004207034e-05,0.0001781083137334259,0.0027749573383973737,0.0026726549730085114
dlog_COPPER,0.05367585234765875,0.9376926548900603,0.001371234678134283,5.640748954542031e-05,0.007203850594601418
dlog_DXY,0.09784388088188838,0.07030634510429273,0.8212946217834421,0.006938270109905237,0.0036168821204714662
d_UST10Y,0.05287671576728272,0.003068179594515546,0.0867547586391556,0.856810712730925,0.0004896332681210318
dlog_VIX,0.28318822385737075,0.015240152330127833,0.0029866838502600034,0.011607404210375217,0.6869775357518666
