,dlog_SOLVPN,dlog_COPPER,dlog_DXY,d_UST10Y,dlog_VIX
dlog_SOLVPN,0.0,5.363454754765449,9.766577256815491,5.010175842888541,28.05155688843622
dlog_COPPER,-5.363454754765449,0.0,6.893511042615851,0.30117721049700796,0.8036301735526399
dlog_DXY,-9.766577256815491,-6.893511042615851,0.0,7.98164885292504,-0.06301982702113999
d_UST10Y,-5.010175842888541,-0.30117721049700796,-7.98164885292504,0.0,1.1117770942254201
dlog_VIX,-28.05155688843622,-0.8036301735526399,0.06301982702113999,-1.1117770942254201,0.0
