,OWN_%,FROM_%,TO_%,NET_%
dlog_SOLVPN,99.43329745748568,0.5667025425143407,48.75846728542004,48.1917647429057
dlog_COPPER,93.76926548900603,6.230734510993972,8.865598182894022,2.6348636719000504
dlog_DXY,82.12946217834421,17.87053782165576,9.129078548128321,-8.741459273527438
d_UST10Y,85.6810712730925,14.31892872690748,2.1377039148223123,-12.181224812085167
dlog_VIX,68.69775357518665,31.302246424813372,1.3983020956202301,-29.90394432919314
TOTAL_SPILLOVER_INDEX_%,,,,14.057830005376987
