,dlog_SOLVPN,dlog_COPPER,dlog_DXY,d_UST10Y,dlog_VIX
dlog_SOLVPN,0.0,4.130480000420704e-05,0.0001781083137334,0.0027749573383973,0.0026726549730085
dlog_COPPER,0.0536758523476587,0.0,0.0013712346781342,5.640748954542031e-05,0.0072038505946014
dlog_DXY,0.0978438808818883,0.0703063451042927,0.0,0.0069382701099052,0.0036168821204714
d_UST10Y,0.0528767157672827,0.0030681795945155,0.0867547586391556,0.0,0.000489633268121
dlog_VIX,0.2831882238573707,0.0152401523301278,0.00298668385026,0.0116074042103752,0.0
