,dlog_SOLVPN,dlog_COPPER,dlog_GOLD,dlog_SILVER,dlog_DXY,d_UST10Y,d_VIX
dlog_SOLVPN,0.45690519309758626,0.0858296355674531,0.08419954208724804,0.08332383312474209,0.07407358778163353,0.07181535757527474,0.14385285076606205
dlog_COPPER,0.09033366908914636,0.48514144615396015,0.09579905352535718,0.12182662821450377,0.0925789470518892,0.04570644571566702,0.06861381024947627
dlog_GOLD,0.0771120778233969,0.08229135621389207,0.4095391457291539,0.23021875985219065,0.09115669007133795,0.060530710021149334,0.049151260288879214
dlog_SILVER,0.06876182882635441,0.10952518234983309,0.23123036085694576,0.41967824624933975,0.08257248956593354,0.04061063234982837,0.047621259801765674
dlog_DXY,0.0911433516748129,0.0973461069934676,0.10375363519049186,0.09068302051059121,0.46031063060540306,0.08473671616477813,0.07202653886045537
d_UST10Y,0.09995858833537938,0.05779140543108154,0.08121254638508033,0.05985534136888404,0.09607268704227345,0.5384368003665719,0.06667263107072943
d_VIX,0.168182289179054,0.06882285295863846,0.05345457341761063,0.057211031780698085,0.06236354565146437,0.053251404977311324,0.5367143020352223
