,dlog_SOLVPN,dlog_COPPER,dlog_GOLD,dlog_SILVER,dlog_DXY,d_UST10Y,d_VIX
dlog_SOLVPN,0.14285728412134827,0.14285726969049814,0.1428572778279972,0.14285716091682257,0.1428572701975655,0.14285727886355726,0.14285645838221064
dlog_COPPER,0.14285728412277912,0.1428572697241991,0.14285727784792338,0.14285716095405732,0.14285727020668734,0.14285727887352548,0.14285645827082782
dlog_GOLD,0.14285728411938214,0.14285726969867021,0.1428572778694866,0.14285716093676243,0.14285727018013322,0.14285727887339192,0.14285645832217378
dlog_SILVER,0.14285728411095794,0.14285726969115478,0.14285727782986163,0.14285716094780843,0.1428572701547592,0.14285727886147603,0.1428564584039818
dlog_DXY,0.14285728411100326,0.14285726969233165,0.14285727783348465,0.14285716093927792,0.14285727017084146,0.14285727886092103,0.14285645839214015
d_UST10Y,0.14285728413309629,0.1428572697126887,0.14285727785671698,0.14285716094195655,0.14285727019238795,0.14285727889384167,0.142856458269312
d_VIX,0.14285728411055967,0.142857269689028,0.14285727783581173,0.14285716091571413,0.14285727014528962,0.1428572788603262,0.14285645844327055
