,dlog_SOLVPN,dlog_COPPER,dlog_GOLD,dlog_SILVER,dlog_DXY,d_UST10Y,d_VIX
dlog_SOLVPN,0.6971338298095214,0.1484639669598994,0.014107394396512546,0.02206790414794504,0.01636620846446077,0.004766232324757035,0.09709446389690368
dlog_COPPER,0.08816801930720952,0.5434167325174505,0.24039816752352688,0.04858578721143802,0.03994366309564637,0.01897729202416474,0.020510338320564127
dlog_GOLD,0.08673522329187268,0.2620701970187503,0.4922281161201905,0.01912431106139051,0.10734527217055884,0.007161422337647356,0.02533545799958984
dlog_SILVER,0.02660673701100213,0.2123787548210773,0.1685520527348773,0.4475209057426076,0.08865436287629384,0.03930305871167612,0.016984128102465825
dlog_DXY,0.002530105469588322,0.05133649309910978,0.09210020495230353,0.06247588432015049,0.6376416484069666,0.11129912918906039,0.042616534562820906
d_UST10Y,0.09816049238340238,0.09588836143708347,0.02750975249881948,0.0812720618393899,0.08448819337714832,0.6032496936076637,0.009431444856492832
d_VIX,0.12310928310949813,0.04251947604286062,0.02802537799981842,0.01984688887915892,0.018919612689456477,0.040343166839085905,0.7272361944401216
