,dlog_SOLVPN,dlog_COPPER,dlog_GOLD,dlog_SILVER,dlog_DXY,d_UST10Y,d_VIX
dlog_SOLVPN,0.4570990708069446,0.08525296178905269,0.08432556325827148,0.08327413092435602,0.07391803091963331,0.07194234809554358,0.1441878942061975
dlog_COPPER,0.08875883892085462,0.4866433360213695,0.0958268319507241,0.12204952458541345,0.09249105224755955,0.04570966406244373,0.06852075221163444
dlog_GOLD,0.07610046436009457,0.08207928013169172,0.41065730045755966,0.23055810796025822,0.09114126969277642,0.06059854739784239,0.04886502999977695
dlog_SILVER,0.06779069007813295,0.10909337232829898,0.23146527920933802,0.421189683151952,0.0824068152302434,0.04055779287329153,0.04749636712874305
dlog_DXY,0.08997179727731983,0.09668036298907678,0.10385614447105788,0.09070206930011247,0.46206915680113647,0.08489271101220122,0.0718277581490954
d_UST10Y,0.09901143766360135,0.05705378386873072,0.08129054190584818,0.05982314607796917,0.09615512231904531,0.5401528086279795,0.06651315953682473
d_VIX,0.1675570604944912,0.06840614818183473,0.053332426262207216,0.05716779048300549,0.06225737270519159,0.053202331340074085,0.5380768705331952
