,dlog_SOLVPN,dlog_COPPER,dlog_GOLD,dlog_SILVER,dlog_DXY,d_UST10Y,d_VIX
dlog_SOLVPN,0.6971338307282787,0.14846396763444403,0.014107394652043614,0.022067904032701112,0.016366208245018606,0.00476623288272745,0.09709446182478644
dlog_COPPER,0.08816801955439331,0.5434167336521778,0.2403981667289431,0.04858578704011772,0.03994366310895286,0.018977291614358287,0.02051033830105692
dlog_GOLD,0.08673522359908643,0.26207019654017094,0.4922281168289599,0.01912431105010296,0.10734527221812815,0.0071614221332466435,0.02533545763030508
dlog_SILVER,0.02660673697584907,0.21237875460052216,0.16855205256802036,0.44752090650397947,0.08865436271859134,0.039303058658440984,0.016984127974596697
dlog_DXY,0.0025301054437591726,0.051336492836090764,0.09210020381416507,0.06247588357860657,0.6376416535839117,0.11129912567431816,0.04261653506914875
d_UST10Y,0.09816049074377434,0.09588836000010309,0.027509751984197316,0.08127206049113722,0.08448819029632652,0.6032497018756819,0.009431444608779727
d_VIX,0.12310928043873388,0.04251947569154935,0.028025377448804525,0.019846888470295882,0.018919612194242527,0.040343168164466314,0.7272361975919076
