,dlog_SOLVPN,dlog_COPPER,dlog_GOLD,dlog_SILVER,dlog_DXY,d_UST10Y,d_VIX
dlog_SOLVPN,0.1428571549597912,0.14285715496424528,0.14285715496208906,0.14285715496396986,0.1428571549465188,0.1428570714321731,0.14285715377121275
dlog_COPPER,0.1428571549590937,0.14285715496373316,0.14285715496168047,0.14285715496350157,0.1428571549459502,0.14285707143370086,0.14285715377234012
dlog_GOLD,0.14285715495962645,0.14285715496406806,0.1428571549621078,0.14285715496390677,0.1428571549457031,0.14285707143357468,0.14285715377101307
dlog_SILVER,0.14285715495082557,0.14285715495489643,0.14285715495285717,0.1428571549547199,0.14285715493593312,0.14285707148504095,0.14285715376572689
dlog_DXY,0.1428571549503606,0.14285715495431678,0.1428571549521089,0.14285715495404813,0.14285715493534457,0.14285707148493626,0.14285715376888475
d_UST10Y,0.14285715494657567,0.14285715495048418,0.14285715494826473,0.14285715495020504,0.14285715493121637,0.14285707150552662,0.14285715376772745
d_VIX,0.14285715496299253,0.14285715496707713,0.14285715496499984,0.14285715496688822,0.1428571549479812,0.14285707140953927,0.1428571537805217
