,SOLVPN,COPPER,GOLD,SILVER,DXY,UST10Y,VIX
SOLVPN,0.0,0.35058771318019183,-0.8225098898176667,-1.5483440846223027,1.6053766357686554,2.706908956805772,2.336916628829353
COPPER,-0.35058771318019183,0.0,-1.3747551819032433,-1.2956152257114721,0.418931074151732,1.1344119806286996,-0.011460402979966873
GOLD,0.8225098898176667,1.3747551819032433,0.0,0.09071712490801087,1.2714874778281646,2.069199450800577,0.44673962624302876
SILVER,1.5483440846223027,1.2956152257114721,-0.09071712490801087,0.0,0.8295254069869137,1.9265353204677589,0.9671423354262404
DXY,-1.6053766357686554,-0.418931074151732,-1.2714874778281646,-0.8295254069869137,0.0,1.1262411306844144,-0.9570385443903704
UST10Y,-2.706908956805772,-1.1344119806286996,-2.069199450800577,-1.9265353204677589,-1.1262411306844144,0.0,-1.3310828196750684
VIX,-2.336916628829353,0.011460402979966873,-0.44673962624302876,-0.9671423354262404,0.9570385443903704,1.3310828196750684,0.0
