,dlog_SOLVPN,dlog_COPPER,dlog_DXY,d_UST10Y,dlog_VIX
dlog_SOLVPN,0.06166266266153673,0.002043046997921797,0.0071771440633996925,-0.012987540088034391,-0.010116533512029546
dlog_COPPER,0.03590291423792854,-0.07568002288845879,-0.1575171402356756,-0.004749991401956342,-0.02294331854467087
dlog_DXY,-0.016821748549306396,0.0046546855162902315,-0.050052236301363975,0.007148898880913265,0.004224283340173468
d_UST10Y,-0.23482118466783483,0.12047070917780978,0.6383129303976918,-0.03683163555366531,0.021375857494328798
dlog_VIX,0.17524263721282143,-0.02594618011918065,-0.4758110040957064,0.018842708216138565,-0.043547704226163546
