,dlog_SOLVPN,dlog_COPPER,dlog_DXY,d_UST10Y,dlog_VIX
dlog_SOLVPN,0.00015166281671250546,4.605279395426725e-05,-1.6485241120621037e-05,-0.00016758618954895293,-0.0004992299848892201
dlog_COPPER,4.605279395426725e-05,0.00029014716201957943,-2.4550857109803796e-05,3.360494697941711e-06,-0.0003083933858715149
dlog_DXY,-1.6485241120621037e-05,-2.4550857109803796e-05,1.9493239631935048e-05,8.691724814419772e-05,4.945435453376631e-05
d_UST10Y,-0.00016758618954895293,3.360494697941711e-06,8.691724814419772e-05,0.003731325217622678,-1.0043469186558891e-05
dlog_VIX,-0.0004992299848892201,-0.0003083933858715149,4.945435453376631e-05,-1.0043469186558891e-05,0.0058355906446348315
