Variable,FROM_mean,TO_mean,NET_mean,TCI_mean
SOLVPN,54.29009291930547,58.91902887944948,4.628935960144003,
COPPER,51.335666397863,49.856590928868556,-1.4790754689944419,
GOLD,58.934269954244016,65.0096787057447,6.075408751500689,
SILVER,57.881031684804796,64.35747693311147,6.476445248306679,
DXY,53.793084319886354,49.83696631144495,-3.9561180084414183,
UST10Y,45.984719137201935,35.69033947813965,-10.29437965906229,
VIX,46.19231294668043,44.74109612322721,-1.451216823453216,
SYSTEM,,,,52.63016819428371
