Variable,FROM_mean,TO_mean,NET_mean,TCI_mean
SOLVPN,54.30948069024137,59.54918049281439,5.2396998025730195,
COPPER,51.48585538460398,50.160653951436586,-1.3252014331673931,
GOLD,59.04608542708463,64.96497114627343,5.918885719188796,
SILVER,58.0321753750661,64.31186148516099,6.2796861100948975,
DXY,53.96893693945972,49.88179471645319,-4.08714222300653,
UST10Y,46.15631996334282,35.6651266804009,-10.491193282941913,
VIX,46.328569796477694,44.79383510373682,-1.5347346927408696,
SYSTEM,,,,52.76106051089662
