Variable,FROM_mean,TO_mean,NET_mean,TCI_mean
SOLVPN,85.71427158786517,85.71437047077782,9.888291265763018e-05,
COPPER,85.71427302758009,85.71436181743721,8.87898571354984e-05,
GOLD,85.71427221305134,85.71436670317954,9.449012818847508e-05,
SILVER,85.71428390521916,85.7142965604591,1.2655239935730606e-05,
DXY,85.71427298291584,85.7143621076823,8.912476645064745e-05,
UST10Y,85.71427211061584,85.71436731931982,9.520870399044954e-05,
VIX,85.71435415567296,85.7138750040646,-0.000479151608350118,
SYSTEM,,,,85.71428571184578
