Variable,NET_mean
SILVER,6.476445248306679
GOLD,6.075408751500689
SOLVPN,4.628935960144003
VIX,-1.451216823453216
COPPER,-1.4790754689944419
DXY,-3.9561180084414183
UST10Y,-10.29437965906229
