Variable,NET_mean
dlog_SOLVPN,11.650007755384788
dlog_SILVER,9.843337785645208
d_VIX,6.670980537494048
dlog_DXY,3.939652630347054
dlog_GOLD,3.5884328382575976
d_UST10Y,-3.2743335126254225
dlog_COPPER,-5.757239392028027
dlog_GAS,-5.803882568965387
d_PJM_LMP,-8.474325168915085
dlog_OIL,-12.38263090459477
