Variable,NET_mean
SOLVPN,9.888291265763018e-05
UST10Y,9.520870399044954e-05
GOLD,9.449012818847508e-05
DXY,8.912476645064745e-05
COPPER,8.87898571354984e-05
SILVER,1.2655239935730606e-05
VIX,-0.000479151608350118
