Variable,NET_mean
SILVER,6.2796861100948975
GOLD,5.918885719188796
SOLVPN,5.2396998025730195
COPPER,-1.3252014331673931
VIX,-1.5347346927408696
DXY,-4.08714222300653
UST10Y,-10.491193282941913
