,SOLVPN,COPPER,GOLD,SILVER,DXY,UST10Y,VIX
SOLVPN,0.0,1.4432280885355044e-06,6.291384703623684e-07,1.231941351158947e-05,1.3913437730495563e-06,5.269538934592783e-07,8.257283492003062e-05
COPPER,-1.4432280885355044e-06,0.0,-8.149253116038564e-07,1.08737097773269e-05,-5.143557343062461e-08,-9.160836832991797e-07,8.114182001353623e-05
GOLD,-6.291384703623684e-07,8.149253116038564e-07,0.0,1.1689309918733637e-05,7.653351391228357e-07,-1.016675046672834e-07,8.195136379301194e-05
SILVER,-1.231941351158947e-05,-1.08737097773269e-05,-1.1689309918733637e-05,0.0,-1.0921548139323808e-05,-1.1791951968024664e-05,7.025117325012035e-05
DXY,-1.3913437730495563e-06,5.143557343062461e-08,-7.653351391228357e-07,1.0921548139323808e-05,0.0,-8.668533089917004e-07,8.117531495811048e-05
UST10Y,-5.269538934592783e-07,9.160836832991797e-07,1.016675046672834e-07,1.1791951968024664e-05,8.668533089917004e-07,0.0,8.20591014170917e-05
VIX,-8.257283492003062e-05,-8.114182001353623e-05,-8.195136379301194e-05,-7.025117325012035e-05,-8.117531495811048e-05,-8.20591014170917e-05,0.0
