,SOLVPN,COPPER,GOLD,SILVER,DXY,UST10Y,VIX
SOLVPN,0.0,0.4504033521693306,-0.7087464263851184,-1.4562004298387525,1.7069763893179224,2.814323076010457,2.432943841299176
COPPER,-0.4504033521693306,0.0,-1.3507697311465354,-1.2301445864670564,0.47671599415784566,1.2084959715414492,0.020904270916231503
GOLD,0.7087464263851184,1.3507697311465354,0.0,0.10116010047551054,1.2596945119153888,2.0681836363931105,0.4303313128731317
SILVER,1.4562004298387525,1.2301445864670564,-0.10116010047551054,0.0,0.8110530944657993,1.9244709019055555,0.9589771978932454
DXY,-1.7069763893179224,-0.47671599415784566,-1.2596945119153888,-0.8110530944657993,0.0,1.1335970877495305,-0.966299320899103
UST10Y,-2.814323076010457,-1.2084959715414492,-2.0681836363931105,-1.9244709019055555,-1.1335970877495305,0.0,-1.342122609341813
VIX,-2.432943841299176,-0.020904270916231503,-0.4303313128731317,-0.9589771978932454,0.966299320899103,1.342122609341813,0.0
