Factor,ExplainedVarianceRatio,CumulativeExplainedVariance
Factor1,0.3947876232085875,0.3947876232085875
Factor2,0.22630669128622916,0.6210943144948167
