Var1,dlog_SOLVPN,dlog_COPPER,dlog_DXY,d_UST10Y,dlog_VIX
dlog_SOLVPN,1.0,0.2317048803261872,-0.28579517666956344,-0.2221744597871023,-0.5267616050471413
dlog_COPPER,0.2317048803261872,1.0,-0.3537568579249671,0.006726398548471904,-0.23282442188649366
dlog_DXY,-0.28579517666956344,-0.3537568579249671,1.0,0.31089139463800214,0.17159191678256963
d_UST10Y,-0.2221744597871023,0.006726398548471904,0.31089139463800214,1.0,0.0038405938470401583
dlog_VIX,-0.5267616050471413,-0.23282442188649366,0.17159191678256963,0.0038405938470401583,1.0
