Var1,dlog_SOLVPN,dlog_COPPER,dlog_DXY,d_UST10Y,dlog_VIX
dlog_SOLVPN,1.5407044787192907,0.4861812710771291,-0.16323914796001782,-1.7124548065817087,-4.85968290116266
dlog_COPPER,0.4861812710771291,3.1958473799229146,-0.26242903704285997,0.03978047279235207,-3.0196867405469097
dlog_DXY,-0.16323914796001782,-0.26242903704285997,0.19760761709522537,0.8534882969308776,0.5229724593075524
d_UST10Y,-1.7124548065817087,0.03978047279235207,0.8534882969308776,37.67775457361287,0.12204706727005053
dlog_VIX,-4.85968290116266,-3.0196867405469097,0.5229724593075524,0.12204706727005057,58.576477871728756
