{
  "dlog_SOLVPN": {
    "params": {
      "Const": 0.052983647887142,
      "dlog...VPN[1]": 0.09690364006741951,
      "omega": 0.02798769980119725,
      "alpha[1]": 0.05318835367544168,
      "beta[1]": 0.9295808449680603
    }
  },
  "dlog_COPPER": {
    "params": {
      "Const": 0.054355105457023066,
      "dlog...PER[1]": 0.004763723165840117,
      "omega": 0.013764283304391755,
      "alpha[1]": 0.040609819922145504,
      "beta[1]": 0.9593901800778668
    }
  },
  "dlog_DXY": {
    "params": {
      "Const": 0.008181772449040904,
      "dlog_DXY[1]": -0.002762792809291346,
      "omega": 0.0016649957172862892,
      "alpha[1]": 0.03818923981721972,
      "beta[1]": 0.9531485086177736
    }
  },
  "d_UST10Y": {
    "params": {
      "Const": 0.22300519587205284,
      "d_UST10Y[1]": -0.01470202975529041,
      "omega": 0.13778556980174417,
      "alpha[1]": 0.034957312801489775,
      "beta[1]": 0.9615973141476675
    }
  },
  "dlog_VIX": {
    "params": {
      "Const": -0.050419650849621384,
      "dlog_VIX[1]": -0.04419820914204432,
      "omega": 15.641081817684102,
      "alpha[1]": 0.20315729080530573,
      "beta[1]": 0.5310427292229813
    }
  }
}